Model;Param Combo;lb;ub;k_C;k_N;k_O;k_d;YX_CO2;YX_O2;YX_C;YX_N;Xmax;mu_max;pH_LL;pH_UL;I_val;t_lag;t_value_k_C;t_value_k_N;t_value_k_O;t_value_k_d;t_value_YX_CO2;t_value_YX_O2;t_value_YX_C;t_value_YX_N;t_value_Xmax;t_value_mu_max;t_value_pH_LL;t_value_pH_UL;t_value_I_val;t_value_t_lag;RMSE_X;NMRSE_X;MAPE_X;RMSE_C;NMRSE_C;MAPE_C;RMSE_N;NMRSE_N;MAPE_N;RMSE_pH;NMRSE_pH;MAPE_pH;RMSE;NMRSE;MAPE;AIC;BIC
Model_iteration_29;['Xmax', 'mu_max'];[1.15, 0.08];[1.2, 0.16];;;;;;;;;1.152807872;0.132614019;;;;;;;;;;;;;6756.096465;12589.21007;;;;;0.090806907;0.092566504;6.880890839;0.249036769;0.093312972;4.281909553;0.045921185;0.362010562;4.294934851;0.039652862;0.049566077;0.53885033;0.135965355;0.019534356;3.999146393;-155.6284133;-152.2506543
Model_iteration_16;['Xmax', 'mu_max'];[1.15, 0.08];[1.2, 0.16];;;;;;;;;1.15305683;0.130982194;;;;;;;;;;;;;6635.624039;12361.94394;;;;;0.090961083;0.092723667;6.827881925;0.248937552;0.093275795;4.334694411;0.04599596;0.362600038;4.302099919;0.04029815;0.050372687;0.549600471;0.135999442;0.019539253;4.003569181;-155.6083599;-152.230601
Model_iteration_20;['Xmax', 'mu_max'];[1.15, 0.08];[1.2, 0.16];;;;;;;;;1.150774835;0.130852678;;;;;;;;;;;;;6617.158398;12317.11881;;;;;0.09026361;0.092012679;6.783473167;0.249247186;0.093391814;4.381873067;0.046075963;0.363230724;4.311011478;0.040280773;0.050350967;0.549315275;0.136030524;0.019543719;4.006418247;-155.590078;-152.2123191
Model_iteration_5;['Xmax', 'pH_UL'];[1.15, 5.5];[1.2, 21.0];;;;;;;;;1.16040046;;;7.256990053;;;;;;;;;;;3582.149015;;;19446.4492;;;0.09338869;0.095198315;7.468649304;0.248336224;0.093050481;4.246917021;0.045629884;0.359714153;4.264487266;0.039538172;0.049422716;0.536984837;0.13604933;0.019546421;4.129259607;-155.579019;-152.2012601
Model_iteration_36;['Xmax', 'mu_max'];[1.15, 0.08];[1.2, 0.16];;;;;;;;;1.15743842;0.130437966;;;;;;;;;;;;;6589.074113;12312.08739;;;;;0.09244631;0.094237674;6.885998525;0.248517332;0.093118341;4.291035452;0.045883491;0.361713415;4.288980582;0.040707323;0.050884154;0.555371483;0.136078622;0.019550629;4.005346511;-155.5617966;-152.1840377
Model_iteration_33;['Xmax', 'mu_max'];[1.15, 0.08];[1.2, 0.16];;;;;;;;;1.155473537;0.13604432;;;;;;;;;;;;;7005.649406;13090.20075;;;;;0.091895233;0.093675919;7.056669617;0.249498873;0.09348612;4.251281334;0.045666854;0.360005598;4.268860266;0.038783463;0.048479329;0.518477445;0.136275493;0.019578914;4.023822166;-155.4461406;-152.0683817
Model_iteration_42;['Xmax'];[1.15];[1.2];;;;;;;;;1.152084339;;;;;;;;;;;;;;11243.81395;;;;;;0.09454907;0.09638118;8.313350625;0.256822389;0.096230209;4.734687176;0.045173743;0.356118251;4.222491286;0.038150994;0.047688742;0.492746987;0.139994135;0.020113177;4.440819019;-155.2923799;-153.6035004
Model_iteration_10;['Xmax'];[1.15];[1.2];;;;;;;;;1.152197655;;;;;;;;;;;;;;11243.74104;;;;;;0.094594156;0.09642714;8.317490835;0.256828522;0.096232507;4.733732542;0.045169976;0.356088561;4.222070639;0.038163125;0.047703906;0.493006603;0.140005085;0.02011475;4.441575155;-155.2861231;-153.5972437
Model_iteration_21;['Xmax', 'mu_max'];[1.15, 0.08];[1.2, 0.16];;;;;;;;;1.155343374;0.137882816;;;;;;;;;;;;;7130.0514;13340.95947;;;;;0.092106874;0.09389166;7.128968645;0.250105391;0.093713379;4.32056906;0.045584207;0.359354069;4.260878985;0.038405505;0.048006882;0.507176372;0.136555195;0.019619099;4.054398265;-155.2821109;-151.904352
Model_iteration_42;['YX_N', 'Xmax', 'pH_UL'];[10.0, 1.15, 5.5];[15.0, 1.2, 21.0];;;;;;;;12.08287455;1.176285581;;;6.820530661;;;;;;;;;;521.9178057;6187.493474;;;130465.8143;;;0.09466412;0.096498459;8.573558839;0.243131151;0.091100163;4.467352964;0.027079864;0.213478744;2.345018798;0.046344034;0.057930042;0.613686334;0.133187031;0.01913519;3.999904234;-155.2800713;-150.2134329
Model_iteration_22;['YX_N', 'Xmax', 'pH_UL'];[10.0, 1.15, 5.5];[15.0, 1.2, 21.0];;;;;;;;14.05905863;1.155982434;;;7.214416509;;;;;;;;;;496.9554392;2610.405694;;;11694.05277;;;0.091830604;0.093610038;7.372067757;0.248125631;0.092971572;4.351667145;0.031400632;0.247540661;2.639255175;0.040554379;0.050692974;0.559153956;0.134749625;0.01935969;3.730536008;-154.3469481;-149.2803097
Model_iteration_2;['Xmax', 'mu_max'];[1.15, 0.08];[1.2, 0.16];;;;;;;;;1.165593487;0.128750407;;;;;;;;;;;;;6626.801392;12282.47397;;;;;0.095521017;0.097371961;6.973508141;0.248278438;0.093028828;4.286639984;0.04571242;0.360364809;4.268210369;0.041891353;0.052364191;0.57085234;0.136575033;0.019621949;4.024802709;-155.27049;-151.8927311
Model_iteration_43;['Xmax'];[1.15];[1.2];;;;;;;;;1.153025879;;;;;;;;;;;;;;11243.20919;;;;;;0.094925918;0.09676533;8.347750371;0.256878297;0.096251157;4.726755228;0.045142454;0.355871592;4.21899615;0.038253019;0.047816273;0.494903371;0.14008794;0.020126654;4.44710128;-155.2387927;-153.5499132
Model_iteration_20;['Xmax'];[1.15];[1.2];;;;;;;;;1.15303937;;;;;;;;;;;;;;11243.20054;;;;;;0.094931355;0.096770872;8.348243235;0.25687918;0.096251488;4.726641579;0.045142006;0.355868058;4.218946072;0.038254501;0.047818126;0.494934256;0.140089331;0.020126854;4.447191286;-155.2379985;-153.549119
Model_iteration_4;['Xmax'];[1.15];[1.2];;;;;;;;;1.153424213;;;;;;;;;;;;;;11242.95406;;;;;;0.095086867;0.096929398;8.362302989;0.25690534;0.09626129;4.726162014;0.04512922;0.355767264;4.217517477;0.038297022;0.047871277;0.49581515;0.14012956;0.020132634;4.450449408;-155.2150286;-153.5261491
Model_iteration_6;['Xmax'];[1.15];[1.2];;;;;;;;;1.155289077;;;;;;;;;;;;;;11233.28435;;;;;;0.095852017;0.097709375;8.430412552;0.257058504;0.09631868;4.730737253;0.045067294;0.355279085;4.210595374;0.038509284;0.048136605;0.500076645;0.140339508;0.020162797;4.467955456;-155.095259;-153.4063796
Model_iteration_13;['Xmax'];[1.15];[1.2];;;;;;;;;1.155836077;;;;;;;;;;;;;;11241.27093;;;;;;0.096080331;0.097942113;8.450401436;0.257111971;0.096338714;4.732086298;0.045049134;0.355135926;4.208564488;0.03857378;0.048217225;0.501327614;0.14040598;0.020172347;4.473094959;-155.0573758;-153.3684964
Model_iteration_50;['Xmax', 'pH_UL'];[1.15, 5.5];[1.2, 21.0];;;;;;;;;1.162279538;;;7.018185883;;;;;;;;;;;8457.682534;;;51169.3347;;;0.094755385;0.096591493;7.611157964;0.248979151;0.093291382;4.627974441;0.04644839;0.36616668;4.351490795;0.046523688;0.058154611;0.626382697;0.137196125;0.019711183;4.304251474;-154.9075045;-151.5297456
Model_iteration_17;['Xmax'];[1.15];[1.2];;;;;;;;;1.159018148;;;;;;;;;;;;;;11239.26328;;;;;;0.097438967;0.099327075;8.566543735;0.257496146;0.096482663;4.739874069;0.044943605;0.35430401;4.196755557;0.038965606;0.048707007;0.508577002;0.140834001;0.020233842;4.502937591;-154.8138703;-153.1249908
Model_iteration_19;['Xmax'];[1.15];[1.2];;;;;;;;;1.159404216;;;;;;;;;;;;;;11239.02161;;;;;;0.097607484;0.099498858;8.580640753;0.257551701;0.096503479;4.740824092;0.044930805;0.354203097;4.195322412;0.039015361;0.048769201;0.509457434;0.140890982;0.020242029;4.506561173;-154.7815091;-153.0926296
Model_iteration_14;['Xmax'];[1.15];[1.2];;;;;;;;;1.159783075;;;;;;;;;;;;;;11238.78484;;;;;;0.097773664;0.099668257;8.594474969;0.257607953;0.096524556;4.741755594;0.044918247;0.354104101;4.193916034;0.039064479;0.048830598;0.510319864;0.140947889;0.020250204;4.510116615;-154.7492034;-153.0603239
Model_iteration_18;['Xmax'];[1.15];[1.2];;;;;;;;;1.159839185;;;;;;;;;;;;;;11238.74982;;;;;;0.097798338;0.09969341;8.596523805;0.257616438;0.096527735;4.741893548;0.044916387;0.35408944;4.193707747;0.039071788;0.048839735;0.510447565;0.140956403;0.020251428;4.510643166;-154.7443707;-153.0554913
Model_iteration_40;['Xmax'];[1.15];[1.2];;;;;;;;;1.163893338;;;;;;;;;;;;;;11236.22479;;;;;;0.099624359;0.101554814;8.744622017;0.258335305;0.096797092;4.751895865;0.044782095;0.353030773;4.178654881;0.03962389;0.049529863;0.51966461;0.141631239;0.020348382;4.548709343;-154.3622808;-152.6734013
Model_iteration_18;['YX_N', 'Xmax'];[10.0, 1.15];[15.0, 1.2];;;;;;;;11.06611292;1.151586807;;;;;;;;;;;;;746.0439371;11240.05667;;;;;;0.094284366;0.096111346;8.280393449;0.256673703;0.096174497;4.734010738;0.024517611;0.193279729;2.089996461;0.038079316;0.047599146;0.490606888;0.138583981;0.019910578;3.898751884;-154.1023022;-150.7245433
Model_iteration_10;['YX_N', 'Xmax'];[10.0, 1.15];[15.0, 1.2];;;;;;;;13.6067401;1.150278705;;;;;;;;;;;;;607.0904888;11241.59334;;;;;;0.093799877;0.095617469;8.238350196;0.256672406;0.096174011;4.746926852;0.029137305;0.229698168;2.407394601;0.037952089;0.047440112;0.48799622;0.138715973;0.019929542;3.970166967;-154.0261438;-150.6483849
Model_iteration_45;['YX_N', 'Xmax'];[10.0, 1.15];[15.0, 1.2];;;;;;;;11.40702631;1.156227001;;;;;;;;;;;;;727.6445204;11237.2828;;;;;;0.096177182;0.098040841;8.45069666;0.257027259;0.096306973;4.728117414;0.024749032;0.195104094;2.123137456;0.038600362;0.048250452;0.501282044;0.139118263;0.019987339;3.950808393;-153.7944713;-150.4167124
Model_iteration_4;['Xmax', 'mu_max'];[1.15, 0.08];[1.2, 0.16];;;;;;;;;1.151848437;0.126592079;;;;;;;;;;;;;6288.735144;11726.6209;;;;;0.091323617;0.093093226;6.703443978;0.249739098;0.093576131;4.516116502;0.046266918;0.364736083;4.329118029;0.042460102;0.053075127;0.57857576;0.136613605;0.019627491;4.031813567;-155.2478994;-151.8701405
Model_iteration_6;['Xmax', 'mu_max'];[1.15, 0.08];[1.2, 0.16];;;;;;;;;1.184366274;0.126467089;;;;;;;;;;;;;6336.207226;11983.36;;;;;0.103596885;0.105604317;7.23312139;0.250452232;0.093843339;4.385041436;0.04524536;0.356682833;4.212894073;0.044499842;0.055624802;0.596362589;0.139181548;0.019996431;4.106854872;-153.7580876;-150.3803287
Model_iteration_5;['YX_N', 'Xmax', 'mu_max'];[10.0, 1.15, 0.08];[15.0, 1.2, 0.16];;;;;;;;13.49365895;1.152968071;0.139078957;;;;;;;;;;;;566.1466072;7193.141444;13466.63118;;;;;0.091432095;0.093203806;7.139974456;0.250579094;0.093890874;4.372694191;0.029530734;0.232799691;2.439882351;0.038058982;0.047573728;0.499488667;0.13552699;0.019471375;3.613009916;-153.8867574;-148.820119
Model_iteration_7;['YX_N', 'Xmax', 'mu_max'];[10.0, 1.15, 0.08];[15.0, 1.2, 0.16];;;;;;;;14.84576292;1.152798236;0.140025498;;;;;;;;;;;;518.8290606;7258.009537;13597.61414;;;;;0.091565733;0.093340034;7.177782623;0.250981412;0.094041621;4.407933698;0.0326834;0.25765311;2.800351094;0.037923335;0.047404169;0.493724453;0.135906527;0.019525904;3.719947967;-153.6630344;-148.5963961
Model_iteration_37;['Xmax', 'mu_max'];[1.15, 0.08];[1.2, 0.16];;;;;;;;;1.160038663;0.143162066;;;;;;;;;;;;;7475.807945;14103.0184;;;;;0.095269211;0.097115275;7.766663801;0.252882399;0.094753912;4.51961145;0.045193067;0.356270593;4.220512135;0.03842251;0.048028137;0.478490411;0.138333323;0.019874566;4.246319449;-154.2471299;-150.869371
Model_iteration_10;['YX_N', 'Xmax', 'mu_max'];[10.0, 1.15, 0.08];[15.0, 1.2, 0.16];;;;;;;;14.98048135;1.162267901;0.126263825;;;;;;;;;;;;457.9243628;6269.562995;11755.92519;;;;;0.094681032;0.096515699;6.863344152;0.24858627;0.093144172;4.402008253;0.033682866;0.265532199;2.883797211;0.042968769;0.053710961;0.586723254;0.135775994;0.01950715;3.683968218;-153.7399085;-148.6732701
Model_iteration_48;['YX_N', 'Xmax', 'pH_UL'];[10.0, 1.15, 5.5];[15.0, 1.2, 21.0];;;;;;;;12.3236406;1.16729214;;;7.280742149;;;;;;;;;;607.6261931;4180.291045;;;25003.91303;;;0.096378654;0.098246216;7.614013684;0.249358614;0.093433565;4.250806891;0.026816073;0.211399197;2.293884379;0.03966169;0.049577113;0.526389824;0.135794619;0.019509826;3.671273695;-153.7289349;-148.6622965
Model_iteration_11;['YX_N', 'Xmax', 'mu_max'];[10.0, 1.15, 0.08];[15.0, 1.2, 0.16];;;;;;;;10.69148327;1.170983434;0.130472564;;;;;;;;;;;;672.6394177;6665.766643;12469.09059;;;;;0.097590332;0.099481374;7.127265541;0.248683676;0.093180669;4.199459007;0.025868336;0.203927905;2.170925709;0.041652666;0.052065833;0.562757258;0.135804602;0.01951126;3.515101879;-153.7230544;-148.656416
Model_iteration_3;['YX_N', 'Xmax'];[10.0, 1.15];[15.0, 1.2];;;;;;;;10.35474273;1.15716261;;;;;;;;;;;;;801.4803614;11236.32933;;;;;;0.096557838;0.098428872;8.481785196;0.257102852;0.096335297;4.729332366;0.024715211;0.19483747;2.02912141;0.038708628;0.048385785;0.503208822;0.139225081;0.020002686;3.935861949;-153.7330697;-150.3553108
Model_iteration_31;['Xmax'];[1.15];[1.2];;;;;;;;;1.164572865;;;;;;;;;;;;;;11235.80776;;;;;;0.099938335;0.101874874;8.769427074;0.258475763;0.096849721;4.753567256;0.04475961;0.352853517;4.17613237;0.039720886;0.049651108;0.521205822;0.141755566;0.020366245;4.55508313;-154.2920855;-152.603206
Model_iteration_32;['Xmax'];[1.15];[1.2];;;;;;;;;1.165577262;;;;;;;;;;;;;;11235.1935;;;;;;0.100406526;0.102352138;8.806088781;0.25869392;0.096931463;4.756037857;0.044726386;0.352591601;4.172403881;0.039866547;0.049833184;0.523482273;0.141945241;0.020393496;4.564503198;-154.1851136;-152.4962342
Model_iteration_36;['Xmax'];[1.15];[1.2];;;;;;;;;1.165631565;;;;;;;;;;;;;;11235.16035;;;;;;0.100431977;0.102378082;8.8080708;0.258706073;0.096936017;4.756171434;0.04472459;0.352577444;4.172202302;0.039874499;0.049843124;0.523605294;0.141955696;0.020394998;4.565012457;-154.1792214;-152.490342
Model_iteration_30;['Xmax'];[1.15];[1.2];;;;;;;;;1.167173299;;;;;;;;;;;;;;11232.94396;;;;;;0.101160437;0.103120658;8.864340718;0.259066399;0.097071029;4.75996427;0.044673616;0.352175606;4.16647911;0.040103547;0.050129434;0.527095782;0.14226108;0.020438873;4.57946997;-154.0073054;-152.3184259
Model_iteration_50;['Xmax'];[1.15];[1.2];;;;;;;;;1.169498335;;;;;;;;;;;;;;11247.87312;;;;;;0.10228002;0.104261935;8.949187675;0.259665463;0.097295496;4.784453006;0.044596801;0.351570048;4.157848134;0.040460667;0.050575834;0.532351077;0.142752667;0.0205095;4.605959973;-153.73134;-152.0424605
Model_iteration_21;['Xmax'];[1.15];[1.2];;;;;;;;;1.170000717;;;;;;;;;;;;;;11232.29791;;;;;;0.102524925;0.104511586;8.967481075;0.259803191;0.097347102;4.791506015;0.044580228;0.3514394;4.155984739;0.040539666;0.050674583;0.533482831;0.142863501;0.020525423;4.612113665;-153.6692515;-151.9803721
Model_iteration_44;['Xmax'];[1.15];[1.2];;;;;;;;;1.170220609;;;;;;;;;;;;;;11275.01135;;;;;;0.102632527;0.104621273;8.975499219;0.259864554;0.097370095;4.79460248;0.044572967;0.351382155;4.155168678;0.040574556;0.050718195;0.533979155;0.142912618;0.02053248;4.614812383;-153.6417517;-151.9528723
Model_iteration_21;['YX_N', 'Xmax'];[10.0, 1.15];[15.0, 1.2];;;;;;;;10.61634811;1.158586176;;;;;;;;;;;;;783.1757478;11230.39384;;;;;;0.097172065;0.099055001;8.534553208;0.257287711;0.096404563;4.733105524;0.024520234;0.19330041;2.025823776;0.038886234;0.048607792;0.506506901;0.139420907;0.020030821;3.949997352;-153.6206251;-150.2428662
Model_iteration_32;['Xmax', 'mu_max'];[1.15, 0.08];[1.2, 0.16];;;;;;;;;1.16647502;0.143840197;;;;;;;;;;;;;7530.236979;14259.47996;;;;;0.098314343;0.100219414;8.082052978;0.254209394;0.095251131;4.557295445;0.044952666;0.354375441;4.193928885;0.039214719;0.049018398;0.478894252;0.139505074;0.020042913;4.32804289;-153.5723446;-150.1945857
Model_iteration_1;['YX_N', 'Xmax'];[10.0, 1.15];[15.0, 1.2];;;;;;;;12.31264268;1.158939483;;;;;;;;;;;;;676.6377264;11235.57676;;;;;;0.097346843;0.099233166;8.551882023;0.257376257;0.096437741;4.735531599;0.026040625;0.205286108;2.213145185;0.038937826;0.048672282;0.507611815;0.139564693;0.020051478;4.002042655;-153.5381631;-150.1604042
Model_iteration_49;['Xmax'];[1.15];[1.2];;;;;;;;;1.171047368;;;;;;;;;;;;;;11232.95804;;;;;;0.103039272;0.1050359;9.005664408;0.260100959;0.097458674;4.806242514;0.044545676;0.351167014;4.152099606;0.040706316;0.050882895;0.535843939;0.143100421;0.020559462;4.624962617;-153.5366922;-151.8478127
Model_iteration_5;['Xmax', 'mu_max'];[1.15, 0.08];[1.2, 0.16];;;;;;;;;1.166912692;0.14386237;;;;;;;;;;;;;7532.516649;14267.00866;;;;;0.098521771;0.100430861;8.100481757;0.254305242;0.095287045;4.559027677;0.044937382;0.354254947;4.192223186;0.039273211;0.049091513;0.47967977;0.139588188;0.020054854;4.332853098;-153.5246965;-150.1469376
Model_iteration_8;['Xmax', 'mu_max'];[1.15, 0.08];[1.2, 0.16];;;;;;;;;1.177277701;0.119242158;;;;;;;;;;;;;5701.872168;10855.12469;;;;;0.102267393;0.104249063;7.693515669;0.251132243;0.094098136;4.61210079;0.045897564;0.361824351;4.280179512;0.048194102;0.060242627;0.651610984;0.139602365;0.020056891;4.309351739;-153.5165721;-150.1388132
Model_iteration_47;['YX_N', 'Xmax', 'mu_max'];[10.0, 1.15, 0.08];[15.0, 1.2, 0.16];;;;;;;;10.82627362;1.160945053;0.140406419;;;;;;;;;;;;717.6149234;7294.751031;13723.96678;;;;;0.094797703;0.09663463;7.432698389;0.251301799;0.094161668;4.418515412;0.025084749;0.197750651;2.118037533;0.038602811;0.048253513;0.495581693;0.136252174;0.019575564;3.616208257;-153.459831;-148.3931926
Model_iteration_50;['YX_N', 'Xmax'];[10.0, 1.15];[15.0, 1.2];;;;;;;;11.2256088;1.16155622;;;;;;;;;;;;;743.5364846;11233.74595;;;;;;0.098488079;0.100396516;8.64464534;0.257756167;0.096580091;4.740980353;0.024569385;0.193687877;2.096084771;0.039276165;0.049095206;0.513377907;0.139896761;0.020099187;3.998772093;-153.3480438;-149.9702849
Model_iteration_14;['Xmax', 'mu_max'];[1.15, 0.08];[1.2, 0.16];;;;;;;;;1.187720463;0.128749262;;;;;;;;;;;;;6521.210692;12342.0526;;;;;0.105160947;0.107198687;7.359613737;0.251684568;0.09430509;4.318258617;0.045011349;0.354838054;4.18836262;0.043997495;0.054996869;0.581897427;0.139969414;0.020109625;4.1120331;-153.3065079;-149.928749
Model_iteration_42;['Xmax', 'mu_max'];[1.15, 0.08];[1.2, 0.16];;;;;;;;;1.172582349;0.142392179;;;;;;;;;;;;;7457.635602;14131.11584;;;;;0.100660027;0.102610551;8.116545522;0.254512783;0.09536481;4.565757443;0.044816823;0.353304544;4.177616685;0.03998697;0.049983713;0.489466385;0.14010416;0.020128985;4.337346509;-153.2295305;-149.8517716
Model_iteration_17;['YX_N', 'Xmax'];[10.0, 1.15];[15.0, 1.2];;;;;;;;11.04092074;1.162828993;;;;;;;;;;;;;756.8654237;11232.77258;;;;;;0.099060343;0.100979869;8.690637909;0.25798027;0.096664062;4.74394401;0.024487394;0.193041516;2.07286171;0.039449483;0.049311854;0.51623823;0.14010948;0.020129749;4.005920465;-153.2264931;-149.8487342
Model_iteration_38;['Xmax', 'mu_max'];[1.15, 0.08];[1.2, 0.16];;;;;;;;;1.158888743;0.117045162;;;;;;;;;;;;;5470.793425;10384.89684;;;;;0.097459143;0.099347643;7.646728409;0.254059556;0.095194988;4.757043089;0.04660391;0.367392695;4.358704324;0.049521772;0.061902214;0.662052837;0.14023986;0.020148481;4.356132165;-153.1520831;-149.7743242
Model_iteration_9;['YX_N', 'Xmax'];[10.0, 1.15];[15.0, 1.2];;;;;;;;14.73644681;1.161546541;;;;;;;;;;;;;567.8034368;11234.45367;;;;;;0.098521124;0.100430202;8.651679416;0.257825343;0.096606011;4.743567311;0.031475822;0.248133408;2.682007723;0.039286882;0.049108602;0.513848839;0.140280528;0.020154324;4.147775822;-153.1288873;-149.7511284
Model_iteration_4;['YX_N', 'Xmax'];[10.0, 1.15];[15.0, 1.2];;;;;;;;12.68986427;1.163863258;;;;;;;;;;;;;660.2106385;11232.59517;;;;;;0.099553905;0.101482996;8.732462102;0.258220751;0.096754169;4.747924558;0.026664467;0.210204041;2.242684689;0.039600928;0.04950116;0.518858415;0.140417381;0.020173986;4.060482441;-153.0508799;-149.673121
Model_iteration_44;['YX_N', 'Xmax', 'mu_max'];[10.0, 1.15, 0.08];[15.0, 1.2, 0.16];;;;;;;;13.399385;1.176428166;0.123939215;;;;;;;;;;;;505.9815781;6104.94736;11538.82199;;;;;0.100497271;0.102444641;7.25218854;0.249332743;0.093423872;4.444099327;0.029870117;0.235475147;2.465324095;0.045102809;0.056378512;0.610970971;0.137106715;0.019698337;3.693145733;-152.959657;-147.8930186
Model_iteration_2;['YX_N', 'Xmax'];[10.0, 1.15];[15.0, 1.2];;;;;;;;13.15468918;1.165021831;;;;;;;;;;;;;637.8853637;11235.21964;;;;;;0.100094753;0.102034324;8.775695633;0.258471178;0.096848003;4.751106328;0.027629284;0.21780999;2.281957118;0.039768144;0.04971018;0.521548981;0.140686879;0.020212705;4.082577015;-152.8974858;-149.5197269
Model_iteration_15;['YX_N', 'Xmax', 'mu_max'];[10.0, 1.15, 0.08];[15.0, 1.2, 0.16];;;;;;;;14.43548036;1.178705565;0.127114943;;;;;;;;;;;;486.686116;6371.90192;12020.94038;;;;;0.101008083;0.102965351;7.15472191;0.249376031;0.093440092;4.341761435;0.031825572;0.250890595;2.674516351;0.04367531;0.054594138;0.589309678;0.137214647;0.019713844;3.690077343;-152.896705;-147.8300667
Model_iteration_36;['YX_N', 'Xmax'];[10.0, 1.15];[15.0, 1.2];;;;;;;;11.8663296;1.165871426;;;;;;;;;;;;;707.0874906;11231.12625;;;;;;0.100476948;0.102423924;8.803822492;0.258629701;0.096907401;4.752177022;0.02518018;0.198502959;2.160797618;0.039886815;0.049858519;0.52328146;0.140721302;0.02021765;4.060019648;-152.8779144;-149.5001555
Model_iteration_24;['Xmax'];[1.15];[1.2];;;;;;;;;1.176197061;;;;;;;;;;;;;;11228.62899;;;;;;0.105639518;0.107686532;9.193485295;0.2617603;0.098080422;4.878733644;0.044375895;0.349828581;4.132984561;0.041564062;0.051955077;0.547427801;0.144373607;0.020742383;4.688157825;-152.8280675;-151.139188
Model_iteration_39;['Xmax'];[1.15];[1.2];;;;;;;;;1.176369379;;;;;;;;;;;;;;11228.5287;;;;;;0.105728645;0.107777386;9.199805533;0.261822008;0.098103544;4.881178406;0.044370201;0.349783689;4.132343027;0.041594104;0.05199263;0.547820101;0.14441961;0.020748992;4.690286767;-152.8025809;-151.1137014
Model_iteration_8;['YX_N', 'Xmax'];[10.0, 1.15];[15.0, 1.2];;;;;;;;14.214975;1.165307946;;;;;;;;;;;;;590.8672083;11232.0052;;;;;;0.10023824;0.102180591;8.788090565;0.258552788;0.096878582;4.752498631;0.030094212;0.237241756;2.523551018;0.039813016;0.04976627;0.522327883;0.140879369;0.02024036;4.146617024;-152.7881033;-149.4103444
Model_iteration_31;['YX_C', 'Xmax', 'mu_max', 'pH_UL'];[0.35, 1.15, 0.08, 5.5];[0.8, 1.2, 0.16, 21.0];;;;;;;0.475221652;;1.158478468;0.131198224;;6.580009748;;;;;;;;;157.5305947;;1051.413232;548.5565557;;13286.64484;;;0.08758352;0.089280656;10.20576672;0.244413427;0.091580626;4.755434726;0.046290994;0.364925883;4.356460405;0.048608384;0.060760481;0.634619219;0.134084327;0.019264106;4.988070266;-152.7429095;-145.9873917
Model_iteration_31;['YX_N', 'Xmax', 'mu_max'];[10.0, 1.15, 0.08];[15.0, 1.2, 0.16];;;;;;;;10.07986718;1.180091564;0.132068555;;;;;;;;;;;;730.1712255;6739.329238;12715.16028;;;;;0.10172213;0.103693234;7.340038215;0.250590279;0.093895065;4.269870031;0.026652727;0.210111491;2.296604432;0.042104567;0.052630708;0.556603808;0.137500947;0.019754977;3.615779122;-152.7299578;-147.6633194
Model_iteration_50;['YX_N', 'Xmax', 'mu_max'];[10.0, 1.15, 0.08];[15.0, 1.2, 0.16];;;;;;;;13.86604409;1.18095196;0.129082659;;;;;;;;;;;;517.7122961;6536.688277;12331.46801;;;;;0.10195609;0.103931728;7.254318791;0.250020663;0.093681632;4.282921479;0.030308729;0.238932858;2.504542056;0.043113446;0.053891808;0.576747215;0.137552503;0.019762384;3.654632385;-152.6999674;-147.6333291
Model_iteration_28;['Xmax', 'mu_max'];[1.15, 0.08];[1.2, 0.16];;;;;;;;;1.181894674;0.13917083;;;;;;;;;;;;;7281.102678;13793.16371;;;;;0.104200596;0.106219727;8.027250887;0.254964738;0.095534155;4.572103339;0.044662668;0.352089294;4.157761648;0.04135378;0.051692225;0.51118302;0.141040483;0.020263508;4.317074724;-152.6966655;-149.3189066
Model_iteration_27;['Xmax'];[1.15];[1.2];;;;;;;;;1.177088406;;;;;;;;;;;;;;11229.77592;;;;;;0.106102304;0.108158285;9.226070534;0.262082569;0.098201175;4.891318166;0.044346525;0.349597044;4.129672164;0.041719861;0.052149826;0.54944383;0.144613392;0.020776833;4.699126173;-152.6953085;-151.0064291
Model_iteration_1;['Xmax', 'mu_max'];[1.15, 0.08];[1.2, 0.16];;;;;;;;;1.16973675;0.146202978;;;;;;;;;;;;;7675.485819;14609.74979;;;;;0.100740747;0.102692835;8.493992813;0.25663128;0.096158601;4.661320848;0.044744706;0.352736026;4.172081121;0.039872027;0.049840033;0.504303592;0.141067519;0.020267392;4.457924593;-152.6813318;-149.3035729
Model_iteration_39;['YX_N', 'Xmax'];[10.0, 1.15];[15.0, 1.2];;;;;;;;12.44906133;1.167417168;;;;;;;;;;;;;675.4340655;11230.33078;;;;;;0.101215349;0.103176634;8.861580768;0.259007082;0.097048804;4.756453482;0.026109123;0.205826098;2.21654111;0.04011919;0.050148987;0.526870512;0.14108548;0.020269972;4.090361468;-152.6711463;-149.2933874
Model_iteration_22;['YX_N', 'Xmax', 'mu_max'];[10.0, 1.15, 0.08];[15.0, 1.2, 0.16];;;;;;;;14.9379832;1.180708382;0.129931626;;;;;;;;;;;;484.7064903;6606.704014;12458.71836;;;;;0.101870305;0.103844281;7.276714509;0.250159061;0.09373349;4.252358419;0.032670046;0.257547832;2.779352879;0.042789244;0.053486555;0.570679986;0.137709265;0.019784906;3.719776448;-152.6088476;-147.5422092
Model_iteration_41;['Xmax'];[1.15];[1.2];;;;;;;;;1.177681571;;;;;;;;;;;;;;11227.76737;;;;;;0.106410085;0.108472029;9.247654996;0.26229901;0.098282274;4.899650604;0.044327001;0.349443129;4.127472254;0.041822979;0.052278724;0.550762638;0.144773894;0.020799893;4.706385123;-152.6065686;-150.9176892
Model_iteration_2;['Xmax'];[1.15];[1.2];;;;;;;;;1.177771554;;;;;;;;;;;;;;11227.71503;;;;;;0.106457076;0.108519932;9.250939523;0.262332528;0.098294833;4.900920419;0.044324035;0.349419746;4.127138065;0.04183872;0.0522984;0.550963441;0.144798621;0.020803445;4.707490362;-152.5929057;-150.9040262
Model_iteration_47;['YX_N', 'Xmax'];[10.0, 1.15];[15.0, 1.2];;;;;;;;10.68610011;1.168536875;;;;;;;;;;;;;786.4853314;11229.1417;;;;;;0.101727146;0.103698348;8.897755957;0.259240792;0.097136374;4.764793763;0.024573195;0.193717917;2.021755635;0.040280892;0.050351115;0.529087676;0.141227293;0.020290347;4.053348258;-152.5907746;-149.2130157
Model_iteration_24;['YX_N', 'Xmax'];[10.0, 1.15];[15.0, 1.2];;;;;;;;10.29711583;1.169323989;;;;;;;;;;;;;816.4922594;11228.52931;;;;;;0.102101009;0.104079455;8.925202773;0.259434619;0.097209;4.775394989;0.025008508;0.197149618;2.064894695;0.04040019;0.050500237;0.530781173;0.141411225;0.020316773;4.074068407;-152.4866515;-149.1088926
Model_iteration_11;['YX_N', 'Xmax', 'pH_UL'];[10.0, 1.15, 5.5];[15.0, 1.2, 21.0];;;;;;;;12.5834818;1.190705262;;;7.1631626;;;;;;;;;;549.2985787;3827.052215;;;14033.00866;;;0.105409604;0.107452162;8.016861647;0.249594041;0.093521779;4.442006095;0.027568254;0.217328869;2.362961409;0.044601664;0.05575208;0.603752167;0.137983411;0.019824293;3.856395329;-152.4497447;-147.3831063
Model_iteration_50;['Xmax', 'mu_max'];[1.15, 0.08];[1.2, 0.16];;;;;;;;;1.166276133;0.14870817;;;;;;;;;;;;;7805.779642;14900.36638;;;;;0.100159535;0.102100361;8.675612629;0.257800711;0.096596782;4.717206402;0.044755168;0.3528185;4.174848763;0.039732242;0.049665303;0.515504793;0.141487468;0.020327727;4.520793147;-152.4435303;-149.0657714
Model_iteration_9;['YX_N', 'Xmax', 'pH_UL'];[10.0, 1.15, 5.5];[15.0, 1.2, 21.0];;;;;;;;13.10774145;1.188120054;;;7.205390057;;;;;;;;;;544.048776;2765.375228;;;12138.82883;;;0.104592314;0.106619035;7.955733013;0.250132474;0.093723528;4.348991526;0.028382525;0.223748016;2.385481016;0.043358837;0.054198546;0.581273921;0.138013915;0.019828676;3.817869869;-152.4320611;-147.3654227
Model_iteration_16;['YX_N', 'Xmax'];[10.0, 1.15];[15.0, 1.2];;;;;;;;14.41771487;1.168796518;;;;;;;;;;;;;584.8129422;11229.93039;;;;;;0.101897615;0.10387212;8.915702858;0.259396054;0.09719455;4.77163008;0.030459558;0.240121889;2.566301288;0.040336759;0.050420949;0.530241766;0.141619451;0.020346689;4.195968998;-152.3689393;-148.9911804
Model_iteration_23;['Xmax'];[1.15];[1.2];;;;;;;;;1.179239295;;;;;;;;;;;;;;11227.60911;;;;;;0.107228287;0.109306086;9.304473127;0.262892272;0.098504567;4.921591607;0.04427573;0.349038944;4.12168896;0.042100181;0.052625227;0.554257884;0.145209347;0.020862455;4.725502895;-152.3663046;-150.6774251
Model_iteration_6;['Xmax', 'mu_max', 'pH_UL'];[1.15, 0.08, 5.5];[1.2, 0.16, 21.0];;;;;;;;;1.176311662;0.129464711;;7.338349555;;;;;;;;;;;2431.777852;3682.677379;;9108.295317;;;0.100480594;0.102427641;7.334701544;0.249163196;0.093360343;4.478057226;0.045709321;0.360340375;4.263242737;0.045401058;0.056751322;0.617444083;0.13813874;0.01984661;4.173361397;-152.3597388;-147.2931004
Model_iteration_18;['YX_N', 'Xmax', 'mu_max'];[10.0, 1.15, 0.08];[15.0, 1.2, 0.16];;;;;;;;14.67373382;1.168590863;0.141772138;;;;;;;;;;;;541.020112;7402.131645;13993.74287;;;;;0.098551721;0.100461392;7.88757352;0.253169059;0.094861322;4.486986635;0.031605041;0.249152077;2.683376845;0.03943283;0.049291037;0.490480067;0.138167327;0.019850717;3.887104267;-152.3431852;-147.2765468
Model_iteration_37;['Xmax'];[1.15];[1.2];;;;;;;;;1.17985826;;;;;;;;;;;;;;11226.02795;;;;;;0.107555784;0.10963993;9.327036487;0.263135567;0.098595729;4.930301696;0.044255373;0.348878466;4.119391874;0.042211559;0.052764449;0.555641594;0.145386491;0.020887905;4.733092913;-152.2687701;-150.5798906
Model_iteration_23;['Xmax', 'mu_max'];[1.15, 0.08];[1.2, 0.16];;;;;;;;;1.161702805;0.151429254;;;;;;;;;;;;;7935.121796;15196.95321;;;;;0.099273634;0.101197293;8.834771442;0.259069432;0.097072166;4.79015817;0.04479862;0.353161045;4.181344822;0.039607146;0.049508933;0.525065355;0.141904781;0.020387683;4.582834947;-152.2079203;-148.8301614
Model_iteration_35;['YX_N', 'Xmax'];[10.0, 1.15];[15.0, 1.2];;;;;;;;11.23475094;1.171504831;;;;;;;;;;;;;750.9031946;11227.59788;;;;;;0.103185622;0.105185085;9.007589383;0.260078202;0.097450147;4.807156544;0.024542581;0.193476573;2.08480607;0.040750879;0.050938599;0.535890898;0.141907466;0.020388068;4.108860724;-152.2064064;-148.8286475
Model_iteration_20;['YX_N', 'Xmax'];[10.0, 1.15];[15.0, 1.2];;;;;;;;12.1781482;1.171288761;;;;;;;;;;;;;693.1776327;11227.98701;;;;;;0.103091911;0.105089558;9.002142883;0.260040716;0.097436102;4.805029845;0.025559354;0.201492101;2.186040192;0.040720846;0.050901057;0.535566017;0.141915982;0.020389292;4.132194734;-152.2016057;-148.8238468
Model_iteration_31;['YX_N', 'Xmax'];[10.0, 1.15];[15.0, 1.2];;;;;;;;14.87746737;1.169984394;;;;;;;;;;;;;567.5974125;11229.32788;;;;;;0.102478756;0.104464523;8.959766764;0.259724236;0.097317518;4.788620883;0.031513096;0.248427247;2.685536014;0.040523325;0.050654157;0.532970472;0.141945226;0.020393493;4.241723533;-152.185122;-148.8073631
Model_iteration_48;['Xmax'];[1.15];[1.2];;;;;;;;;1.180497986;;;;;;;;;;;;;;11225.51816;;;;;;0.107896008;0.109986746;9.350361767;0.263392087;0.098691846;4.939309761;0.044234333;0.348712605;4.117017068;0.042327654;0.052909567;0.557073455;0.145572359;0.020914609;4.740940513;-152.1665603;-150.4776809
Model_iteration_15;['Xmax'];[1.15];[1.2];;;;;;;;;1.180720604;;;;;;;;;;;;;;11225.33942;;;;;;0.1080147;0.110107738;9.358476768;0.263482455;0.098725706;4.942441235;0.044227014;0.348654905;4.116190827;0.042368215;0.052960269;0.557570969;0.145637627;0.020923986;4.74366995;-152.1306999;-150.4418205
Model_iteration_33;['YX_N', 'Xmax', 'mu_max', 'pH_UL'];[10.0, 1.15, 0.08, 5.5];[15.0, 1.2, 0.16, 21.0];;;;;;;;10.34025482;1.182145469;0.151389539;;6.951281563;;;;;;;;;;608.5030796;1483.111235;1726.828061;;11426.33137;;;0.099654681;0.101585725;8.184660635;0.245401644;0.091950906;4.54460234;0.026205147;0.206583087;2.281433307;0.047026161;0.058782702;0.636259499;0.13513992;0.019415764;3.911738945;-152.1155674;-145.3600496
Model_iteration_13;['Xmax', 'mu_max'];[1.15, 0.08];[1.2, 0.16];;;;;;;;;1.191842622;0.134531112;;;;;;;;;;;;;6973.412171;13219.73673;;;;;0.108090502;0.110185009;7.745191873;0.25562823;0.095782763;4.518334344;0.044571991;0.351374461;4.143540327;0.043255636;0.054069545;0.544777054;0.142203253;0.020430565;4.2379609;-152.0398307;-148.6620718
Model_iteration_45;['YX_N', 'Xmax', 'mu_max'];[10.0, 1.15, 0.08];[15.0, 1.2, 0.16];;;;;;;;13.52360683;1.177271769;0.118624895;;;;;;;;;;;;473.1728031;5636.214418;10750.43264;;;;;0.102533574;0.104520402;7.755902906;0.251495085;0.094234092;4.636280603;0.030616253;0.241357168;2.526398378;0.048698481;0.060873101;0.657844971;0.138809049;0.019942914;3.894106715;-151.9724831;-146.9058447
Model_iteration_12;['Xmax'];[1.15];[1.2];;;;;;;;;1.181761258;;;;;;;;;;;;;;11224.49299;;;;;;0.108572561;0.110676409;9.396424216;0.263912993;0.098887027;4.957097956;0.044192802;0.348385199;4.112327378;0.042559467;0.053199334;0.55989867;0.145947234;0.020968468;4.756437055;-151.9608106;-150.2719312
Model_iteration_45;['Xmax', 'mu_max'];[1.15, 0.08];[1.2, 0.16];;;;;;;;;1.173520283;0.147224716;;;;;;;;;;;;;7740.419054;14783.80423;;;;;0.103018299;0.10501452;8.756943414;0.25847969;0.096851192;4.749032106;0.044577634;0.351418945;4.153929081;0.040594013;0.050742516;0.520619669;0.142354803;0.020452338;4.545131067;-151.9546181;-148.5768592
Model_iteration_48;['Xmax', 'mu_max'];[1.15, 0.08];[1.2, 0.16];;;;;;;;;1.19346728;0.133477364;;;;;;;;;;;;;6907.335146;13098.85765;;;;;0.108713838;0.110820423;7.654049082;0.255675028;0.095800298;4.494974737;0.04457478;0.351396448;4.14290132;0.043658736;0.054573421;0.55244226;0.142373992;0.020455095;4.21109185;-151.9438348;-148.5660759
Model_iteration_31;['Xmax', 'mu_max'];[1.15, 0.08];[1.2, 0.16];;;;;;;;;1.151633403;0.155560315;;;;;;;;;;;;;8116.553558;15600.6055;;;;;0.096891837;0.098769343;8.943862798;0.261030479;0.097806962;4.895252661;0.044979287;0.354585297;4.20376666;0.039307739;0.049134674;0.530902815;0.142384316;0.020456578;4.643446233;-151.9380341;-148.5602752
Model_iteration_7;['YX_N', 'Xmax'];[10.0, 1.15];[15.0, 1.2];;;;;;;;14.72890464;1.172036881;;;;;;;;;;;;;574.5443526;11229.05856;;;;;;0.10348984;0.105495198;9.034358137;0.260315591;0.097539096;4.817406003;0.031088441;0.245079566;2.638083753;0.040851661;0.051064576;0.537581741;0.142398826;0.020458663;4.256857409;-151.9298818;-148.5521229
Model_iteration_41;['YX_C', 'YX_N', 'Xmax'];[0.35, 10.0, 1.15];[0.8, 15.0, 1.2];;;;;;;0.490219939;11.59504603;1.155291362;;;;;;;;;;;;162.1309057;715.2610796;11205.61;;;;;;0.095790983;0.097647158;8.417379698;0.25672235;0.096192725;4.801050408;0.024968151;0.196831474;2.144756283;0.038491269;0.048114087;0.499199496;0.13891298;0.019957846;3.965596471;-151.912607;-146.8459686
Model_iteration_28;['YX_N', 'Xmax'];[10.0, 1.15];[15.0, 1.2];;;;;;;;11.2156323;1.175208861;;;;;;;;;;;;;755.1443454;11226.43909;;;;;;0.105049213;0.107084788;9.142534863;0.261252481;0.097890145;4.859238876;0.024530806;0.193383748;2.077988967;0.041364041;0.051705051;0.544219251;0.142829392;0.020520523;4.155995489;-151.6883541;-148.3105952
Model_iteration_11;['YX_N', 'Xmax'];[10.0, 1.15];[15.0, 1.2];;;;;;;;10.81476261;1.175687038;;;;;;;;;;;;;783.1897754;11226.03718;;;;;;0.105287505;0.107327697;9.15878398;0.261403179;0.097946611;4.86552306;0.024567199;0.193670645;2.028809806;0.041443114;0.051803893;0.545214751;0.142949431;0.020537769;4.149582899;-151.621147;-148.2433881
Model_iteration_46;['Xmax'];[1.15];[1.2];;;;;;;;;1.183869112;;;;;;;;;;;;;;11222.91114;;;;;;0.109714147;0.111840116;9.473183823;0.264822441;0.099227793;4.986753336;0.044123576;0.347839467;4.104505334;0.042953473;0.053691841;0.564602511;0.146594688;0.021061489;4.782261251;-151.6066981;-149.9178187
Model_iteration_19;['YX_C', 'Xmax'];[0.35, 1.15];[0.8, 1.2];;;;;;;0.494306461;;1.181338675;;;;;;;;;;;;165.129012;;11191.72831;;;;;;0.108349103;0.110448621;9.381565641;0.257818985;0.096603629;4.740788856;0.044206446;0.348492758;4.113870161;0.042482865;0.053103582;0.558990595;0.143151284;0.02056677;4.698803813;-151.5082621;-148.1305032
Model_iteration_19;['YX_N', 'Xmax', 'mu_max'];[10.0, 1.15, 0.08];[15.0, 1.2, 0.16];;;;;;;;10.5340978;1.192023794;0.125056024;;;;;;;;;;;;659.1968333;6065.272658;11702.83733;;;;;0.107288465;0.109367431;7.345575777;0.252306954;0.094538295;4.471716313;0.026625883;0.209899872;2.262945737;0.046017229;0.057521536;0.611437391;0.139638942;0.020062146;3.672918804;-151.4956137;-146.4289754
Model_iteration_35;['Xmax'];[1.15];[1.2];;;;;;;;;1.184595866;;;;;;;;;;;;;;11223.32489;;;;;;0.110111784;0.112245458;9.499674597;0.265148349;0.099349909;4.996987382;0.044099712;0.347651342;4.101807452;0.043091448;0.05386431;0.566223513;0.146824648;0.021094528;4.791173236;-151.4813018;-149.7924223
Model_iteration_23;['YX_N', 'Xmax'];[10.0, 1.15];[15.0, 1.2];;;;;;;;14.23027107;1.176000273;;;;;;;;;;;;;597.0434073;11226.26496;;;;;;0.105492995;0.107537169;9.178091042;0.261600582;0.098020577;4.872895423;0.029772621;0.234706561;2.483675471;0.041513408;0.05189176;0.546446441;0.143329523;0.020592377;4.270277095;-151.4087155;-148.0309566
Model_iteration_40;['YX_N', 'Xmax', 'mu_max'];[10.0, 1.15, 0.08];[15.0, 1.2, 0.16];;;;;;;;10.9231149;1.192244245;0.129068819;;;;;;;;;;;;662.7650748;6550.22099;12418.88283;;;;;0.107394032;0.109475043;7.45200127;0.253136116;0.094848979;4.354766915;0.026040214;0.205282872;2.185874909;0.044507195;0.055633994;0.582792246;0.139884197;0.020097382;3.643858835;-151.3552289;-146.2885906
Model_iteration_12;['YX_N', 'Xmax'];[10.0, 1.15];[15.0, 1.2];;;;;;;;12.00375199;1.177327196;;;;;;;;;;;;;707.6852661;11224.6351;;;;;;0.10615256;0.108209514;9.221807505;0.262022194;0.098178553;4.889819386;0.025202255;0.198676986;2.161565708;0.041733359;0.052166699;0.549109149;0.1434406;0.020608336;4.205575437;-151.3467413;-147.9689824
Model_iteration_39;['YX_N', 'Xmax', 'mu_max'];[10.0, 1.15, 0.08];[15.0, 1.2, 0.16];;;;;;;;12.14095921;1.172687075;0.145336202;;;;;;;;;;;;673.6077948;7620.493771;14508.5332;;;;;0.101758428;0.103730236;8.479729676;0.256600341;0.096147009;4.667545745;0.025796987;0.203365438;2.210153559;0.040198809;0.050248511;0.503320839;0.140071358;0.020124272;3.965187455;-151.2482628;-146.1816244
Model_iteration_45;['YX_C', 'Xmax'];[0.35, 1.15];[0.8, 1.2];;;;;;;0.50674676;;1.189549024;;;;;;;;;;;;162.3791494;;11189.38916;;;;;;0.112880024;0.115067339;9.681379338;0.256704925;0.096186196;4.777979616;0.043936713;0.346366376;4.08336379;0.044062322;0.055077903;0.577325341;0.14362385;0.020634664;4.780012021;-151.2446039;-147.866845
Model_iteration_38;['Xmax'];[1.15];[1.2];;;;;;;;;1.185951524;;;;;;;;;;;;;;11228.68441;;;;;;0.110858649;0.113006795;9.549085806;0.265772602;0.099583814;5.016077848;0.044055216;0.347300564;4.096774919;0.043351632;0.054189541;0.56924481;0.147262471;0.02115743;4.807795846;-151.2431011;-149.5542217
Model_iteration_26;['Xmax'];[1.15];[1.2];;;;;;;;;1.186009993;;;;;;;;;;;;;;11228.65617;;;;;;0.110891009;0.113039783;9.551216785;0.265800002;0.099594081;5.016901221;0.044053297;0.34728544;4.096557868;0.043362935;0.054203669;0.569375045;0.147281613;0.02116018;4.80851273;-151.2327032;-149.5438238
Model_iteration_32;['YX_N', 'Xmax'];[10.0, 1.15];[15.0, 1.2];;;;;;;;12.77870056;1.177837212;;;;;;;;;;;;;665.5436088;11224.10166;;;;;;0.106428686;0.108490992;9.242214464;0.262230851;0.098256735;4.897682683;0.026501896;0.208922446;2.235421477;0.041826782;0.052283477;0.550375847;0.143652284;0.020638749;4.231423618;-151.2287677;-147.8510087
Model_iteration_45;['Xmax'];[1.15];[1.2];;;;;;;;;1.186361418;;;;;;;;;;;;;;11223.40775;;;;;;0.111085768;0.113238315;9.564024745;0.265965515;0.099656097;5.021850073;0.044041766;0.347194541;4.095253291;0.04343101;0.054288763;0.570157683;0.147397111;0.021176774;4.812821448;-151.1699922;-149.4811128
Model_iteration_3;['Xmax'];[1.15];[1.2];;;;;;;;;1.186391262;;;;;;;;;;;;;;11223.39144;;;;;;0.111102328;0.113255196;9.565112385;0.265979635;0.099661388;5.022270332;0.044040787;0.347186823;4.095142506;0.043436802;0.054296003;0.570224135;0.147406954;0.021178188;4.81318734;-151.1646498;-149.4757704
Model_iteration_38;['YX_N', 'Xmax'];[10.0, 1.15];[15.0, 1.2];;;;;;;;14.02764763;1.177838138;;;;;;;;;;;;;606.7849499;11224.18824;;;;;;0.106443476;0.108506068;9.244721097;0.262259765;0.09826757;4.898624393;0.029237828;0.230490627;2.416838718;0.041832443;0.052290554;0.550545904;0.143801253;0.020660152;4.277682528;-151.1458494;-147.7680905
Model_iteration_8;['Xmax'];[1.15];[1.2];;;;;;;;;1.186578876;;;;;;;;;;;;;;11223.21536;;;;;;0.111206503;0.113361389;9.571950002;0.266068642;0.099694739;5.024912378;0.044034632;0.3471383;4.094446035;0.043473254;0.054341568;0.57064186;0.147468964;0.021187097;4.815487569;-151.1310033;-149.4421239
Model_iteration_43;['YX_N', 'Xmax'];[10.0, 1.15];[15.0, 1.2];;;;;;;;10.39231101;1.178876338;;;;;;;;;;;;;817.3676876;11222.84081;;;;;;0.106936772;0.109008922;9.273655061;0.26254992;0.098376289;4.909888226;0.025049303;0.197471215;2.068112633;0.041997027;0.052496284;0.552278083;0.143839452;0.02066564;4.200983501;-151.1246016;-147.7468427
Model_iteration_2;['YX_C', 'YX_N', 'Xmax', 'mu_max'];[0.35, 10.0, 1.15, 0.08];[0.8, 15.0, 1.2, 0.16];;;;;;;0.497403123;11.67866834;1.180279985;0.1331309;;;;;;;;;;;150.7111722;637.6346315;6817.691438;12897.52646;;;;;0.10195812;0.103933798;7.379255898;0.249178314;0.093366008;4.252125333;0.026015192;0.205085614;2.243525393;0.041863354;0.052329192;0.54935492;0.136852677;0.019661839;3.606065386;-151.1080225;-144.3525047
Model_iteration_34;['Xmax'];[1.15];[1.2];;;;;;;;;1.186931761;;;;;;;;;;;;;;11223.10487;;;;;;0.111402783;0.113561473;9.584810653;0.266237146;0.099757876;5.02988183;0.044023056;0.347047045;4.093136038;0.043542;0.0544275;0.571427391;0.147586189;0.021203939;4.819813978;-151.0674352;-149.3785557
Model_iteration_47;['Xmax', 'mu_max'];[1.15, 0.08];[1.2, 0.16];;;;;;;;;1.165350638;0.111073091;;;;;;;;;;;;;4925.751574;9545.317248;;;;;0.103462688;0.10546752;8.258334603;0.259506072;0.097235773;4.927261946;0.046795008;0.368899173;4.374568322;0.055321905;0.069152381;0.721708702;0.144307151;0.020732835;4.570468393;-150.8649007;-147.4871418
Model_iteration_28;['YX_N', 'Xmax', 'mu_max'];[10.0, 1.15, 0.08];[15.0, 1.2, 0.16];;;;;;;;12.85132992;1.17311445;0.114352494;;;;;;;;;;;;471.7287673;5237.490379;10082.41838;;;;;0.10336323;0.105366135;8.087915703;0.254883537;0.09550373;4.76698516;0.02975867;0.234596581;2.493364131;0.052173555;0.065216943;0.69579341;0.140763306;0.020223685;4.011014601;-150.8540385;-145.7874002
Model_iteration_37;['YX_C', 'Xmax', 'pH_UL'];[0.35, 1.15, 5.5];[0.8, 1.2, 21.0];;;;;;;0.45691376;;1.165043039;;;7.065693435;;;;;;;;;146.8228226;;8997.24638;;;37239.69044;;;0.095536857;0.097388108;7.606271812;0.256857781;0.09624347;4.690752055;0.046246125;0.364572162;4.328179408;0.045508769;0.056885961;0.620700004;0.140812786;0.020230794;4.31147582;-150.8259223;-145.7592839
Model_iteration_19;['YX_C', 'YX_N', 'Xmax'];[0.35, 10.0, 1.15];[0.8, 15.0, 1.2];;;;;;;0.50265833;12.21703414;1.173322546;;;;;;;;;;;;161.0024085;692.5597009;11195.79692;;;;;;0.104112473;0.106129897;9.077310805;0.257238855;0.096386257;4.843511471;0.025584893;0.201693432;2.187492075;0.041054863;0.051318579;0.540214675;0.140846835;0.020235686;4.162132256;-150.8065802;-145.7399419
Model_iteration_25;['Xmax', 'mu_max'];[1.15, 0.08];[1.2, 0.16];;;;;;;;;1.164449077;0.110901985;;;;;;;;;;;;;4909.273752;9515.778117;;;;;0.103371921;0.105374995;8.259607703;0.259896832;0.097382189;4.939043003;0.046834047;0.369206935;4.378876057;0.055510954;0.069388693;0.722761868;0.144487899;0.020758803;4.575072158;-150.7647617;-147.3870028
Model_iteration_11;['YX_N', 'Xmax', 'mu_max', 'pH_UL'];[10.0, 1.15, 0.08, 5.5];[15.0, 1.2, 0.16, 21.0];;;;;;;;13.08592131;1.163626585;0.126127382;;7.334096162;;;;;;;;;;485.3165352;2163.440892;3656.867101;;8527.184877;;;0.097302678;0.099188146;7.491305692;0.251134298;0.094098906;4.640732642;0.029947233;0.236083079;2.477406801;0.04736107;0.059201337;0.637435001;0.137546496;0.019761521;3.811720034;-150.7034613;-143.9479435
Model_iteration_13;['YX_N', 'Xmax'];[10.0, 1.15];[15.0, 1.2];;;;;;;;14.8967898;1.18047065;;;;;;;;;;;;;573.2541369;11223.57148;;;;;;0.107840005;0.109929657;9.34212242;0.263297063;0.09865624;4.936215707;0.03119246;0.245899581;2.649140471;0.042306657;0.052883321;0.556533038;0.144669997;0.020784966;4.371002909;-150.6640008;-147.2862419
Model_iteration_11;['Xmax'];[1.15];[1.2];;;;;;;;;1.189135274;;;;;;;;;;;;;;11221.83688;;;;;;0.112638201;0.11482083;9.665106927;0.267321367;0.100164129;5.060911732;0.043950812;0.346477518;4.084956167;0.043976612;0.054970765;0.57632777;0.14833551;0.021311595;4.846825649;-150.6622891;-148.9734097
Model_iteration_42;['YX_N', 'Xmax'];[10.0, 1.15];[15.0, 1.2];;;;;;;;14.78764607;1.180838551;;;;;;;;;;;;;577.6789126;11223.34022;;;;;;0.108035233;0.110128669;9.355357263;0.263444301;0.09871141;4.941329047;0.030923142;0.243776466;2.618686584;0.042373328;0.05296666;0.55734443;0.144763817;0.020798445;4.368179331;-150.612137;-147.2343781
Model_iteration_35;['YX_N', 'Xmax', 'mu_max'];[10.0, 1.15, 0.08];[15.0, 1.2, 0.16];;;;;;;;12.59409496;1.167661593;0.113549903;;;;;;;;;;;;474.482918;5153.472699;9921.701807;;;;;0.102235865;0.104216925;8.082204188;0.256218222;0.09600383;4.826247617;0.029466121;0.232290329;2.485265009;0.052861937;0.066077421;0.700216711;0.141211354;0.020288057;4.023483381;-150.5998037;-145.5331654
Model_iteration_42;['Xmax', 'pH_UL'];[1.15, 5.5];[1.2, 21.0];;;;;;;;;1.193838453;;;7.329431735;;;;;;;;;;;5344.140614;;;38038.37331;;;0.111110034;0.113263052;8.815359696;0.26085682;0.097741892;4.804883615;0.044181383;0.348295181;4.105407528;0.043387344;0.05423418;0.521706303;0.145108732;0.020847999;4.561839285;-150.4217554;-147.0439964
Model_iteration_1;['Xmax'];[1.15];[1.2];;;;;;;;;1.19063409;;;;;;;;;;;;;;11207.91893;;;;;;0.1134882;0.1156873;9.719728847;0.268090324;0.100452254;5.082025217;0.043901702;0.346090372;4.079391748;0.044277406;0.055346757;0.579655334;0.148862219;0.021387269;4.865200286;-150.3787284;-148.6898489
Model_iteration_46;['YX_N', 'Xmax', 'mu_max'];[10.0, 1.15, 0.08];[15.0, 1.2, 0.16];;;;;;;;14.31700024;1.169394903;0.14976992;;;;;;;;;;;;588.1918974;7920.734592;15126.32167;;;;;0.102080485;0.104058534;8.909554251;0.259357459;0.097180088;4.77250649;0.030213482;0.238181998;2.536896385;0.040382795;0.050478494;0.529881997;0.141624805;0.020347458;4.187209781;-150.365915;-145.2992766
Model_iteration_14;['YX_C', 'Xmax'];[0.35, 1.15];[0.8, 1.2];;;;;;;0.519047474;;1.187806405;;;;;;;;;;;;158.2652481;;11191.66174;;;;;;0.111902637;0.114071013;9.618451631;0.260831114;0.09773226;4.972589452;0.043993574;0.346814627;4.089805885;0.043717874;0.054647343;0.573491039;0.145259903;0.020869718;4.813584502;-150.3384567;-146.9606978
Model_iteration_25;['YX_N', 'Xmax'];[10.0, 1.15];[15.0, 1.2];;;;;;;;14.28077337;1.182897685;;;;;;;;;;;;;599.3286463;11220.53862;;;;;;0.10913821;0.111253019;9.429556415;0.264299186;0.099031731;4.969995234;0.029664803;0.2338566;2.469712809;0.042752171;0.053440214;0.561891482;0.145321159;0.020878519;4.357788985;-150.3047276;-146.9269687
Model_iteration_28;['Xmax'];[1.15];[1.2];;;;;;;;;1.191153122;;;;;;;;;;;;;;11220.61499;;;;;;0.113784249;0.115989086;9.738639118;0.268362468;0.100554225;5.089334827;0.043884704;0.345956373;4.077464962;0.044382501;0.055478126;0.580806824;0.149047763;0.021413926;4.871561433;-150.2790772;-148.5901977
Model_iteration_32;['YX_N', 'Xmax', 'mu_max'];[10.0, 1.15, 0.08];[15.0, 1.2, 0.16];;;;;;;;14.42785443;1.180562757;0.113283526;;;;;;;;;;;;417.5987791;5153.45488;9982.166685;;;;;0.106557996;0.108622807;8.287364359;0.255803269;0.095848349;4.840146336;0.033022824;0.260328891;2.765304112;0.053373685;0.066717106;0.710151367;0.142064401;0.020410615;4.150741543;-150.1179838;-145.0513454
Model_iteration_37;['YX_N', 'Xmax', 'mu_max'];[10.0, 1.15, 0.08];[15.0, 1.2, 0.16];;;;;;;;14.13201519;1.151778193;0.157291251;;;;;;;;;;;;612.1887209;8188.395737;15804.60929;;;;;0.097766959;0.099661423;9.138151904;0.262389735;0.098316269;4.937791619;0.029925225;0.235909584;2.517941123;0.039803274;0.049754092;0.54242427;0.142202823;0.020430503;4.284077229;-150.0400728;-144.9734345
Model_iteration_48;['YX_C', 'YX_N', 'Xmax'];[0.35, 10.0, 1.15];[0.8, 15.0, 1.2];;;;;;;0.497754628;13.00056836;1.185400129;;;;;;;;;;;;164.5448389;659.6014907;11186.30219;;;;;;0.110495324;0.11263643;9.518925497;0.257321879;0.096417366;4.729207161;0.026758548;0.210945715;2.246962035;0.043221883;0.054027354;0.567352083;0.142309449;0.020445822;4.265611694;-149.9801098;-144.9134715
Model_iteration_5;['Xmax'];[1.15];[1.2];;;;;;;;;1.19347668;;;;;;;;;;;;;;11219.52525;;;;;;0.115120389;0.117351117;9.823285985;0.269617527;0.10102449;5.12205824;0.043808654;0.345356841;4.068839312;0.044858774;0.056073467;0.585955549;0.149898151;0.021536103;4.900034772;-149.8239368;-148.1350574
Model_iteration_33;['YX_N', 'Xmax', 'mu_max'];[10.0, 1.15, 0.08];[15.0, 1.2, 0.16];;;;;;;;13.24163641;1.16118279;0.11210862;;;;;;;;;;;;441.138917;5006.360306;9656.428913;;;;;0.101608581;0.103577486;8.113606418;0.259043608;0.09706249;4.919827094;0.031111357;0.245260218;2.561269394;0.0543303;0.067912875;0.709822348;0.142607497;0.020488643;4.076131314;-149.8127361;-144.7460977
Model_iteration_16;['Xmax'];[1.15];[1.2];;;;;;;;;1.193748316;;;;;;;;;;;;;;11219.37773;;;;;;0.115277724;0.1175115;9.833178114;0.269768214;0.101080952;5.125882546;0.043799769;0.345286803;4.067830937;0.044914815;0.056143519;0.586554626;0.149999669;0.021550688;4.903361556;-149.7697751;-148.0808957
Model_iteration_14;['YX_N', 'Xmax'];[10.0, 1.15];[15.0, 1.2];;;;;;;;10.99139089;1.186796397;;;;;;;;;;;;;779.8607085;11218.0629;;;;;;0.111233251;0.113388656;9.563979242;0.26597771;0.099660667;5.022010319;0.024576425;0.193743375;2.03658367;0.04347795;0.054347438;0.570078193;0.146297053;0.021018727;4.298162856;-149.7692891;-146.3915302
Model_iteration_6;['YX_N', 'Xmax'];[10.0, 1.15];[15.0, 1.2];;;;;;;;13.97706622;1.18616541;;;;;;;;;;;;;614.3668895;11219.0411;;;;;;0.110924712;0.113074138;9.547999132;0.265764975;0.099580956;5.015763393;0.028858588;0.227500958;2.380271568;0.043372037;0.054215047;0.569134831;0.146329479;0.021023386;4.378292231;-149.7515596;-146.3738007
Model_iteration_44;['YX_N', 'Xmax'];[10.0, 1.15];[15.0, 1.2];;;;;;;;13.07353653;1.186563675;;;;;;;;;;;;;656.716862;11218.63549;;;;;;0.11113504;0.113288541;9.560736706;0.265931295;0.099643275;5.020704174;0.026877108;0.211880353;2.252138185;0.043445107;0.054306384;0.569905829;0.146355993;0.021027195;4.350871223;-149.7370653;-146.3593064
Model_iteration_32;['YX_C', 'YX_N', 'Xmax'];[0.35, 10.0, 1.15];[0.8, 15.0, 1.2];;;;;;;0.51275959;11.1877185;1.187253832;;;;;;;;;;;;159.9854374;766.8176996;11186.09143;;;;;;0.111500794;0.113661383;9.582690037;0.258028996;0.096682319;4.880941123;0.024539759;0.193454331;2.059629377;0.043572147;0.054465184;0.571232249;0.142751639;0.020509352;4.273623196;-149.731916;-144.6652776
Model_iteration_25;['Xmax'];[1.15];[1.2];;;;;;;;;1.194115249;;;;;;;;;;;;;;11218.99393;;;;;;0.115490636;0.117728537;9.846543989;0.269972965;0.101157671;5.131050318;0.043787767;0.345192188;4.066468781;0.044991057;0.056238822;0.587366664;0.150137481;0.021570488;4.907857438;-149.6963092;-148.0074297
Model_iteration_34;['YX_N', 'Xmax'];[10.0, 1.15];[15.0, 1.2];;;;;;;;14.4897149;1.186393742;;;;;;;;;;;;;592.9464535;11218.96359;;;;;;0.111056585;0.113208567;9.557219756;0.265883535;0.09962538;5.019316081;0.030037745;0.236796616;2.514731932;0.043418384;0.05427298;0.569702741;0.146471022;0.021043722;4.415242628;-149.6742137;-146.2964548
Model_iteration_49;['YX_C', 'Xmax'];[0.35, 1.15];[0.8, 1.2];;;;;;;0.495208098;;1.196572641;;;;;;;;;;;;167.2976755;;11183.75196;;;;;;0.116931394;0.119197213;9.940374608;0.261129341;0.097844005;4.846042833;0.043707166;0.344556784;4.057318367;0.045509182;0.056886478;0.592839165;0.146494783;0.021047135;4.859143743;-149.6612371;-146.2834782
Model_iteration_26;['YX_N', 'Xmax'];[10.0, 1.15];[15.0, 1.2];;;;;;;;12.5125529;1.187599845;;;;;;;;;;;;;686.6243964;11291.45747;;;;;;0.111704788;0.11386933;9.597246221;0.266413423;0.099823927;5.034824862;0.025806155;0.20343771;2.200027664;0.043644355;0.054555443;0.572129624;0.146649974;0.021069432;4.351057093;-149.5765331;-146.1987742
Model_iteration_47;['Xmax'];[1.15];[1.2];;;;;;;;;1.194959565;;;;;;;;;;;;;;11218.5342;;;;;;0.115982407;0.118229838;9.877293801;0.27044997;0.101336403;5.142940185;0.043760163;0.344974574;4.063334584;0.045167375;0.056459218;0.589233721;0.150457759;0.021616502;4.918200573;-149.5258326;-147.8369531
Model_iteration_40;['Xmax', 'mu_max'];[1.15, 0.08];[1.2, 0.16];;;;;;;;;1.171270739;0.108106768;;;;;;;;;;;;;4648.097534;9139.426148;;;;;0.107543071;0.10962697;8.59316988;0.262699988;0.098432519;4.992102129;0.046822141;0.369113073;4.374591341;0.058554062;0.073192578;0.753444253;0.146797213;0.021090586;4.678326901;-149.4962519;-146.1184929
Model_iteration_5;['YX_C', 'Xmax'];[0.35, 1.15];[0.8, 1.2];;;;;;;0.496571217;;1.19918122;;;;;;;;;;;;167.2609879;;11182.36956;;;;;;0.118477619;0.1207734;10.07920976;0.261101544;0.097833589;4.843975754;0.043621939;0.343884915;4.047629961;0.046068375;0.057585468;0.598601531;0.146829945;0.021095289;4.892354252;-149.4784159;-146.100657
Model_iteration_25;['YX_C', 'YX_N', 'Xmax', 'mu_max'];[0.35, 10.0, 1.15, 0.08];[0.8, 15.0, 1.2, 0.16];;;;;;;0.503042449;12.52582104;1.164415079;0.146584413;;;;;;;;;;;157.157095;653.3915488;7659.413394;14587.43875;;;;;0.098366557;0.10027264;8.338398027;0.257473593;0.096474212;4.820957868;0.026556743;0.20935482;2.247524826;0.039159443;0.048949304;0.494546288;0.139827888;0.020089292;3.975356752;-149.3874386;-142.6319208
Model_iteration_41;['YX_N', 'Xmax'];[10.0, 1.15];[15.0, 1.2];;;;;;;;10.73856836;1.189354613;;;;;;;;;;;;;800.1367492;11217.51393;;;;;;0.112661798;0.114844885;9.656362281;0.267223177;0.100127338;5.057719826;0.024778647;0.195337554;2.031623931;0.043979659;0.054974573;0.575711265;0.147181095;0.021145739;4.330354326;-149.2873209;-145.909562
Model_iteration_43;['Xmax', 'mu_max'];[1.15, 0.08];[1.2, 0.16];;;;;;;;;1.167932896;0.159723137;;;;;;;;;;;;;8339.428968;16308.15629;;;;;0.106479051;0.108542333;10.02598578;0.268131884;0.100467827;5.053941522;0.044284887;0.349111132;4.128372206;0.043045006;0.053806258;0.596312197;0.147518236;0.021194176;4.951152927;-149.1042783;-145.7265194
Model_iteration_3;['Xmax', 'mu_max'];[1.15, 0.08];[1.2, 0.16];;;;;;;;;1.173569226;0.107301846;;;;;;;;;;;;;4572.445752;9032.615627;;;;;0.108880466;0.11099028;8.693154744;0.263598933;0.09876935;5.004973819;0.046810713;0.369022983;4.372416058;0.059471762;0.074339702;0.762542999;0.147536001;0.021196729;4.708271905;-149.0946446;-145.7168857
Model_iteration_29;['Xmax'];[1.15];[1.2];;;;;;;;;1.197069014;;;;;;;;;;;;;;11217.33375;;;;;;0.117220119;0.119491533;9.96617179;0.271674863;0.101795365;5.172653354;0.043691219;0.344431068;4.05550354;0.045613143;0.057016429;0.593896187;0.151275633;0.021734008;4.947056218;-149.0921377;-147.4032582
Model_iteration_7;['Xmax'];[1.15];[1.2];;;;;;;;;1.197284878;;;;;;;;;;;;;;11217.21789;;;;;;0.117347542;0.119621426;9.97765312;0.271802935;0.101843353;5.175693694;0.043684167;0.344375479;4.054702186;0.045659143;0.057073929;0.59437261;0.151360782;0.021746241;4.950605402;-149.0471207;-147.3582413
Model_iteration_30;['Xmax', 'mu_max'];[1.15, 0.08];[1.2, 0.16];;;;;;;;;1.187117226;0.107730355;;;;;;;;;;;;;4627.365433;9182.827392;;;;;0.112749056;0.114933833;8.863169788;0.262399867;0.098320065;5.060786955;0.046375432;0.365591529;4.322433266;0.059186994;0.073983742;0.767179777;0.14766501;0.021215264;4.753392447;-149.0247213;-145.6469624
Model_iteration_9;['Xmax'];[1.15];[1.2];;;;;;;;;1.197408154;;;;;;;;;;;;;;11217.15177;;;;;;0.117420375;0.11969567;9.98420986;0.2718763;0.101870842;5.177429985;0.043680141;0.344343736;4.054244546;0.045685446;0.057106807;0.594644649;0.151409529;0.021753245;4.95263226;-149.0213603;-147.3324808
Model_iteration_15;['YX_N', 'Xmax'];[10.0, 1.15];[15.0, 1.2];;;;;;;;14.8612194;1.190111592;;;;;;;;;;;;;580.5138635;11217.87984;;;;;;0.113146532;0.115339011;9.693276309;0.267726443;0.100315909;5.071889921;0.030779796;0.242646428;2.601544049;0.04415392;0.0551924;0.578007821;0.147797624;0.021234317;4.486179525;-148.9529079;-145.575149
Model_iteration_33;['Xmax'];[1.15];[1.2];;;;;;;;;1.197737932;;;;;;;;;;;;;;11216.97505;;;;;;0.117615415;0.119894489;10.00174721;0.272073246;0.101944637;5.182073485;0.043669371;0.344258832;4.053020308;0.04575612;0.05719515;0.595376394;0.151540319;0.021772036;4.958054349;-148.9522844;-147.263405
Model_iteration_30;['YX_N', 'Xmax', 'mu_max'];[10.0, 1.15, 0.08];[15.0, 1.2, 0.16];;;;;;;;11.92430862;1.165149758;0.157303604;;;;;;;;;;;;735.1147412;8220.899672;15968.32609;;;;;0.103731998;0.105742049;9.633760376;0.26486243;0.099242776;4.964973798;0.024801223;0.195515528;2.124257627;0.041703943;0.052129929;0.57302589;0.144279896;0.020728919;4.324004423;-148.8800115;-143.8133731
Model_iteration_10;['Xmax', 'mu_max'];[1.15, 0.08];[1.2, 0.16];;;;;;;;;1.195638217;0.145010757;;;;;;;;;;;;;7662.229859;14719.40044;;;;;0.113961733;0.116170009;9.275504889;0.265838186;0.099608388;4.980371139;0.04395069;0.346476561;4.081356669;0.044247668;0.055309584;0.552419239;0.147941489;0.021254986;4.722412984;-148.8750741;-145.4973152
Model_iteration_40;['YX_N', 'Xmax'];[10.0, 1.15];[15.0, 1.2];;;;;;;;12.40722703;1.191333425;;;;;;;;;;;;;695.1182356;11216.73988;;;;;;0.113813343;0.116018743;9.732975882;0.268302902;0.100531906;5.087286626;0.025568104;0.201561084;2.185744357;0.044388543;0.055485679;0.580400203;0.14795607;0.021257081;4.396601767;-148.8671898;-145.4894309
Model_iteration_37;['YX_N', 'Xmax'];[10.0, 1.15];[15.0, 1.2];;;;;;;;13.95145437;1.191713735;;;;;;;;;;;;;619.0994151;11216.73528;;;;;;0.11405046;0.116260455;9.750049429;0.2685455;0.100622806;5.093852122;0.028630482;0.225702734;2.36077954;0.044473862;0.055592327;0.581455353;0.148258071;0.02130047;4.446534111;-148.7040643;-145.3263054
Model_iteration_24;['YX_C', 'Xmax'];[0.35, 1.15];[0.8, 1.2];;;;;;;0.478605483;;1.181614171;;;;;;;;;;;;170.5865295;;11189.68472;;;;;;0.108491612;0.110593891;9.390765367;0.269089576;0.100826669;5.111817569;0.044197771;0.348424371;4.112887423;0.042531602;0.053164503;0.559550018;0.148275091;0.021302915;4.793755094;-148.6948808;-145.3171219
Model_iteration_35;['YX_C', 'Xmax'];[0.35, 1.15];[0.8, 1.2];;;;;;;0.483184707;;1.18821946;;;;;;;;;;;;170.0682507;;11187.4979;;;;;;0.112122443;0.114295079;9.631693571;0.267690759;0.100302539;5.071644561;0.04398085;0.346714317;4.088357898;0.043794747;0.054743434;0.574288969;0.148393126;0.021319873;4.841496249;-148.6312214;-145.2534625
Model_iteration_36;['Xmax', 'mu_max', 'pH_UL'];[1.15, 0.08, 5.5];[1.2, 0.16, 21.0];;;;;;;;;1.180514891;0.081102306;;7.959873678;;;;;;;;;;;5067.521216;684.5191545;;5273.057774;;;0.106810862;0.108880573;8.271508832;0.262158362;0.098229574;4.81132613;0.044445809;0.350379727;4.134306525;0.042130886;0.052663607;0.538353003;0.144815407;0.020805857;4.438873623;-148.5836321;-143.5169937
Model_iteration_22;['Xmax'];[1.15];[1.2];;;;;;;;;1.199486743;;;;;;;;;;;;;;11216.04173;;;;;;0.118655232;0.120954455;10.09475635;0.273137767;0.102343509;5.206705527;0.043612279;0.34380876;4.046528279;0.046132526;0.057665657;0.599227311;0.152244495;0.021873205;4.986804367;-148.5814027;-146.8925232
Model_iteration_33;['YX_N', 'Xmax'];[10.0, 1.15];[15.0, 1.2];;;;;;;;11.85464459;1.193931895;;;;;;;;;;;;;729.1525353;11215.24773;;;;;;0.115300665;0.117534886;9.826212265;0.269694246;0.101053236;5.123344644;0.024841727;0.195834837;2.126626532;0.044918292;0.056147865;0.586063962;0.148882499;0.021390182;4.415561851;-148.3678306;-144.9900717
Model_iteration_22;['YX_N', 'Xmax'];[10.0, 1.15];[15.0, 1.2];;;;;;;;13.31068071;1.194056236;;;;;;;;;;;;;650.2332368;11215.49486;;;;;;0.115393395;0.117629412;9.834099654;0.269807041;0.1010955;5.126359342;0.027171555;0.21420157;2.264543967;0.044952626;0.056190782;0.586559947;0.149055784;0.021415078;4.452890728;-148.2747723;-144.8970134
Model_iteration_49;['YX_N', 'Xmax'];[10.0, 1.15];[15.0, 1.2];;;;;;;;14.75857811;1.193611051;;;;;;;;;;;;;586.6774915;11216.14793;;;;;;0.115151656;0.11738299;9.820552111;0.269593923;0.101015646;5.121092283;0.030424092;0.239842305;2.559936305;0.044867049;0.056083812;0.585749924;0.149063296;0.021416158;4.521832656;-148.2707407;-144.8929818
Model_iteration_46;['YX_N', 'Xmax'];[10.0, 1.15];[15.0, 1.2];;;;;;;;14.71208713;1.193715521;;;;;;;;;;;;;588.5816319;11215.90542;;;;;;0.115211686;0.117444182;9.824279256;0.269650827;0.101036968;5.122534156;0.030312879;0.238965578;2.546824846;0.044888493;0.056110616;0.585976047;0.14909657;0.021420938;4.519903576;-148.2528851;-144.8751261
Model_iteration_30;['YX_C', 'Xmax', 'mu_max'];[0.35, 1.15, 0.08];[0.8, 1.2, 0.16];;;;;;;0.505715924;;1.162954788;0.158133134;;;;;;;;;;;163.463203;;8248.558969;16055.27437;;;;;0.103212667;0.105212654;9.660133633;0.265058821;0.099316363;5.194517728;0.044507269;0.350864242;4.152418014;0.041672094;0.052090118;0.574426201;0.145453166;0.020897485;4.895373894;-148.2320904;-143.165452
Model_iteration_1;['YX_N', 'Xmax', 'mu_max'];[10.0, 1.15, 0.08];[15.0, 1.2, 0.16];;;;;;;;11.61908756;1.167731768;0.108155663;;;;;;;;;;;;480.4860139;4637.24811;9110.364723;;;;;0.106613293;0.108679176;8.539602288;0.263270832;0.098646412;5.014474171;0.028446852;0.224255124;2.453105798;0.058600306;0.073250383;0.751167811;0.145706164;0.020933833;4.189587517;-148.0930611;-143.0264228
Model_iteration_3;['YX_N', 'Xmax', 'mu_max'];[10.0, 1.15, 0.08];[15.0, 1.2, 0.16];;;;;;;;13.53529028;1.194609155;0.143618897;;;;;;;;;;;;610.7631189;7568.712264;14506.61645;;;;;0.112701517;0.114885373;9.049693457;0.263868325;0.09887029;4.911603196;0.028067064;0.221261135;2.319995981;0.043823758;0.054779698;0.538356325;0.145805013;0.020948035;4.20491224;-148.0388064;-142.972168
Model_iteration_29;['YX_N', 'Xmax'];[10.0, 1.15];[15.0, 1.2];;;;;;;;11.44013086;1.195603471;;;;;;;;;;;;;756.587339;11214.06636;;;;;;0.116267089;0.118520036;9.885916959;0.270624617;0.101401843;5.146441096;0.02458367;0.193800489;2.078876436;0.045264481;0.056580601;0.589684685;0.149506647;0.021479855;4.425229794;-148.0331542;-144.6553953
Model_iteration_19;['YX_N', 'Xmax'];[10.0, 1.15];[15.0, 1.2];;;;;;;;13.24850547;1.195545347;;;;;;;;;;;;;654.2769714;11214.50056;;;;;;0.11626004;0.118512851;9.888164951;0.270648342;0.101410732;5.147265767;0.02700611;0.212897314;2.257701742;0.045263475;0.056579343;0.589842859;0.149620381;0.021496195;4.47074383;-147.9723187;-144.5945598
Model_iteration_48;['YX_N', 'Xmax'];[10.0, 1.15];[15.0, 1.2];;;;;;;;13.15524962;1.196143253;;;;;;;;;;;;;659.2845569;11214.15523;;;;;;0.116609134;0.118868709;9.909736975;0.270991235;0.101539212;5.155609291;0.026804168;0.211305352;2.249050174;0.045389072;0.05673634;0.591152093;0.149843728;0.021528284;4.476387133;-147.8529875;-144.4752286
Model_iteration_30;['YX_N', 'Xmax'];[10.0, 1.15];[15.0, 1.2];;;;;;;;12.67479013;1.197541632;;;;;;;;;;;;;685.0322362;11213.22696;;;;;;0.117426364;0.119701775;9.979377964;0.271800817;0.101842559;5.174904876;0.02588736;0.204077876;2.20431256;0.04568346;0.057104325;0.594172143;0.150351063;0.021601173;4.488191886;-147.5825838;-144.2048248
Model_iteration_11;['Xmax', 'mu_max'];[1.15, 0.08];[1.2, 0.16];;;;;;;;;1.180932799;0.104072351;;;;;;;;;;;;;4264.452445;8588.608494;;;;;0.113900178;0.116107261;9.058849327;0.267999071;0.100418062;5.140306084;0.04682947;0.369170848;4.371120509;0.063329716;0.079162145;0.797892578;0.150831367;0.021670179;4.842042124;-147.3274274;-143.9496684
Model_iteration_14;['YX_C', 'YX_N', 'Xmax', 'mu_max'];[0.35, 10.0, 1.15, 0.08];[0.8, 15.0, 1.2, 0.16];;;;;;;0.508531246;14.83989745;1.159927546;0.126458494;;;;;;;;;;;138.5020345;462.1854417;6268.359907;11767.78716;;;;;0.09384901;0.095667554;6.81691813;0.26573293;0.099568949;5.239055831;0.033424813;0.263497888;2.85630101;0.042764431;0.053455539;0.584089614;0.143498817;0.0206167;3.874091146;-147.3142792;-140.5587614
Model_iteration_27;['YX_N', 'Xmax'];[10.0, 1.15];[15.0, 1.2];;;;;;;;12.25059593;1.19897473;;;;;;;;;;;;;709.5660766;11212.36207;;;;;;0.118270065;0.120561825;10.05454642;0.272652346;0.102161623;5.194699527;0.025226854;0.19887091;2.161675744;0.045987892;0.057484864;0.597261451;0.150895983;0.021679463;4.502045786;-147.2931629;-143.915404
Model_iteration_23;['YX_N', 'Xmax', 'mu_max'];[10.0, 1.15, 0.08];[15.0, 1.2, 0.16];;;;;;;;11.01742072;1.175938011;0.1575796;;;;;;;;;;;;805.4932074;8250.453147;16118.39892;;;;;0.109297825;0.111415726;10.0649422;0.268712941;0.100685546;5.102312228;0.024060765;0.189678275;2.004304441;0.043654434;0.054568042;0.599332716;0.147171065;0.021144298;4.442722897;-147.292773;-142.2261347
Model_iteration_5;['YX_N', 'Xmax'];[10.0, 1.15];[15.0, 1.2];;;;;;;;10.02591289;1.199628655;;;;;;;;;;;;;865.4313734;11211.40098;;;;;;0.118617387;0.120915877;10.08245071;0.272962921;0.102277995;5.201360408;0.02650422;0.208940771;2.298483235;0.046111462;0.057639327;0.598261822;0.151168434;0.021718606;4.545139044;-147.1488487;-143.7710898
Model_iteration_36;['YX_N', 'Xmax', 'mu_max'];[10.0, 1.15, 0.08];[15.0, 1.2, 0.16];;;;;;;;12.56635273;1.198382428;0.144527043;;;;;;;;;;;;664.5291646;7628.765455;14666.24076;;;;;0.115266758;0.117500321;9.331242972;0.266746906;0.099948881;4.996306119;0.026073169;0.205542664;2.227633708;0.044702872;0.05587859;0.553753152;0.147579211;0.021202937;4.277233988;-147.0712178;-142.0045794
Model_iteration_35;['YX_C', 'YX_N', 'Xmax'];[0.35, 10.0, 1.15];[0.8, 15.0, 1.2];;;;;;;0.523443736;14.81654538;1.169565222;;;;;;;;;;;;154.0830438;569.77032;11199.85395;;;;;;0.102284876;0.104266886;8.946284505;0.272173456;0.101982185;5.174882485;0.031382055;0.247394214;2.671088462;0.040461229;0.050576536;0.532148369;0.147616505;0.021208295;4.331100955;-147.0510039;-141.9843656
Model_iteration_22;['Xmax', 'mu_max'];[1.15, 0.08];[1.2, 0.16];;;;;;;;;1.158666861;0.104564973;;;;;;;;;;;;;4294.929241;8530.311903;;;;;0.108195746;0.110292292;8.67501992;0.271469409;0.101718382;5.234021932;0.047454115;0.374095116;4.443862801;0.06307153;0.078839413;0.778080123;0.151353783;0.021745236;4.782746194;-147.05082;-143.6730611
Model_iteration_42;['YX_N', 'Xmax', 'mu_max'];[10.0, 1.15, 0.08];[15.0, 1.2, 0.16];;;;;;;;10.73966905;1.18667125;0.152455117;;;;;;;;;;;;810.2688134;8029.546683;15588.58537;;;;;0.112400921;0.114578952;9.856696233;0.268345324;0.100547801;5.099237895;0.024603214;0.193954566;2.013024249;0.044095563;0.055119454;0.587698178;0.147642234;0.021211991;4.389164139;-147.0370618;-141.9704234
Model_iteration_26;['Xmax', 'mu_max'];[1.15, 0.08];[1.2, 0.16];;;;;;;;;1.184519904;0.157961141;;;;;;;;;;;;;8299.920707;16290.48527;;;;;0.114267777;0.116481983;10.44420438;0.273173656;0.102356956;5.241488784;0.043795318;0.345251717;4.072416268;0.045502919;0.056878649;0.62230451;0.151384871;0.021749702;5.095103484;-147.0343896;-143.6566307
Model_iteration_37;['YX_C', 'Xmax'];[0.35, 1.15];[0.8, 1.2];;;;;;;0.534242444;;1.181317645;;;;;;;;;;;;152.79363;;11195.53775;;;;;;0.108349393;0.110448916;9.382662454;0.276782319;0.103709106;5.23368108;0.044206295;0.348491571;4.113860707;0.042483353;0.053104191;0.559068173;0.151745737;0.021801548;4.822318104;-146.8439153;-143.4661564
Model_iteration_19;['Xmax', 'mu_max'];[1.15, 0.08];[1.2, 0.16];;;;;;;;;1.163198165;0.103331033;;;;;;;;;;;;;4179.931849;8373.698691;;;;;0.110352415;0.112490751;8.834609627;0.272442045;0.102082825;5.202093319;0.047409969;0.373747102;4.437607275;0.064494192;0.08061774;0.792498198;0.152323282;0.021884525;4.816702105;-146.5400128;-143.1622539
Model_iteration_39;['Xmax', 'mu_max'];[1.15, 0.08];[1.2, 0.16];;;;;;;;;1.165957658;0.102975925;;;;;;;;;;;;;4147.655703;8336.773506;;;;;0.111279596;0.113435899;8.903163914;0.272388192;0.102062646;5.188246828;0.047354633;0.373310864;4.430877225;0.064873516;0.081091896;0.797671955;0.152503697;0.021910445;4.82998998;-146.4453154;-143.0675565
Model_iteration_25;['YX_N', 'Xmax', 'mu_max'];[10.0, 1.15, 0.08];[15.0, 1.2, 0.16];;;;;;;;11.70385676;1.189940318;0.105182288;;;;;;;;;;;;466.5437352;4368.471086;8796.954633;;;;;0.115778432;0.118021911;9.116169056;0.266127577;0.099716822;5.157929317;0.02863332;0.225725108;2.467652105;0.06221405;0.077767562;0.7938496;0.149096435;0.021420919;4.38390002;-146.2529575;-141.1863191
Model_iteration_46;['YX_C', 'Xmax'];[0.35, 1.15];[0.8, 1.2];;;;;;;0.535361898;;1.177669772;;;;;;;;;;;;151.9281642;;11198.79042;;;;;;0.106418935;0.108481051;9.249671478;0.280377467;0.105056192;5.276451217;0.044326283;0.349437469;4.127400842;0.041826324;0.052282904;0.550899568;0.15301207;0.021983484;4.801105776;-146.1790776;-142.8013187
Model_iteration_20;['YX_N', 'Xmax', 'mu_max'];[10.0, 1.15, 0.08];[15.0, 1.2, 0.16];;;;;;;;11.967234;1.189635937;0.104995002;;;;;;;;;;;;455.0723712;4350.467482;8767.231326;;;;;0.115832375;0.118076899;9.126080006;0.266396185;0.099817468;5.161949852;0.028974945;0.228418239;2.48959532;0.062421903;0.078027379;0.795415319;0.149264956;0.02144513;4.393260124;-146.1625861;-141.0959477
Model_iteration_40;['Xmax', 'mu_max', 'pH_UL'];[1.15, 0.08, 5.5];[1.2, 0.16, 21.0];;;;;;;;;1.199224322;0.112079727;;7.33553857;;;;;;;;;;;1485.138099;3534.390031;;7417.046566;;;0.117503564;0.119780471;9.132023712;0.264200745;0.098994846;5.151017384;0.04613165;0.363669721;4.293952262;0.060754353;0.075942941;0.780727183;0.149522859;0.021482184;4.839430135;-146.0244795;-140.9578411
Model_iteration_12;['YX_N', 'Xmax', 'mu_max', 'pH_UL'];[10.0, 1.15, 0.08, 5.5];[15.0, 1.2, 0.16, 21.0];;;;;;;;13.9230276;1.173383355;0.095675399;;7.870912816;;;;;;;;;;647.0256891;5625.238936;816.2862874;;6010.910235;;;0.107139438;0.109215515;9.213644799;0.267005798;0.100045887;5.008743318;0.028984864;0.228496433;2.379447541;0.041940202;0.052425253;0.556029092;0.146090775;0.020989091;4.289466188;-145.8821683;-139.1266505
Model_iteration_26;['YX_N', 'Xmax', 'mu_max'];[10.0, 1.15, 0.08];[15.0, 1.2, 0.16];;;;;;;;11.77607745;1.151109146;0.105841057;;;;;;;;;;;;453.9988589;4400.033887;8660.98106;;;;;0.105671755;0.107719393;8.466527227;0.271856257;0.101863332;5.318377732;0.029169692;0.229953488;2.495204718;0.061879421;0.077349276;0.761589058;0.149793423;0.021521056;4.260424684;-145.8798494;-140.813211
Model_iteration_17;['Xmax', 'mu_max'];[1.15, 0.08];[1.2, 0.16];;;;;;;;;1.156928979;0.10274167;;;;;;;;;;;;;4122.392523;8254.440736;;;;;0.109918332;0.112048257;8.776992246;0.275536466;0.10324229;5.328921168;0.047640057;0.375560953;4.463577765;0.065500987;0.081876234;0.793430405;0.153754949;0.022090215;4.840730396;-145.7916146;-142.4138556
Model_iteration_48;['YX_N', 'Xmax', 'mu_max'];[10.0, 1.15, 0.08];[15.0, 1.2, 0.16];;;;;;;;13.98688747;1.168066128;0.104213481;;;;;;;;;;;;379.3167237;4257.480377;8514.254031;;;;;0.110465806;0.11260634;8.848240253;0.26967684;0.101046715;5.138981382;0.033382857;0.263167139;2.759063189;0.063299363;0.079124203;0.78799019;0.150041258;0.021556663;4.383568754;-145.7475973;-140.680959
Model_iteration_10;['YX_C', 'Xmax', 'mu_max'];[0.35, 1.15, 0.08];[0.8, 1.2, 0.16];;;;;;;0.529792607;;1.174134284;0.149220432;;;;;;;;;;;152.4881944;;7838.75282;15054.63999;;;;;0.104234276;0.10625406;9.025921182;0.27612911;0.103464351;5.207074284;0.044474334;0.350604604;4.143586753;0.041055416;0.05131927;0.537182235;0.150644933;0.021643394;4.728441113;-145.4263719;-140.3597335
Model_iteration_17;['YX_C', 'YX_N', 'Xmax'];[0.35, 10.0, 1.15];[0.8, 15.0, 1.2];;;;;;;0.481052677;13.88102976;1.194031378;;;;;;;;;;;;171.7065831;623.7132658;11180.26681;;;;;;0.115384711;0.11762056;9.834146966;0.273347658;0.102422154;5.212705843;0.028403113;0.223910315;2.341052536;0.044949855;0.056187319;0.586567407;0.150714797;0.021653431;4.493618188;-145.3892793;-140.3226409
Model_iteration_21;['YX_C', 'YX_N', 'Xmax'];[0.35, 10.0, 1.15];[0.8, 15.0, 1.2];;;;;;;0.45868816;13.81136017;1.159593512;;;;;;;;;;;;174.057388;604.15639;11196.04267;;;;;;0.097639924;0.099531926;8.577383945;0.281353477;0.105421898;5.392043964;0.029321325;0.231148858;2.429554433;0.039024048;0.04878006;0.509206735;0.150893961;0.021679172;4.227047269;-145.2942347;-140.2275963
Model_iteration_27;['YX_N', 'Xmax', 'mu_max'];[10.0, 1.15, 0.08];[15.0, 1.2, 0.16];;;;;;;;14.97567952;1.196807769;0.151177207;;;;;;;;;;;;584.6053057;7956.116242;15515.30481;;;;;0.117629159;0.1199085;10.09007111;0.272663475;0.102165794;5.204957797;0.030748116;0.242396683;2.599275147;0.045855936;0.05731992;0.601547703;0.15102169;0.021697523;4.62396294;-145.2265448;-140.1599064
Model_iteration_24;['YX_N', 'Xmax', 'mu_max'];[10.0, 1.15, 0.08];[15.0, 1.2, 0.16];;;;;;;;14.93391771;1.193406093;0.153424472;;;;;;;;;;;;592.6803086;8105.048188;15811.49646;;;;;0.116818977;0.119082619;10.23008566;0.273057232;0.102313333;5.228629181;0.030631587;0.241478046;2.589769976;0.045792756;0.057240944;0.610268084;0.151031616;0.021698949;4.664688226;-145.2212869;-140.1546485
Model_iteration_6;['YX_N', 'Xmax', 'mu_max'];[10.0, 1.15, 0.08];[15.0, 1.2, 0.16];;;;;;;;11.18572971;1.196721274;0.102779915;;;;;;;;;;;;474.5192886;4136.9567;8467.500285;;;;;0.120133794;0.122461668;9.406291237;0.270191983;0.101239736;5.267205184;0.028471381;0.224448489;2.439814854;0.065261009;0.081576261;0.821239512;0.152073547;0.021848645;4.483637697;-144.6712811;-139.6046427
Model_iteration_45;['YX_C', 'YX_N', 'Xmax', 'mu_max'];[0.35, 10.0, 1.15, 0.08];[0.8, 15.0, 1.2, 0.16];;;;;;;0.482545095;12.33424412;1.184270305;0.105441359;;;;;;;;;;;123.8827181;442.4839912;4374.461277;8801.865966;;;;;0.113700291;0.115903501;9.007648392;0.265500706;0.099481936;5.131348134;0.029553618;0.232980095;2.516550263;0.061788813;0.077236016;0.78758008;0.148416352;0.02132321;4.360781717;-144.6187011;-137.8631833
Model_iteration_12;['Xmax', 'mu_max'];[1.15, 0.08];[1.2, 0.16];;;;;;;;;1.155263877;0.100256363;;;;;;;;;;;;;3880.81011;7873.020775;;;;;0.112582258;0.114763803;8.912701084;0.281302202;0.105402686;5.443049391;0.047876838;0.377427568;4.488672422;0.068943916;0.086179895;0.814311948;0.157203013;0.022585604;4.914683711;-144.0173787;-140.6396198
Model_iteration_29;['YX_C', 'Xmax', 'mu_max'];[0.35, 1.15, 0.08];[0.8, 1.2, 0.16];;;;;;;0.538143698;;1.181888983;0.135286301;;;;;;;;;;;141.4277735;;6993.174109;13237.62105;;;;;0.103171981;0.10517118;7.507184294;0.282945174;0.1060183;5.516580804;0.044850708;0.35357167;4.175972041;0.041670045;0.052087557;0.535232959;0.153663925;0.022077137;4.433742524;-143.8389891;-138.7723508
Model_iteration_3;['YX_C', 'Xmax'];[0.35, 1.15];[0.8, 1.2];;;;;;;0.554753763;;1.198701666;;;;;;;;;;;;149.6648645;;11188.16965;;;;;;0.118210217;0.120500817;10.0564513;0.289856533;0.108607956;5.428195178;0.043636385;0.343998799;4.049284359;0.045972248;0.05746531;0.597719805;0.159693493;0.022943415;5.032912662;-142.7599177;-139.3821587
Model_iteration_43;['YX_C', 'Xmax'];[0.35, 1.15];[0.8, 1.2];;;;;;;0.461257514;;1.180272124;;;;;;;;;;;;176.7618641;;11188.59105;;;;;;0.10776752;0.109855768;9.340821408;0.294621838;0.110393495;5.621041404;0.044242354;0.348775829;4.117917377;0.042283522;0.052854403;0.556480536;0.159813288;0.022960626;4.909065181;-142.6999276;-139.3221687
Model_iteration_34;['YX_N', 'Xmax', 'mu_max'];[10.0, 1.15, 0.08];[15.0, 1.2, 0.16];;;;;;;;11.31173054;1.166611827;0.098441324;;;;;;;;;;;;431.7692076;3704.276807;7653.85163;;;;;0.116478667;0.118735714;9.204070668;0.281536955;0.105490647;5.316405628;0.029171846;0.229970468;2.503059999;0.071076833;0.088846042;0.838712824;0.157109237;0.022572131;4.46556228;-142.0651151;-136.9984768
Model_iteration_24;['Xmax', 'mu_max'];[1.15, 0.08];[1.2, 0.16];;;;;;;;;1.174712805;0.095765694;;;;;;;;;;;;;3467.123598;7313.296143;;;;;0.121056052;0.123401797;9.482050531;0.285294119;0.10689844;5.322348653;0.047667267;0.375775458;4.460625115;0.07457796;0.09322245;0.867422191;0.161153144;0.023153125;5.033111622;-142.0320132;-138.6542542
Model_iteration_37;['YX_C', 'Xmax', 'mu_max'];[0.35, 1.15, 0.08];[0.8, 1.2, 0.16];;;;;;;0.479309198;;1.184881475;0.098019198;;;;;;;;;;;114.2757128;;3671.383917;7698.018046;;;;;0.120940436;0.123283941;9.529880538;0.277526465;0.103987934;5.362486567;0.047188389;0.372000316;4.406753205;0.071214947;0.089018684;0.855897969;0.157278289;0.022596419;5.03875457;-141.9790803;-136.9124419
Model_iteration_25;['YX_C', 'Xmax'];[0.35, 1.15];[0.8, 1.2];;;;;;;0.556210102;;1.193634855;;;;;;;;;;;;148.5414254;;11191.28027;;;;;;0.115234542;0.117467482;9.83243482;0.29562739;0.11077027;5.545776537;0.043801951;0.345304002;4.068092749;0.044900397;0.056125496;0.586528518;0.161716735;0.023234097;5.008208156;-141.7527218;-138.3749629
Model_iteration_14;['YX_C', 'YX_N', 'Xmax'];[0.35, 10.0, 1.15];[0.8, 15.0, 1.2];;;;;;;0.549043167;12.99352476;1.187670564;;;;;;;;;;;;149.5195975;661.7076679;11190.56398;;;;;;0.111770452;0.113936267;9.603953024;0.290528614;0.108859782;5.453399035;0.026687876;0.210388583;2.243768128;0.04366841;0.054585512;0.572560546;0.157732909;0.022661735;4.468420183;-141.74817;-136.6815316
Model_iteration_34;['Xmax', 'mu_max'];[1.15, 0.08];[1.2, 0.16];;;;;;;;;1.181814915;0.094619313;;;;;;;;;;;;;3363.186401;7179.021316;;;;;0.123842428;0.126242165;9.654978639;0.286446766;0.107330331;5.366250244;0.04755938;0.374924952;4.447077819;0.076098902;0.095123628;0.882401641;0.162358888;0.023326356;5.087677086;-141.4356829;-138.057924
Model_iteration_33;['YX_C', 'YX_N', 'Xmax', 'mu_max'];[0.35, 10.0, 1.15, 0.08];[0.8, 15.0, 1.2, 0.16];;;;;;;0.500720118;14.67281129;1.18773256;0.10343028;;;;;;;;;;;117.1041124;363.1506886;4184.479638;8518.799662;;;;;0.116558769;0.118817368;9.214837337;0.276862422;0.10373912;5.370512002;0.034366148;0.270918723;2.87228604;0.064223341;0.080279176;0.80875223;0.1545513;0.022204628;4.566596902;-141.3783361;-134.6228183
Model_iteration_19;['YX_C', 'YX_N', 'Xmax', 'mu_max'];[0.35, 10.0, 1.15, 0.08];[0.8, 15.0, 1.2, 0.16];;;;;;;0.496505241;12.97027172;1.169688627;0.103615249;;;;;;;;;;;116.4409866;406.1206939;4187.063776;8438.481723;;;;;0.111445658;0.113605178;8.917390245;0.279874378;0.104867687;5.517390236;0.031249951;0.246352794;2.581056246;0.064031304;0.08003913;0.794657244;0.154779173;0.022237367;4.452623493;-141.2604697;-134.5049518
Model_iteration_21;['YX_C', 'Xmax'];[0.35, 1.15];[0.8, 1.2];;;;;;;0.550645859;;1.174718491;;;;;;;;;;;;147.2854508;;11201.84761;;;;;;0.104899582;0.106932257;9.142621553;0.30306145;0.11355578;5.698474606;0.044423228;0.35020172;4.138329339;0.041318127;0.051647659;0.544313361;0.163195263;0.02344652;4.880934715;-141.024629;-137.6468701
Model_iteration_42;['YX_C', 'YX_N', 'Xmax', 'mu_max'];[0.35, 10.0, 1.15, 0.08];[0.8, 15.0, 1.2, 0.16];;;;;;;0.46523382;10.47956369;1.18927039;0.101115864;;;;;;;;;;;122.6445525;491.8807526;3951.604708;8164.823452;;;;;0.119153985;0.121462873;9.404762702;0.27737478;0.103931098;5.445177756;0.028670959;0.226021828;2.462176745;0.067203539;0.084004423;0.83153998;0.155300338;0.022312243;4.535914296;-140.9915497;-134.2360319
Model_iteration_15;['Xmax', 'mu_max'];[1.15, 0.08];[1.2, 0.16];;;;;;;;;1.160344904;0.095375431;;;;;;;;;;;;;3556.731962;7299.082623;;;;;0.119232021;0.121542421;9.260857565;0.290599746;0.108886435;5.516456478;0.048115178;0.379306475;4.512323999;0.075717972;0.094647465;0.859395814;0.163334602;0.023466539;5.037258464;-140.9563527;-137.5785938
Model_iteration_2;['YX_C', 'Xmax'];[0.35, 1.15];[0.8, 1.2];;;;;;;0.452420302;;1.172695664;;;;;;;;;;;;178.8689476;;11194.06525;;;;;;0.103848465;0.105860772;9.063977374;0.305538002;0.114483733;5.791629853;0.044492123;0.35074484;4.146067219;0.040970188;0.051212735;0.539434774;0.164161566;0.02358535;4.885277305;-140.552334;-137.1745751
Model_iteration_4;['YX_N', 'Xmax', 'mu_max'];[10.0, 1.15, 0.08];[15.0, 1.2, 0.16];;;;;;;;12.15247715;1.185540821;0.094853916;;;;;;;;;;;;386.3782259;3377.500124;7221.078549;;;;;0.124448941;0.126860431;9.704111068;0.285402993;0.106939234;5.383664114;0.030475421;0.240246947;2.576223283;0.075768056;0.09471007;0.883413338;0.160944056;0.023123085;4.636852951;-140.1358762;-135.0692379
Model_iteration_46;['YX_C', 'Xmax', 'mu_max'];[0.35, 1.15, 0.08];[0.8, 1.2, 0.16];;;;;;;0.533698414;;1.180371199;0.116043604;;;;;;;;;;;124.1899759;;5396.895726;10396.0013;;;;;0.104900964;0.106933666;8.029594065;0.296680251;0.111164773;6.076572842;0.046004995;0.362671262;4.2890718;0.05086444;0.06358055;0.683292788;0.161033408;0.023135922;4.769632874;-140.0914745;-135.0248361
Model_iteration_9;['Xmax', 'mu_max'];[1.15, 0.08];[1.2, 0.16];;;;;;;;;1.168424646;0.092880393;;;;;;;;;;;;;3201.002141;6862.442307;;;;;0.123439711;0.125831645;9.499565598;0.293962159;0.110146316;5.457828194;0.048091865;0.379122689;4.507834077;0.079131943;0.098914929;0.885483541;0.166001359;0.023849676;5.087677853;-139.6607442;-136.2829853
Model_iteration_8;['YX_N', 'Xmax', 'mu_max'];[10.0, 1.15, 0.08];[15.0, 1.2, 0.16];;;;;;;;13.42363995;1.194876585;0.093686296;;;;;;;;;;;;345.9036769;3273.624292;7093.941161;;;;;0.128073025;0.13055474;9.913741327;0.287042898;0.107553699;5.459356722;0.03272491;0.257980345;2.654975551;0.077398922;0.096748653;0.900230266;0.162679008;0.023372348;4.732075967;-139.2781039;-134.2114655
Model_iteration_18;['Xmax', 'mu_max'];[1.15, 0.08];[1.2, 0.16];;;;;;;;;1.173245133;0.091493154;;;;;;;;;;;;;3078.701435;6685.205704;;;;;0.125888666;0.128328054;9.627752881;0.296010537;0.110913834;5.418194012;0.048074997;0.378989713;4.504923244;0.081096661;0.101370826;0.899825622;0.167599275;0.024079251;5.11267394;-138.8943533;-135.5165944
Model_iteration_48;['YX_C', 'YX_N', 'Xmax', 'mu_max'];[0.35, 10.0, 1.15, 0.08];[0.8, 15.0, 1.2, 0.16];;;;;;;0.549129997;11.48948478;1.180218175;0.142037145;;;;;;;;;;;143.2024232;699.3881182;7425.924844;14142.51567;;;;;0.104272207;0.106292726;8.331057486;0.297573462;0.111499455;5.683921049;0.025182662;0.198522528;2.157503021;0.041119229;0.051399037;0.502618369;0.159489511;0.022914108;4.168774981;-138.8621699;-132.1066521
Model_iteration_49;['YX_N', 'Xmax', 'mu_max'];[10.0, 1.15, 0.08];[15.0, 1.2, 0.16];;;;;;;;13.66912955;1.172880372;0.093273815;;;;;;;;;;;;332.6705187;3318.224069;7010.333916;;;;;0.123662803;0.12605906;9.557570705;0.291697522;0.109297766;5.377487;0.033837222;0.266749034;2.736692482;0.078408883;0.098011104;0.886018625;0.164067702;0.023571864;4.639442203;-138.5980895;-133.5314511
Model_iteration_33;['YX_C', 'YX_N', 'Xmax'];[0.35, 10.0, 1.15];[0.8, 15.0, 1.2];;;;;;;0.546446085;10.37508665;1.159388929;;;;;;;;;;;;146.034236;802.0790162;11207.45277;;;;;;0.097532005;0.099421917;8.565880951;0.310105079;0.116194996;5.83514355;0.024725849;0.194921333;2.029478107;0.038991647;0.048739558;0.508472974;0.164171685;0.023586804;4.234743896;-138.5474032;-133.4807648
Model_iteration_27;['Xmax', 'mu_max'];[1.15, 0.08];[1.2, 0.16];;;;;;;;;1.166827156;0.091435243;;;;;;;;;;;;;3072.470206;6648.067021;;;;;0.125056847;0.127480117;9.520191375;0.298247248;0.11175192;5.524823888;0.04826322;0.38047353;4.526783793;0.081463069;0.101828837;0.894980397;0.168490509;0.024207296;5.116694863;-138.4700688;-135.0923099
Model_iteration_12;['YX_N', 'Xmax', 'mu_max'];[10.0, 1.15, 0.08];[15.0, 1.2, 0.16];;;;;;;;12.55380335;1.158266219;0.093503621;;;;;;;;;;;;359.7863944;3252.915688;6901.679703;;;;;0.121434226;0.123787299;9.301754676;0.296216325;0.110990942;5.607426986;0.031885976;0.251366773;2.625219395;0.078748578;0.098435723;0.872480397;0.16561132;0.023793638;4.601720363;-137.8489347;-132.7822964
Model_iteration_1;['YX_C', 'YX_N', 'Xmax', 'mu_max', 'pH_UL'];[0.35, 10.0, 1.15, 0.08, 5.5];[0.8, 15.0, 1.2, 0.16, 21.0];;;;;;;0.48125776;13.79793431;1.194989828;0.112086336;;6.958124805;;;;;;;;;102.8343661;326.8194077;577.2261287;877.2127271;;6731.000665;;;0.118677752;0.120977412;8.590881238;0.280083738;0.104946133;5.057699935;0.033910255;0.26732478;2.693929969;0.07801669;0.097520863;0.831982725;0.157930221;0.022690083;4.293623467;-137.6481587;-129.2037615
Model_iteration_39;['YX_C', 'Xmax'];[0.35, 1.15];[0.8, 1.2];;;;;;;0.449839991;;1.180035485;;;;;;;;;;;;181.200919;;11187.13382;;;;;;0.107637073;0.109722793;9.331470127;0.319704491;0.119791853;6.081590487;0.044250465;0.348839775;4.11883023;0.042238885;0.052798606;0.555902229;0.171419754;0.024628145;5.021948268;-137.0912025;-133.7134436
Model_iteration_14;['YX_N', 'Xmax', 'mu_max'];[10.0, 1.15, 0.08];[15.0, 1.2, 0.16];;;;;;;;13.07229887;1.183438796;0.090321194;;;;;;;;;;;;334.5169761;2858.92164;6425.922972;;;;;0.129090403;0.131591832;9.830260801;0.296482118;0.111090533;5.425453423;0.032725195;0.257982595;2.659060642;0.082675401;0.103344252;0.916603494;0.16768433;0.024091471;4.70784459;-136.8537643;-131.7871259
Model_iteration_7;['Xmax', 'mu_max'];[1.15, 0.08];[1.2, 0.16];;;;;;;;;1.179488769;0.088233896;;;;;;;;;;;;;2793.511757;6243.60516;;;;;0.130918683;0.13345554;9.807482249;0.302907866;0.113498232;5.415903742;0.048194711;0.37993346;4.516860381;0.086092688;0.10761586;0.927666228;0.172211758;0.024741933;5.16697815;-136.7224329;-133.344674
Model_iteration_22;['YX_C', 'YX_N', 'Xmax', 'pH_UL'];[0.35, 10.0, 1.15, 5.5];[0.8, 15.0, 1.2, 21.0];;;;;;;0.543351543;14.4553249;1.182465019;;;6.663718349;;;;;;;;;139.0054877;477.6973903;5853.829621;;;235261.0938;;;0.095634422;0.097487563;10.45082427;0.308900802;0.115743759;6.193079009;0.031124683;0.245365272;2.610130495;0.046423984;0.058029979;0.648054867;0.164080453;0.023573696;4.975522159;-136.5918725;-129.8363547
Model_iteration_21;['YX_N', 'Xmax', 'mu_max'];[10.0, 1.15, 0.08];[15.0, 1.2, 0.16];;;;;;;;14.54977009;1.159846287;0.090941955;;;;;;;;;;;;298.9510645;3022.901953;6539.598991;;;;;0.124977224;0.127398951;9.412404309;0.302363926;0.113294421;5.652989662;0.03637141;0.286726803;3.016997703;0.082667488;0.10333436;0.892685609;0.169705659;0.024381878;4.743769321;-135.8951807;-130.8285423
Model_iteration_29;['YX_N', 'Xmax', 'mu_max'];[10.0, 1.15, 0.08];[15.0, 1.2, 0.16];;;;;;;;11.7838424;1.171472909;0.089687505;;;;;;;;;;;;364.412581;2987.121127;6504.718251;;;;;0.127913934;0.130392566;9.638141819;0.30144912;0.112951647;5.496512832;0.030753703;0.242440727;2.589440256;0.08412207;0.105152588;0.911030355;0.169746767;0.024387784;4.658781315;-135.8758047;-130.8091664
Model_iteration_9;['YX_N', 'Xmax', 'mu_max'];[10.0, 1.15, 0.08];[15.0, 1.2, 0.16];;;;;;;;13.18902518;1.17369896;0.089553057;;;;;;;;;;;;325.5070906;2902.405254;6402.936332;;;;;0.128390168;0.130878028;9.680534511;0.301072728;0.112810614;5.463541754;0.033290059;0.262435588;2.67427852;0.084225759;0.105282198;0.913854287;0.169802112;0.024395736;4.683052268;-135.8497253;-130.783087
Model_iteration_46;['Xmax', 'mu_max'];[1.15, 0.08];[1.2, 0.16];;;;;;;;;1.185643338;0.08673611;;;;;;;;;;;;;2675.701147;6074.040088;;;;;0.133793384;0.136385944;9.928326806;0.305485956;0.114464231;5.452349619;0.048165056;0.379699676;4.51254335;0.088363661;0.110454576;0.94229907;0.174176884;0.025024266;5.208879711;-135.8147137;-132.4369548
Model_iteration_47;['YX_C', 'Xmax', 'mu_max'];[0.35, 1.15, 0.08];[0.8, 1.2, 0.16];;;;;;;0.433423975;;1.169669998;0.097034558;;;;;;;;;;;123.1504594;;3566.256979;7465.512613;;;;;0.118629519;0.120928244;9.332515692;0.307127394;0.115079271;6.0712568;0.047710617;0.376117195;4.466748647;0.072904668;0.091130835;0.852886646;0.170287692;0.0244655;5.180851946;-135.6212773;-130.5546389
Model_iteration_16;['YX_C', 'Xmax', 'mu_max'];[0.35, 1.15, 0.08];[0.8, 1.2, 0.16];;;;;;;0.549399904;;1.151975746;0.15397802;;;;;;;;;;;146.5868531;;8033.90914;15413.22461;;;;;0.096288182;0.098153991;8.777512134;0.321231263;0.120363928;6.020425308;0.045024669;0.354943056;4.208018;0.038946348;0.048682935;0.520980055;0.170297517;0.024466912;4.881733874;-135.6166618;-130.5500234
Model_iteration_27;['YX_C', 'Xmax'];[0.35, 1.15];[0.8, 1.2];;;;;;;0.567641533;;1.176987683;;;;;;;;;;;;143.1997832;;11203.32425;;;;;;0.106071368;0.108126749;9.226051525;0.327408362;0.12267846;6.092517847;0.044348176;0.349610061;4.129874445;0.041709484;0.052136855;0.549453005;0.174752548;0.025106973;4.999474206;-135.5507452;-132.1729863
Model_iteration_4;['YX_C', 'Xmax'];[0.35, 1.15];[0.8, 1.2];;;;;;;0.563206943;;1.166531135;;;;;;;;;;;;142.8393739;;11208.20383;;;;;;0.100875148;0.102829841;8.844366037;0.330254758;0.123744991;6.144218584;0.044693283;0.352330645;4.168700588;0.040013973;0.050017466;0.525877156;0.175244549;0.025177659;4.920790591;-135.3258285;-131.9480696
Model_iteration_26;['YX_C', 'YX_N', 'Xmax', 'mu_max'];[0.35, 10.0, 1.15, 0.08];[0.8, 15.0, 1.2, 0.16];;;;;;;0.437149609;11.36059756;1.18104315;0.105215908;;;;;;;;;;;135.9406671;477.4475594;4343.025198;8741.676437;;;;;0.112909721;0.115097611;8.975604752;0.309578533;0.115997702;5.938651021;0.028370369;0.223652185;2.445920727;0.062043448;0.07755431;0.787662251;0.168257051;0.024173755;4.536959688;-134.5809924;-127.8254746
Model_iteration_35;['Xmax', 'mu_max', 'pH_UL'];[1.15, 0.08, 5.5];[1.2, 0.16, 21.0];;;;;;;;;1.151923743;0.094072995;;7.347229006;;;;;;;;;;;804.0514958;2686.703446;;4855.821178;;;0.124675865;0.127091752;9.196810646;0.307356156;0.115164987;5.785192317;0.048816463;0.384834916;4.591812953;0.083992329;0.104990411;0.88113658;0.172807433;0.024827515;5.113738124;-134.4461926;-129.3795542
Model_iteration_43;['YX_N', 'Xmax', 'mu_max'];[10.0, 1.15, 0.08];[15.0, 1.2, 0.16];;;;;;;;12.96132173;1.194203318;0.086656132;;;;;;;;;;;;320.0890117;2665.963875;6091.733303;;;;;0.135514653;0.138140567;10.07089536;0.304038931;0.113922038;5.503299371;0.032748906;0.258169515;2.664992044;0.088342174;0.110427717;0.949849075;0.172974509;0.024851519;4.797258961;-134.3688833;-129.3022449
Model_iteration_2;['YX_N', 'Xmax', 'mu_max'];[10.0, 1.15, 0.08];[15.0, 1.2, 0.16];;;;;;;;13.62651174;1.164141202;0.088208115;;;;;;;;;;;;306.5092475;2773.268385;6153.673045;;;;;0.129072239;0.131573316;9.539277996;0.308358095;0.115540409;5.653733079;0.034624006;0.272951493;2.775234948;0.086898729;0.108623411;0.914630118;0.173561638;0.024935873;4.720719035;-134.0977984;-129.0311601
Model_iteration_46;['YX_C', 'YX_N', 'Xmax', 'mu_max'];[0.35, 10.0, 1.15, 0.08];[0.8, 15.0, 1.2, 0.16];;;;;;;0.571851657;11.52334499;1.198567194;0.14342051;;;;;;;;;;;140.9415636;718.2993469;7550.78666;14518.05332;;;;;0.114891038;0.117117321;9.198855787;0.315805245;0.118330823;6.006825101;0.02503666;0.197371553;2.129990796;0.044581465;0.055726831;0.545342751;0.169961205;0.024418593;4.470253609;-133.7748059;-127.0192881
Model_iteration_16;['YX_N', 'Xmax', 'mu_max'];[10.0, 1.15, 0.08];[15.0, 1.2, 0.16];;;;;;;;14.72168208;1.155077058;0.088752707;;;;;;;;;;;;284.5801996;2840.53255;6220.947472;;;;;0.127696169;0.130170582;9.377299897;0.310811619;0.116459734;5.788087959;0.037151126;0.292873541;3.113358729;0.086551071;0.108188839;0.903458716;0.174486008;0.025068679;4.795551325;-133.6728579;-128.6062195
Model_iteration_41;['YX_N', 'Xmax', 'mu_max'];[10.0, 1.15, 0.08];[15.0, 1.2, 0.16];;;;;;;;10.14109319;1.153160833;0.088519849;;;;;;;;;;;;410.4824826;2809.595301;6165.740561;;;;;0.127973187;0.130452967;9.342835194;0.312566412;0.117117247;5.825686629;0.029667299;0.233876273;2.490297222;0.087141034;0.108926292;0.907423617;0.175034716;0.025147512;4.641560665;-133.421676;-128.3550376
Model_iteration_6;['YX_C', 'Xmax', 'mu_max'];[0.35, 1.15, 0.08];[0.8, 1.2, 0.16];;;;;;;0.436341392;;1.179149406;0.091435258;;;;;;;;;;;114.1782716;;3061.556635;6698.081428;;;;;0.126957346;0.129417442;9.728612826;0.31265462;0.117150298;6.216293986;0.047913765;0.377718678;4.486092964;0.081001558;0.101251948;0.905020383;0.175162825;0.025165918;5.33400504;-133.3631449;-128.2965065
Model_iteration_18;['YX_C', 'Xmax'];[0.35, 1.15];[0.8, 1.2];;;;;;;0.570248545;;1.168882739;;;;;;;;;;;;141.4071271;;11206.91698;;;;;;0.102002175;0.103978706;8.930411363;0.339654053;0.127266866;6.279748353;0.044615468;0.351717202;4.159960333;0.040372089;0.050465111;0.531209717;0.179853944;0.025839898;4.975332442;-133.2488143;-129.8710554
Model_iteration_23;['YX_C', 'Xmax', 'mu_max'];[0.35, 1.15, 0.08];[0.8, 1.2, 0.16];;;;;;;0.563665564;;1.196449171;0.118616315;;;;;;;;;;;122.0816364;;5662.208936;10910.17679;;;;;0.110602644;0.11274583;8.005358077;0.326295807;0.12226159;6.602331864;0.045345296;0.357470661;4.215888605;0.050054055;0.062567569;0.667400411;0.175544512;0.025220756;4.872744739;-133.1890109;-128.1223726
Model_iteration_13;['YX_C', 'YX_N', 'Xmax', 'mu_max'];[0.35, 10.0, 1.15, 0.08];[0.8, 15.0, 1.2, 0.16];;;;;;;0.452885654;14.5283143;1.19489462;0.142997782;;;;;;;;;;;176.9817979;566.6598657;7509.563812;14421.24988;;;;;0.112596413;0.114778232;8.979278637;0.319678065;0.119781951;6.034572642;0.030310549;0.238947208;2.5318718;0.043802605;0.054753256;0.533934457;0.171544028;0.024646;4.519914384;-133.0332256;-126.2777078
Model_iteration_35;['Xmax', 'mu_max'];[1.15, 0.08];[1.2, 0.16];;;;;;;;;1.169660039;0.084188821;;;;;;;;;;;;;2461.177243;5643.695483;;;;;0.135159127;0.137778152;9.646060069;0.318436884;0.119316887;5.657467418;0.048862204;0.385195505;4.592648377;0.093421993;0.116777491;0.970810641;0.180821198;0.025978865;5.216746627;-132.8197274;-129.4419685
Model_iteration_13;['YX_N', 'Xmax', 'mu_max'];[10.0, 1.15, 0.08];[15.0, 1.2, 0.16];;;;;;;;13.25326277;1.150658754;0.088034878;;;;;;;;;;;;311.514755;2773.465084;6094.340877;;;;;0.128594042;0.131085853;9.310258866;0.315256996;0.118125397;5.878237731;0.034220987;0.269774375;2.742114981;0.088091513;0.110114391;0.916041525;0.176673846;0.025383009;4.711663276;-132.6759938;-127.6093554
Model_iteration_44;['Xmax', 'mu_max'];[1.15, 0.08];[1.2, 0.16];;;;;;;;;1.153222711;0.085752143;;;;;;;;;;;;;2588.607488;5795.767829;;;;;0.132039278;0.134597849;9.371889688;0.321039586;0.120292107;5.890255165;0.049170423;0.38762529;4.628926911;0.091754222;0.114692778;0.951854232;0.181202479;0.026033645;5.210731499;-132.6512162;-129.2734573
Model_iteration_7;['YX_C', 'YX_N', 'Xmax', 'mu_max'];[0.35, 10.0, 1.15, 0.08];[0.8, 15.0, 1.2, 0.16];;;;;;;0.440090742;11.07916156;1.156703438;0.157809626;;;;;;;;;;;186.3024762;785.1134767;8198.977304;15911.81316;;;;;0.100079526;0.102018801;9.371673799;0.327395036;0.122673466;6.28337451;0.024029794;0.189434122;2.035968972;0.040588695;0.050735869;0.556690024;0.172791995;0.024825297;4.561926826;-132.45334;-125.6978222
Model_iteration_8;['YX_C', 'Xmax'];[0.35, 1.15];[0.8, 1.2];;;;;;;0.582191823;;1.187201191;;;;;;;;;;;;141.0308016;;11197.00339;;;;;;0.111580635;0.113742771;9.5989333;0.341306059;0.127885865;6.308497093;0.044012281;0.346962101;4.09193396;0.043605425;0.054506781;0.57231352;0.182193975;0.026176094;5.142919468;-132.214669;-128.8369101
Model_iteration_41;['Xmax', 'mu_max'];[1.15, 0.08];[1.2, 0.16];;;;;;;;;1.185116562;0.082086473;;;;;;;;;;;;;2293.858092;5410.845769;;;;;0.139720477;0.142427889;9.876526613;0.31979275;0.119824924;5.506679197;0.048651348;0.383533263;4.567222999;0.096420001;0.120525001;1.001024168;0.182656087;0.026242487;5.237863244;-132.0120159;-128.634257
Model_iteration_39;['YX_C', 'Xmax', 'mu_max'];[0.35, 1.15, 0.08];[0.8, 1.2, 0.16];;;;;;;0.428577458;;1.167935606;0.132640954;;;;;;;;;;;172.3905503;;6757.847784;12719.14817;;;;;0.096418397;0.098286729;7.145997702;0.338872985;0.126974203;6.329037154;0.04543504;0.358178136;4.240053879;0.040648939;0.050811174;0.546156724;0.178779254;0.025685496;4.565311365;-131.7282763;-126.6616379
Model_iteration_44;['YX_C', 'Xmax', 'mu_max'];[0.35, 1.15, 0.08];[0.8, 1.2, 0.16];;;;;;;0.455946202;;1.198989865;0.153755856;;;;;;;;;;;184.8017781;;8114.802137;15912.8059;;;;;0.12033832;0.122670157;10.52670584;0.331703485;0.124287823;6.371534609;0.043477965;0.342749927;4.033864076;0.047123326;0.058904158;0.625392447;0.179317773;0.025762866;5.389374242;-131.4876623;-126.421024
Model_iteration_20;['YX_C', 'YX_N', 'Xmax'];[0.35, 10.0, 1.15];[0.8, 15.0, 1.2];;;;;;;0.566993077;13.82454813;1.16082758;;;;;;;;;;;;141.0136687;604.7182416;11208.67398;;;;;;0.098211158;0.100114229;8.627407184;0.342338409;0.128272682;6.32574554;0.029309237;0.231053566;2.427941806;0.039194413;0.048993016;0.512356752;0.179747219;0.025824565;4.473362821;-131.2963002;-126.2296618
Model_iteration_2;['YX_C', 'YX_N', 'Xmax'];[0.35, 10.0, 1.15];[0.8, 15.0, 1.2];;;;;;;0.433865265;11.69050944;1.16473334;;;;;;;;;;;;184.9039927;716.4866521;11190.14113;;;;;;0.099926655;0.101862968;8.7588452;0.343623244;0.128754104;6.640182113;0.024969443;0.196841655;2.143888779;0.039715621;0.049644526;0.520471487;0.18045988;0.025926954;4.515846895;-130.9797437;-125.9131053
Model_iteration_29;['YX_C', 'YX_N', 'Xmax', 'mu_max'];[0.35, 10.0, 1.15, 0.08];[0.8, 15.0, 1.2, 0.16];;;;;;;0.487995519;11.67570795;1.171998392;0.086901513;;;;;;;;;;;94.80806914;351.8008669;2666.365057;6013.624968;;;;;0.1316334;0.134184105;9.684195567;0.313018366;0.117286592;5.694687096;0.030934511;0.243866089;2.596510166;0.088699065;0.110873832;0.9293026;0.176162083;0.025309483;4.726173857;-130.9080627;-124.1525448
Model_iteration_17;['YX_N', 'Xmax', 'mu_max'];[10.0, 1.15, 0.08];[15.0, 1.2, 0.16];;;;;;;;13.02881141;1.182148881;0.082716155;;;;;;;;;;;;295.8963934;2338.775889;5480.356539;;;;;0.13849222;0.141175831;9.831543717;0.318754843;0.119436024;5.510021241;0.033689825;0.265587064;2.691977954;0.095477391;0.119346738;0.991805487;0.180994255;0.026003729;4.7563371;-130.7431992;-125.6765608
Model_iteration_49;['Xmax', 'mu_max'];[1.15, 0.08];[1.2, 0.16];;;;;;;;;1.156220673;0.083164137;;;;;;;;;;;;;2382.122764;5456.149225;;;;;0.136088996;0.138726039;9.401343127;0.328239828;0.122990006;5.898806256;0.049341275;0.388972165;4.647703612;0.096132728;0.12016591;0.994439951;0.1856998;0.026679782;5.235573236;-130.6899112;-127.3121523
Model_iteration_31;['Xmax', 'pH_UL'];[1.15, 5.5];[1.2, 21.0];;;;;;;;;1.188220457;;;7.711377209;;;;;;;;;;;9662.860305;;;139827.3027;;;0.146985277;0.149833462;15.2280186;0.331474;0.124201836;6.339554178;0.042324899;0.333659961;3.92695454;0.069875918;0.087344897;0.875700722;0.185845181;0.026700669;6.592557011;-130.6273049;-127.249546
Model_iteration_17;['YX_C', 'Xmax'];[0.35, 1.15];[0.8, 1.2];;;;;;;0.573394932;;1.158333068;;;;;;;;;;;;139.159819;;11214.23393;;;;;;0.097161742;0.099044479;8.545306966;0.355901995;0.133354897;6.643647929;0.044964624;0.354469705;4.199121912;0.038884876;0.048606095;0.507276707;0.186842504;0.026843956;4.973838378;-130.1991393;-126.8213804
Model_iteration_18;['YX_C', 'YX_N', 'Xmax', 'mu_max'];[0.35, 10.0, 1.15, 0.08];[0.8, 15.0, 1.2, 0.16];;;;;;;0.567569716;12.34987689;1.168728663;0.140917439;;;;;;;;;;;136.2535095;637.8835055;7333.894394;13873.61767;;;;;0.098348383;0.100254114;7.78187007;0.33864046;0.126887077;6.441701366;0.026541437;0.209234164;2.262912541;0.039461293;0.049326616;0.495565367;0.177912484;0.025560966;4.245512336;-130.1170811;-123.3615633
Model_iteration_10;['YX_C', 'Xmax'];[0.35, 1.15];[0.8, 1.2];;;;;;;0.444984062;;1.194378363;;;;;;;;;;;;185.7620264;;11178.29653;;;;;;0.115627246;0.117867795;9.853719061;0.350866991;0.131468304;6.786049788;0.043780258;0.345132993;4.065606814;0.045039366;0.056299207;0.587788532;0.187364992;0.026919022;5.323291049;-129.9757388;-126.5979799
Model_iteration_25;['YX_C', 'pH_UL'];[0.35, 5.5];[0.8, 21.0];;;;;;;0.635519611;;;;;6.701885866;;;;;;;;;134.1487776;;;;;367762.1253;;;0.259597867;0.264628184;23.06284145;0.255246295;0.095639653;4.917766144;0.038057004;0.300014852;3.37688961;0.098384601;0.122980751;1.234853259;0.189518857;0.027228472;8.148087615;-129.06134;-125.683581
Model_iteration_17;['YX_C', 'YX_N', 'pH_UL'];[0.35, 10.0, 5.5];[0.8, 15.0, 21.0];;;;;;;0.619034152;11.00856233;;;;6.668587952;;;;;;;;;141.2780017;934.6919761;;;;434771.6022;;;0.259769219;0.264802856;23.7602645;0.244494332;0.091610941;4.525367133;0.030662471;0.241721516;2.780376424;0.099381702;0.124227127;1.256288442;0.185791843;0.026693006;8.080574125;-128.6502686;-123.5836302
Model_iteration_24;['YX_C', 'YX_N', 'Xmax', 'mu_max'];[0.35, 10.0, 1.15, 0.08];[0.8, 15.0, 1.2, 0.16];;;;;;;0.420745864;11.98804476;1.170392011;0.093062543;;;;;;;;;;;120.1673562;377.169465;3425.432454;7106.71508;;;;;0.123515341;0.12590874;9.520322309;0.333994305;0.125146183;6.670943997;0.030677048;0.241836431;2.584702542;0.078865939;0.098582424;0.885574749;0.183008984;0.026293188;4.915385899;-127.8576028;-121.102085
Model_iteration_38;['YX_C', 'Xmax'];[0.35, 1.15];[0.8, 1.2];;;;;;;0.592953764;;1.182717484;;;;;;;;;;;;137.8664279;;11198.44266;;;;;;0.10911713;0.11123153;9.435836753;0.363974577;0.136379658;6.840860738;0.04415932;0.348121249;4.108563445;0.042747999;0.053434999;0.562339706;0.192458747;0.02765085;5.23690016;-127.8298758;-124.4521169
Model_iteration_27;['YX_N', 'Xmax', 'pH_UL'];[10.0, 1.15, 5.5];[15.0, 1.2, 21.0];;;;;;;;11.85176571;1.182495617;;;7.741704994;;;;;;;;;;899.0637864;9810.674882;;;147299.304;;;0.149226394;0.152118005;15.65963608;0.337527753;0.12647015;6.378451239;0.021852969;0.172273555;1.847116036;0.072850107;0.091062634;0.892959275;0.188399967;0.027067719;6.194540658;-127.5350472;-122.4684088
Model_iteration_28;['YX_C', 'Xmax'];[0.35, 1.15];[0.8, 1.2];;;;;;;0.421241313;;1.15494344;;;;;;;;;;;;188.7207291;;11200.43548;;;;;;0.095688983;0.097543181;8.413957982;0.369584758;0.138481768;7.191296961;0.045080512;0.355383285;4.212060182;0.038463583;0.048079479;0.499026188;0.193171539;0.027753258;5.079085328;-127.5341345;-124.1563756
Model_iteration_38;['YX_N', 'Xmax', 'mu_max'];[10.0, 1.15, 0.08];[15.0, 1.2, 0.16];;;;;;;;11.18605156;1.164902126;0.080287136;;;;;;;;;;;;326.9982985;2154.899636;5092.15208;;;;;0.140879178;0.143609042;9.462472951;0.334519703;0.125343047;5.817379105;0.031226528;0.246168149;2.59911984;0.100923757;0.126154696;1.04193201;0.189017906;0.027156499;4.730225977;-127.2730823;-122.2064439
Model_iteration_9;['YX_C', 'YX_N', 'Xmax'];[0.35, 10.0, 1.15];[0.8, 15.0, 1.2];;;;;;;0.438364317;12.15917392;1.188208081;;;;;;;;;;;;187.30144;706.5987728;11248.88546;;;;;;0.112021769;0.114192454;9.615727034;0.362242084;0.135730501;7.027482401;0.025257933;0.199115914;2.164969684;0.04375468;0.05469335;0.573235072;0.191259405;0.027478539;4.845353548;-126.3299706;-121.2633323
Model_iteration_16;['Xmax', 'mu_max', 'pH_UL'];[1.15, 0.08, 5.5];[1.2, 0.16, 21.0];;;;;;;;;1.19271207;0.092942439;;6.899805777;;;;;;;;;;;294.7202505;428.5115038;;4538.094378;;;0.137674438;0.140342203;8.133970912;0.338622843;0.126880476;6.071239638;0.049947501;0.393751232;4.724274285;0.102226794;0.127783492;1.049075817;0.19141888;0.027501451;4.994640163;-126.263293;-121.1966546
Model_iteration_34;['YX_C', 'Xmax'];[0.35, 1.15];[0.8, 1.2];;;;;;;0.581508627;;1.150009955;;;;;;;;;;;;136.0760326;;11220.48341;;;;;;0.093755828;0.095572567;8.241523298;0.379192006;0.142081561;7.185572297;0.045240934;0.356647937;4.230006229;0.037940816;0.047426019;0.488257162;0.197524037;0.028378588;5.036339746;-125.7515999;-122.373841
Model_iteration_10;['YX_C', 'YX_N', 'Xmax', 'pH_UL'];[0.35, 10.0, 1.15, 5.5];[0.8, 15.0, 1.2, 21.0];;;;;;;0.503194651;10.4621942;1.186439663;;;6.396098674;;;;;;;;;239.3018545;845.5695527;6685.00337;;;449397.7319;;;0.149263714;0.152156049;19.74940594;0.332058101;0.124420696;5.949137623;0.019885687;0.156764873;1.664452144;0.09372477;0.117155962;1.005167568;0.188229921;0.027043288;7.092040817;-125.6072866;-118.8517687
Model_iteration_16;['Xmax', 'pH_UL'];[1.15, 5.5];[1.2, 21.0];;;;;;;;;1.176455775;;;7.790962788;;;;;;;;;;;10094.93545;;;160659.595;;;0.15637707;0.159407242;16.59126208;0.352603245;0.13211887;6.505573615;0.042299113;0.333456677;3.927490359;0.079178066;0.098972582;0.931160274;0.19801592;0.028449258;6.988871581;-125.552628;-122.1748691
Model_iteration_5;['YX_C', 'mu_max'];[0.35, 0.08];[0.8, 0.16];;;;;;;0.617411336;;;0.118390423;;;;;;;;;;;138.97279;;;19320.74586;;;;;0.281211432;0.286660563;21.61639332;0.258528655;0.096869539;4.798565324;0.038220046;0.301300162;3.332686482;0.104434833;0.130543541;1.274360499;0.198924823;0.028579842;7.755501407;-125.1862639;-121.808505
Model_iteration_16;['YX_C', 'mu_max'];[0.35, 0.08];[0.8, 0.16];;;;;;;0.619494418;;;0.114511772;;;;;;;;;;;133.5881082;;;18881.95695;;;;;0.279165612;0.2845751;21.11849342;0.263284601;0.098651571;4.956844074;0.038568418;0.30404648;3.365198728;0.104129134;0.130161418;1.258530842;0.199738967;0.028696811;7.674766767;-124.8595145;-121.4817556
Model_iteration_30;['YX_C', 'YX_N', 'Xmax'];[0.35, 10.0, 1.15];[0.8, 15.0, 1.2];;;;;;;0.589698818;13.24973806;1.169124424;;;;;;;;;;;;136.7052698;636.4442154;11204.60919;;;;;;0.102070199;0.104048049;8.929945528;0.372824561;0.139695708;7.045820991;0.027720538;0.218529374;2.285328493;0.040392146;0.050490183;0.53113759;0.194818141;0.027989828;4.698058151;-124.8551012;-119.7884628
Model_iteration_18;['YX_C', 'YX_N', 'Xmax'];[0.35, 10.0, 1.15];[0.8, 15.0, 1.2];;;;;;;0.603433653;14.06470281;1.195795674;;;;;;;;;;;;137.1488778;617.1282241;11189.61171;;;;;;0.116450397;0.118706897;9.903964593;0.368193332;0.137960407;6.943497298;0.028759197;0.226717433;2.371413279;0.045334144;0.05666768;0.590839613;0.194941851;0.028007602;4.952428696;-124.8043174;-119.737679
Model_iteration_8;['YX_C', 'YX_N', 'Xmax', 'mu_max'];[0.35, 10.0, 1.15, 0.08];[0.8, 15.0, 1.2, 0.16];;;;;;;0.414193239;12.19811313;1.161756477;0.124780093;;;;;;;;;;;168.1989004;552.5992581;6115.927676;11524.85814;;;;;0.094868081;0.096706372;6.997119239;0.365533191;0.136963664;6.670423609;0.027756729;0.218814677;2.373376847;0.043842304;0.05480288;0.597395029;0.190595809;0.027383199;4.159578681;-124.608022;-117.8525042
Model_iteration_7;['YX_C', 'Xmax', 'mu_max'];[0.35, 1.15, 0.08];[0.8, 1.2, 0.16];;;;;;;0.555748196;;1.199477521;0.096323529;;;;;;;;;;;97.5956982;;3517.046924;7514.975393;;;;;0.126852533;0.129310598;9.889058721;0.360187979;0.134960836;7.094738966;0.046908078;0.369790544;4.372141153;0.073609345;0.092011681;0.881677768;0.195860696;0.028139614;5.559404152;-124.4281287;-119.3614903
Model_iteration_9;['YX_C', 'mu_max', 'pH_UL'];[0.35, 0.08, 5.5];[0.8, 0.16, 21.0];;;;;;;0.537798358;;;0.121929375;;6.537522692;;;;;;;;;161.9834234;;;3287.080907;;73881.03091;;;0.238998225;0.243629375;23.35521464;0.294592492;0.110382499;5.862445649;0.038459421;0.303187229;3.450972601;0.094860455;0.118575569;1.252962439;0.196457706;0.028225387;8.480398832;-124.1846487;-119.1180104
Model_iteration_1;['YX_C'];[0.35];[0.8];;;;;;;0.638246615;;;;;;;;;;;;;;162.2770147;;;;;;;;0.303512281;0.309393543;27.12927372;0.258267247;0.096771591;4.718585299;0.036059477;0.284267741;3.138546015;0.113869485;0.142336857;1.490603791;0.208019363;0.029886468;9.119252207;-123.609929;-121.9210495
Model_iteration_24;['YX_C'];[0.35];[0.8];;;;;;;0.640298813;;;;;;;;;;;;;;161.7557595;;;;;;;;0.303513072;0.309394349;27.12936655;0.258271926;0.096773344;4.743243471;0.036059438;0.284267437;3.138542105;0.113869824;0.14233728;1.490609277;0.208021148;0.029886725;9.125440349;-123.6092425;-121.920363
Model_iteration_9;['YX_C'];[0.35];[0.8];;;;;;;0.642915946;;;;;;;;;;;;;;161.0958467;;;;;;;;0.30351407;0.309395366;27.12948385;0.258440145;0.096836375;4.774460946;0.036059389;0.284267053;3.138537164;0.113870252;0.142337815;1.49061621;0.208073793;0.029894288;9.133274543;-123.5889991;-121.9001197
Model_iteration_8;['YX_C', 'Xmax', 'mu_max'];[0.35, 1.15, 0.08];[0.8, 1.2, 0.16];;;;;;;0.587036267;;1.17279268;0.128489551;;;;;;;;;;;123.2969535;;6471.785476;12188.55112;;;;;0.098411031;0.100317975;7.090211559;0.378517856;0.14182896;7.45361632;0.045495634;0.358655815;4.243376841;0.042528922;0.053161153;0.576052363;0.198014558;0.028449062;4.840814271;-123.5531782;-118.4865398
Model_iteration_41;['YX_C'];[0.35];[0.8];;;;;;;0.646669818;;;;;;;;;;;;;;160.1580571;;;;;;;;0.303515483;0.309396807;27.12965006;0.258989962;0.097042389;4.818795917;0.03605932;0.284266508;3.138530164;0.113870858;0.142338573;1.490626032;0.208245225;0.029918918;9.144400543;-123.5231141;-121.8342346
Model_iteration_22;['YX_C', 'YX_N', 'Xmax', 'mu_max'];[0.35, 10.0, 1.15, 0.08];[0.8, 15.0, 1.2, 0.16];;;;;;;0.406173958;14.44674226;1.158772253;0.098032295;;;;;;;;;;;131.7573477;334.4491061;3646.340955;7546.592303;;;;;0.115748785;0.117991689;9.097789965;0.36079199;0.135187157;6.992405488;0.035354381;0.278709255;2.954408134;0.071977056;0.08997132;0.836186507;0.193648696;0.027821812;4.970197524;-123.3367686;-116.5812507
Model_iteration_22;['YX_C'];[0.35];[0.8];;;;;;;0.65455252;;;;;;;;;;;;;;158.2258019;;;;;;;;0.303518382;0.309399763;27.12999141;0.261265263;0.097894934;4.91023727;0.036059179;0.28426539;3.138515795;0.113872102;0.142340128;1.490646204;0.208955777;0.030021004;9.16734767;-123.2506116;-121.5617322
Model_iteration_28;['YX_C', 'mu_max'];[0.35, 0.08];[0.8, 0.16];;;;;;;0.611772519;;;0.105858234;;;;;;;;;;;122.4856556;;;17886.18636;;;;;0.275768561;0.281112223;21.19453313;0.278782845;0.104458694;5.382130318;0.03940261;0.31062267;3.443845172;0.104863595;0.131079493;1.3188995;0.203909976;0.029296066;7.834852029;-123.2061343;-119.8283754
Model_iteration_34;['YX_C', 'Xmax', 'mu_max'];[0.35, 1.15, 0.08];[0.8, 1.2, 0.16];;;;;;;0.593954147;;1.171569126;0.143707028;;;;;;;;;;;132.4375606;;7524.865757;14299.8136;;;;;0.100668605;0.102619296;8.252191288;0.380262877;0.142482812;7.310011157;0.044789662;0.353090429;4.175488241;0.039910465;0.049888081;0.489163363;0.198955386;0.028584233;5.056713512;-123.1739735;-118.1073351
Model_iteration_17;['YX_C'];[0.35];[0.8];;;;;;;0.656440959;;;;;;;;;;;;;;157.769671;;;;;;;;0.303519064;0.309400457;27.13007168;0.262023236;0.098178943;4.936922569;0.036059145;0.284265128;3.138512417;0.113872395;0.142340494;1.490650948;0.209193202;0.030055116;9.174039405;-123.1597636;-121.4708841
Model_iteration_3;['YX_C'];[0.35];[0.8];;;;;;;0.622444309;;;;;;;;;;;;;;166.4062498;;;;;;;;0.303505968;0.309387107;27.1285333;0.262199215;0.098244882;4.764371169;0.036059784;0.284270167;3.138577229;0.113866781;0.142333476;1.490560029;0.209242833;0.030062246;9.130510431;-123.1407857;-121.4519062
Model_iteration_45;['YX_C'];[0.35];[0.8];;;;;;;0.658860708;;;;;;;;;;;;;;157.1890624;;;;;;;;0.303519929;0.309401339;27.13017372;0.263108109;0.09858544;4.972717404;0.036059103;0.284264794;3.138508124;0.113872767;0.142340958;1.490656977;0.209533703;0.030104036;9.183014055;-123.0296545;-121.340775
Model_iteration_25;['YX_C'];[0.35];[0.8];;;;;;;0.659112782;;;;;;;;;;;;;;157.1288678;;;;;;;;0.303520019;0.309401431;27.13018429;0.263228303;0.098630476;4.976431156;0.036059098;0.284264759;3.138507679;0.113872805;0.142341006;1.490657602;0.209571477;0.030109463;9.183945182;-123.0152336;-121.3263541
Model_iteration_19;['YX_C', 'YX_N', 'mu_max'];[0.35, 10.0, 0.08];[0.8, 15.0, 0.16];;;;;;;0.601766053;12.06794101;;0.116675828;;;;;;;;;;;140.1256171;634.0732382;;19138.0596;;;;;0.280148272;0.285576801;21.25754488;0.264854108;0.099239658;4.982085942;0.030084818;0.237167702;2.690022131;0.104219814;0.130274767;1.264952659;0.200248357;0.028769996;7.548651404;-122.6557517;-117.5891133
Model_iteration_38;['YX_C', 'YX_N', 'mu_max'];[0.35, 10.0, 0.08];[0.8, 15.0, 0.16];;;;;;;0.623610293;12.42593189;;0.13213681;;;;;;;;;;;152.2685193;748.2248158;;21018.89105;;;;;0.290467609;0.2960961;24.21443857;0.252515058;0.094616271;4.38945955;0.028246614;0.222676585;2.43104337;0.107571015;0.134463768;1.318594076;0.200315177;0.028779596;8.088383892;-122.6290614;-117.5624231
Model_iteration_15;['YX_C'];[0.35];[0.8];;;;;;;0.609680515;;;;;;;;;;;;;;169.9000396;;;;;;;;0.303500551;0.309381586;27.12789993;0.270815173;0.101473243;5.051626864;0.036060048;0.284272244;3.138603958;0.113864464;0.14233058;1.490522591;0.211966322;0.030453534;9.202163337;-122.1062302;-120.4173508
Model_iteration_48;['YX_C'];[0.35];[0.8];;;;;;;0.608963544;;;;;;;;;;;;;;170.099558;;;;;;;;0.303500238;0.309381267;27.12786336;0.271448233;0.101710448;5.068119564;0.036060063;0.284272364;3.138605502;0.11386433;0.142330413;1.490520429;0.212168537;0.030482587;9.206277214;-122.0299469;-120.3410675
Model_iteration_48;['YX_C', 'YX_N', 'mu_max'];[0.35, 10.0, 0.08];[0.8, 15.0, 0.16];;;;;;;0.652195257;11.11910192;;0.1255472;;;;;;;;;;;139.2585734;772.7038354;;20181.00231;;;;;0.285641827;0.291176807;22.99941989;0.262781699;0.098463136;5.112631176;0.033326513;0.262722965;2.916017703;0.105720575;0.132150719;1.30144528;0.201824783;0.028996483;8.082378513;-122.0284297;-116.9617913
Model_iteration_4;['YX_C'];[0.35];[0.8];;;;;;;0.607996527;;;;;;;;;;;;;;170.3710763;;;;;;;;0.303499814;0.309380834;27.12781386;0.272327349;0.102039848;5.090425672;0.036060084;0.284272526;3.138607592;0.113864149;0.142330186;1.490517503;0.212449815;0.030522998;9.211841158;-121.9239585;-120.2350791
Model_iteration_7;['YX_C', 'Xmax'];[0.35, 1.15];[0.8, 1.2];;;;;;;0.42769005;;1.185880928;;;;;;;;;;;;191.669665;;11180.58383;;;;;;0.110796139;0.112943074;9.542913095;0.394546324;0.147834756;7.67178643;0.044059173;0.34733176;4.097208574;0.043328926;0.054161157;0.568845713;0.207220409;0.029771681;5.470188453;-121.9177818;-118.5400229
Model_iteration_47;['YX_C', 'mu_max', 'pH_UL'];[0.35, 0.08, 5.5];[0.8, 0.16, 21.0];;;;;;;0.56605691;;;0.104669848;;6.936123915;;;;;;;;;91.94395971;;;7869.681335;;36575.01571;;;0.234935057;0.239487474;19.93578737;0.308979;0.115773059;5.262803614;0.042303321;0.333489854;3.812893574;0.104626212;0.130782765;1.324989856;0.202113037;0.029037897;7.584118603;-121.914252;-116.8476137
Model_iteration_20;['YX_C', 'YX_N', 'Xmax', 'mu_max'];[0.35, 10.0, 1.15, 0.08];[0.8, 15.0, 1.2, 0.16];;;;;;;0.57684182;13.24050423;1.198497024;0.106526941;;;;;;;;;;;106.2872894;423.0916241;4497.782166;9056.788906;;;;;0.117850217;0.120133841;9.151325718;0.370365018;0.138774128;7.35084515;0.03076976;0.242567307;2.559735517;0.060967748;0.076209685;0.786360901;0.197308619;0.028347639;4.962066821;-121.8388946;-115.0833768
Model_iteration_50;['YX_C', 'YX_N', 'Xmax', 'mu_max'];[0.35, 10.0, 1.15, 0.08];[0.8, 15.0, 1.2, 0.16];;;;;;;0.518396744;10.80497553;1.163851631;0.086556217;;;;;;;;;;;88.2240354;376.0004582;2638.38968;5933.551586;;;;;0.131363145;0.133908614;9.545265834;0.360636748;0.135128988;6.800064132;0.030080059;0.23713019;2.539503295;0.089734331;0.112167914;0.93424423;0.197656394;0.028397604;4.954769373;-121.6980112;-114.9424933
Model_iteration_11;['YX_C', 'YX_N', 'Xmax'];[0.35, 10.0, 1.15];[0.8, 15.0, 1.2];;;;;;;0.603470749;14.51692294;1.177031739;;;;;;;;;;;;134.6532967;586.2966801;11200.41576;;;;;;0.106058732;0.108113869;9.221106695;0.388188475;0.145452498;7.394445722;0.030411739;0.239744921;2.560017351;0.041703823;0.052129778;0.549123932;0.202856371;0.029144693;4.931173425;-121.6205664;-116.5539281
Model_iteration_18;['YX_C'];[0.35];[0.8];;;;;;;0.600762089;;;;;;;;;;;;;;172.4281917;;;;;;;;0.303496336;0.309377289;27.12741918;0.279824477;0.104848989;5.259572078;0.036060243;0.284273782;3.138623355;0.11386263;0.142328287;1.490493477;0.214870195;0.030870738;9.254027022;-121.017694;-119.3288146
Model_iteration_38;['YX_C', 'mu_max'];[0.35, 0.08];[0.8, 0.16];;;;;;;0.679054639;;;0.127969576;;;;;;;;;;;136.2772729;;;20473.15353;;;;;0.287539731;0.293111488;23.48139345;0.283804011;0.106340103;5.687538657;0.037437694;0.295132648;3.261234006;0.106415509;0.133019386;1.309750797;0.209731767;0.030132492;8.434979228;-120.9540694;-117.5763105
Model_iteration_20;['YX_C'];[0.35];[0.8];;;;;;;0.599760878;;;;;;;;;;;;;;172.7168283;;;;;;;;0.303495881;0.309376825;27.12736614;0.280989803;0.105285632;5.283303109;0.036060265;0.284273956;3.138625596;0.113862435;0.142328044;1.490490341;0.215249864;0.030925286;9.259946296;-120.8764613;-119.1875819
Model_iteration_11;['YX_C', 'YX_N'];[0.35, 10.0];[0.8, 15.0];;;;;;;0.668421407;13.26847994;;;;;;;;;;;;;154.8290736;831.953815;;;;;;;0.303405306;0.309284495;27.11547085;0.268522356;0.100614135;5.109461931;0.025759522;0.203070091;2.093709526;0.113821593;0.142276991;1.489790083;0.210818609;0.03028864;8.952108098;-120.5405752;-117.1628162
Model_iteration_16;['YX_C'];[0.35];[0.8];;;;;;;0.597024454;;;;;;;;;;;;;;173.5106374;;;;;;;;0.303494627;0.309375547;27.12722001;0.28433243;0.106538099;5.348568419;0.036060326;0.284274435;3.138631771;0.1138619;0.142327375;1.490481703;0.216343938;0.031082473;9.276225477;-120.4708664;-118.781987
Model_iteration_30;['YX_N', 'Xmax', 'pH_UL'];[10.0, 1.15, 5.5];[15.0, 1.2, 21.0];;;;;;;;13.83880252;1.162957975;;;6.359725271;;;;;;;;;;650.8920019;7043.016708;;;456339.8081;;;0.156075681;0.159100014;21.29158914;0.366189813;0.137209697;6.304177207;0.025102423;0.197889979;2.082102364;0.102963572;0.128704465;1.055916872;0.20596494;0.029591306;7.683446395;-120.4039455;-115.3373071
Model_iteration_3;['YX_C', 'YX_N'];[0.35, 10.0];[0.8, 15.0];;;;;;;0.606799672;12.76475682;;;;;;;;;;;;;170.588281;864.256282;;;;;;;0.303368885;0.309247369;27.11107055;0.273275049;0.102394947;5.113174953;0.02661929;0.209847903;2.27711498;0.113805789;0.142257236;1.489530153;0.212351287;0.030508843;8.997722658;-119.9610688;-116.5833099
Model_iteration_1;['YX_C', 'YX_N', 'pH_UL'];[0.35, 10.0, 5.5];[0.8, 15.0, 21.0];;;;;;;0.671137523;12.94775975;;;;6.984886991;;;;;;;;;120.7078579;577.2939969;;;;74639.69359;;;0.270577861;0.275820941;21.39912229;0.2961349;0.110960432;6.043232586;0.027597452;0.217559042;2.426723472;0.100259166;0.125323958;1.182343509;0.207196632;0.029768265;7.762855464;-119.9269619;-114.8603235
Model_iteration_49;['YX_C'];[0.35];[0.8];;;;;;;0.692690749;;;;;;;;;;;;;;149.4974113;;;;;;;;0.303531225;0.309412854;27.13150931;0.289179224;0.108354171;5.446953548;0.036058548;0.284260423;3.138451993;0.113877623;0.142347029;1.490735892;0.217958804;0.031314483;9.301912687;-119.8759367;-118.1870573
Model_iteration_5;['YX_C', 'YX_N'];[0.35, 10.0];[0.8, 15.0];;;;;;;0.605726146;12.73813037;;;;;;;;;;;;;170.8885254;866.0534863;;;;;;;0.303367725;0.309246186;27.11092788;0.274321676;0.102787114;5.138084376;0.02667697;0.210302611;2.287217737;0.113805282;0.142256602;1.489521731;0.212689716;0.030557465;9.006437932;-119.8336726;-116.4559137
Model_iteration_45;['YX_C', 'YX_N', 'Xmax'];[0.35, 10.0, 1.15];[0.8, 15.0, 1.2];;;;;;;0.611384078;13.22806113;1.181160159;;;;;;;;;;;;133.4356823;645.7698363;11197.58801;;;;;;0.10822315;0.110320228;9.369467138;0.39739324;0.148901482;7.598520944;0.027336768;0.215503997;2.270799099;0.042437964;0.053047456;0.558224732;0.207474045;0.029808122;4.949252978;-119.8199226;-114.7532843
Model_iteration_27;['YX_C', 'YX_N', 'mu_max'];[0.35, 10.0, 0.08];[0.8, 15.0, 0.16];;;;;;;0.63039836;13.74445032;;0.149500688;;;;;;;;;;;163.6997194;799.9441993;;23505.84159;;;;;0.303072733;0.308945477;27.04083871;0.258906689;0.097011187;4.6813665;0.025345679;0.199807636;2.050735441;0.113634687;0.142043359;1.485578029;0.20763008;0.029830539;8.814629671;-119.7597795;-114.6931412
Model_iteration_2;['YX_C', 'YX_N', 'mu_max'];[0.35, 10.0, 0.08];[0.8, 15.0, 0.16];;;;;;;0.628739088;12.59704957;;0.102371839;;;;;;;;;;;113.665436;491.0137608;;17478.43545;;;;;0.274620464;0.279941879;21.61262805;0.291672055;0.109288224;5.551312243;0.030158697;0.237750115;2.691433157;0.105770749;0.132213437;1.360523565;0.207717347;0.029843077;7.803974253;-119.7261625;-114.6595242
Model_iteration_39;['YX_C'];[0.35];[0.8];;;;;;;0.591923354;;;;;;;;;;;;;;175.0101956;;;;;;;;0.303492247;0.309373121;27.12694302;0.291176113;0.109102397;5.471842045;0.036060441;0.284275344;3.138643481;0.113860884;0.142326105;1.490465328;0.218606798;0.031407582;9.306973469;-119.6384483;-117.9495689
Model_iteration_33;['YX_C', 'YX_N'];[0.35, 10.0];[0.8, 15.0];;;;;;;0.603997187;14.63125608;;;;;;;;;;;;;171.4180141;754.803311;;;;;;;0.303409019;0.30928828;27.11620333;0.276144135;0.103469981;5.18003514;0.025270967;0.199218662;2.124400714;0.113823661;0.142279577;1.489832691;0.213252822;0.030638368;8.977617969;-119.6221488;-116.2443899
Model_iteration_12;['YX_C', 'YX_N', 'mu_max'];[0.35, 10.0, 0.08];[0.8, 15.0, 0.16];;;;;;;0.622957019;13.66339264;;0.148667564;;;;;;;;;;;165.1244413;799.1676229;;23375.0617;;;;;0.302512599;0.30837449;26.91538915;0.260892561;0.097755284;4.706984169;0.025445364;0.200593487;2.060204638;0.113323648;0.14165456;1.478477567;0.208007522;0.029884767;8.790263881;-119.614483;-114.5478447
Model_iteration_50;['YX_C', 'YX_N'];[0.35, 10.0];[0.8, 15.0];;;;;;;0.604654288;10.24205019;;;;;;;;;;;;;171.1244128;1074.823473;;;;;;;0.303286684;0.309163574;27.10065443;0.275289397;0.103149715;5.16000536;0.038710796;0.305168891;3.467775958;0.113769313;0.142211642;1.488914788;0.213429758;0.030663788;9.304337634;-119.5558001;-116.1780412
Model_iteration_47;['YX_C', 'YX_N', 'Xmax', 'mu_max'];[0.35, 10.0, 1.15, 0.08];[0.8, 15.0, 1.2, 0.16];;;;;;;0.583821402;12.89686929;1.16087504;0.124066319;;;;;;;;;;;118.7244821;519.0099042;6078.880372;11436.17205;;;;;0.094785683;0.096622378;7.044961895;0.391261872;0.146604086;7.757045314;0.029204745;0.23022982;2.433914024;0.044220441;0.055275551;0.601517002;0.203026194;0.029169092;4.459359559;-119.5536217;-112.7981039
Model_iteration_37;['YX_C', 'YX_N'];[0.35, 10.0];[0.8, 15.0];;;;;;;0.679772691;13.63102576;;;;;;;;;;;;;152.2568022;810.0485634;;;;;;;0.303417434;0.309296858;27.11698197;0.27713189;0.103840089;5.269477357;0.025392233;0.200174642;2.052560424;0.113826929;0.142283662;1.48987923;0.213579938;0.030685365;8.982224744;-119.4995281;-116.1217692
Model_iteration_34;['YX_C'];[0.35];[0.8];;;;;;;0.697235689;;;;;;;;;;;;;;148.5224911;;;;;;;;0.303532636;0.309414293;27.13167675;0.293877425;0.110114566;5.507156772;0.036058479;0.284259876;3.138444964;0.113878231;0.142347789;1.490745785;0.219524752;0.031539466;9.317006069;-119.3032229;-117.6143434
Model_iteration_32;['YX_C', 'mu_max'];[0.35, 0.08];[0.8, 0.16];;;;;;;0.666639219;;;0.107394636;;;;;;;;;;;114.5645359;;;18077.87252;;;;;0.27628847;0.281642207;20.9997803;0.307751446;0.1153131;6.276071666;0.039248363;0.309406693;3.429098761;0.104579622;0.130724528;1.300523887;0.214198274;0.030774202;8.001368655;-119.2682542;-115.8904953
Model_iteration_8;['YX_C', 'YX_N'];[0.35, 10.0];[0.8, 15.0];;;;;;;0.600802442;12.32490711;;;;;;;;;;;;;172.285819;894.8037534;;;;;;;0.303354495;0.3092327;27.1092677;0.27956835;0.10475302;5.25316825;0.027741598;0.21869539;2.449629623;0.113799442;0.142249302;1.4894238;0.21441917;0.030805939;9.075372342;-119.1857954;-115.8080365
Model_iteration_26;['YX_C', 'YX_N'];[0.35, 10.0];[0.8, 15.0];;;;;;;0.600347687;14.62722964;;;;;;;;;;;;;172.4568514;754.9745918;;;;;;;0.303407294;0.309286522;27.11600132;0.28017093;0.104978804;5.265966114;0.025269325;0.199205721;2.124063476;0.113822923;0.142278654;1.489820748;0.214561141;0.030826336;8.998962913;-119.1328433;-115.7550844
Model_iteration_35;['YX_C', 'YX_N'];[0.35, 10.0];[0.8, 15.0];;;;;;;0.599936564;13.48310182;;;;;;;;;;;;;172.5569074;818.557628;;;;;;;0.303383167;0.309261927;27.11292355;0.280614703;0.105145083;5.274792201;0.025518949;0.201173578;2.059785424;0.113812192;0.14226524;1.489639326;0.21470351;0.03084679;8.984285125;-119.079778;-115.702019
Model_iteration_19;['YX_C', 'pH_UL'];[0.35, 5.5];[0.8, 21.0];;;;;;;0.572575342;;;;;6.479848297;;;;;;;;;198.1483861;;;;;1100094.908;;;0.280502163;0.28593755;31.19763125;0.301977004;0.113149443;5.550278672;0.035825309;0.282421726;3.174776098;0.121000048;0.15125006;1.626624914;0.215520323;0.030964143;10.38732773;-118.7760053;-115.3982464
Model_iteration_18;['YX_C', 'YX_N'];[0.35, 10.0];[0.8, 15.0];;;;;;;0.687052714;14.56535054;;;;;;;;;;;;;150.6407903;758.5691872;;;;;;;0.303439199;0.309319044;27.11973856;0.283665028;0.106288027;5.369566956;0.025244049;0.199006463;2.118474424;0.113836579;0.142295724;1.490041743;0.215718117;0.03099256;9.024455421;-118.7026189;-115.32486
Model_iteration_21;['YX_C', 'YX_N', 'Xmax', 'mu_max'];[0.35, 10.0, 1.15, 0.08];[0.8, 15.0, 1.2, 0.16];;;;;;;0.602046858;12.85064519;1.167375571;0.158074285;;;;;;;;;;;137.8268307;687.6898459;8251.003391;16089.58502;;;;;0.105267794;0.107307604;9.811636643;0.393906399;0.147594979;7.440794404;0.026387731;0.208022454;2.208561938;0.042345988;0.052932486;0.58373109;0.205385646;0.029508078;5.011181019;-118.6292693;-111.8737514
Model_iteration_20;['YX_C', 'YX_N'];[0.35, 10.0];[0.8, 15.0];;;;;;;0.5973726;10.74475224;;;;;;;;;;;;;173.2454205;1025.037522;;;;;;;0.303302996;0.309180203;27.10275173;0.283600968;0.106264024;5.332828986;0.035122303;0.276879714;3.185904098;0.113776595;0.142220743;1.489038451;0.215986635;0.031031139;9.277630815;-118.6030998;-115.2253409
Model_iteration_31;['YX_C', 'Xmax'];[0.35, 1.15];[0.8, 1.2];;;;;;;0.619065697;;1.17762739;;;;;;;;;;;;131.3964757;;11205.60211;;;;;;0.106414768;0.108476803;9.25108246;0.414464396;0.155297969;7.964187503;0.044326357;0.349438051;4.127420659;0.041825916;0.052282395;0.551007561;0.216112859;0.031049274;5.473424546;-118.556361;-115.1786021
Model_iteration_4;['YX_C', 'YX_N'];[0.35, 10.0];[0.8, 15.0];;;;;;;0.594970524;11.93918569;;;;;;;;;;;;;173.9674752;923.4404612;;;;;;;0.303340789;0.309218728;27.10755364;0.286753067;0.107445101;5.392020795;0.029038727;0.228921048;2.61136903;0.113793402;0.142241753;1.489322673;0.216815095;0.031150165;9.150066534;-118.2968308;-114.9190719
Model_iteration_41;['YX_C', 'Xmax', 'mu_max'];[0.35, 1.15, 0.08];[0.8, 1.2, 0.16];;;;;;;0.560211759;;1.183783905;0.092616302;;;;;;;;;;;90.83721886;;3144.697543;6860.160681;;;;;0.126528008;0.128979784;9.771480708;0.392970857;0.147244435;7.537890065;0.047674327;0.375831109;4.45889989;0.079041325;0.098801657;0.899943748;0.211515841;0.030388813;5.667053603;-118.2764308;-113.2097925
Model_iteration_47;['YX_C', 'Xmax'];[0.35, 1.15];[0.8, 1.2];;;;;;;0.623927518;;1.18386705;;;;;;;;;;;;131.1751907;;11200.41849;;;;;;0.109748437;0.11187507;9.478725993;0.415924762;0.155845162;7.996340036;0.044121119;0.347820101;4.104250335;0.042966589;0.053708236;0.564971243;0.217273404;0.031216011;5.536071902;-118.1279035;-114.7501446
Model_iteration_15;['YX_C', 'YX_N', 'mu_max'];[0.35, 10.0, 0.08];[0.8, 15.0, 0.16];;;;;;;0.568938797;12.16991501;;0.108746192;;;;;;;;;;;136.2610573;561.368432;;18226.18088;;;;;0.27662624;0.281986522;20.8335647;0.302825598;0.113467407;5.708297596;0.03041376;0.23976085;2.747909431;0.104358162;0.130447702;1.28523736;0.212156217;0.030480817;7.643752271;-118.0345921;-112.9679538
Model_iteration_7;['YX_C', 'YX_N'];[0.35, 10.0];[0.8, 15.0];;;;;;;0.593427294;10.70708989;;;;;;;;;;;;;174.3971251;1028.554922;;;;;;;0.303299756;0.309176899;27.10236002;0.288769309;0.108200578;5.427770995;0.035368764;0.278822646;3.206090557;0.113775189;0.142218986;1.489015307;0.217700596;0.031277386;9.306309219;-117.9707657;-114.5930068
Model_iteration_19;['YX_C', 'mu_max'];[0.35, 0.08];[0.8, 0.16];;;;;;;0.697462226;;;0.144293123;;;;;;;;;;;144.9684673;;;22714.03364;;;;;0.299637838;0.305444024;26.26217325;0.294962863;0.110521275;5.577046026;0.036367849;0.286698733;3.166113564;0.11178345;0.139729312;1.441079574;0.218291139;0.03136223;9.111603104;-117.7540488;-114.3762899
Model_iteration_22;['YX_C', 'YX_N'];[0.35, 10.0];[0.8, 15.0];;;;;;;0.591631216;11.38083195;;;;;;;;;;;;;174.9394143;968.267539;;;;;;;0.303321846;0.309199418;27.10516471;0.291317392;0.109155333;5.472327842;0.031476145;0.248135957;2.864924125;0.113785022;0.142231278;1.48918176;0.218407729;0.031378981;9.232899609;-117.7113318;-114.3335729
Model_iteration_16;['YX_C', 'YX_N', 'mu_max'];[0.35, 10.0, 0.08];[0.8, 15.0, 0.16];;;;;;;0.566514867;11.96045153;;0.105446883;;;;;;;;;;;131.4058935;542.4257007;;17833.84827;;;;;0.275510602;0.280849266;21.25164366;0.309050717;0.115799931;5.921006359;0.031197818;0.245941817;2.842922724;0.104934017;0.131167521;1.324471083;0.214127817;0.03076408;7.835010957;-117.2945732;-112.2279348
Model_iteration_39;['YX_C', 'YX_N', 'Xmax', 'mu_max'];[0.35, 10.0, 1.15, 0.08];[0.8, 15.0, 1.2, 0.16];;;;;;;0.404808845;14.25941982;1.179657404;0.082876322;;;;;;;;;;;107.7750934;270.7029137;2341.616705;5485.961752;;;;;0.137970333;0.140643831;9.788603766;0.381243139;0.142850111;7.548231738;0.036243513;0.285718554;2.938369515;0.095313266;0.119141583;0.990176994;0.209033702;0.0300322;5.316345503;-117.2207829;-110.4652651
Model_iteration_7;['YX_C'];[0.35];[0.8];;;;;;;0.712763004;;;;;;;;;;;;;;145.2804532;;;;;;;;0.303537287;0.309419034;27.13222934;0.311338522;0.116657162;5.785793612;0.03605825;0.284258069;3.138421782;0.113880235;0.142350294;1.490778429;0.22546367;0.032392719;9.386805792;-117.1676994;-115.47882
Model_iteration_18;['YX_C', 'YX_N', 'mu_max'];[0.35, 10.0, 0.08];[0.8, 15.0, 0.16];;;;;;;0.580988472;10.43942961;;0.135661133;;;;;;;;;;;166.7306565;923.3653719;;21484.84148;;;;;0.293031899;0.298710079;24.81684907;0.291836487;0.109349836;5.263905565;0.037261205;0.29374133;3.325220825;0.108666335;0.135832918;1.355395395;0.214611858;0.030833622;8.690342714;-117.1139355;-112.0472971
Model_iteration_30;['YX_C', 'Xmax'];[0.35, 1.15];[0.8, 1.2];;;;;;;0.420615788;;1.18648387;;;;;;;;;;;;195.0042191;;11178.85377;;;;;;0.111126597;0.113279935;9.564341672;0.421440927;0.157912044;8.177118683;0.04403964;0.347177778;4.094996559;0.043444284;0.054305355;0.570152157;0.22010706;0.031623127;5.601652268;-117.0912973;-113.7135384
Model_iteration_17;['YX_C', 'YX_N', 'Xmax', 'mu_max'];[0.35, 10.0, 1.15, 0.08];[0.8, 15.0, 1.2, 0.16];;;;;;;0.571386302;13.94135456;1.1734461;0.102109709;;;;;;;;;;;99.80451774;371.3119391;4052.28934;8242.344873;;;;;0.113862485;0.116068838;9.083259258;0.396402238;0.148530159;7.716397827;0.033360512;0.262990991;2.740855784;0.065876271;0.082345338;0.811008501;0.209494634;0.030098423;5.087880343;-117.0445722;-110.2890544
Model_iteration_40;['YX_C', 'mu_max'];[0.35, 0.08];[0.8, 0.16];;;;;;;0.579070577;;;0.086066525;;;;;;;;;;;95.08422558;;;15212.44959;;;;;0.267967986;0.273160494;22.69672689;0.328182887;0.12296867;6.142903065;0.041535019;0.327433092;3.669154274;0.114606103;0.143257628;1.522998304;0.220437386;0.031670585;8.507945632;-116.971327;-113.5935681
Model_iteration_30;['YX_C'];[0.35];[0.8];;;;;;;0.714139726;;;;;;;;;;;;;;145.0010111;;;;;;;;0.303537688;0.309419442;27.13227694;0.312974341;0.117270096;5.817614511;0.03605823;0.284257914;3.138419786;0.113880408;0.14235051;1.490781241;0.226029317;0.032473987;9.39477312;-116.9672452;-115.2783658
Model_iteration_33;['YX_C', 'YX_N', 'mu_max'];[0.35, 10.0, 0.08];[0.8, 15.0, 0.16];;;;;;;0.565473506;14.11443658;;0.103951899;;;;;;;;;;;129.1605451;449.5811902;;17655.64544;;;;;0.275090374;0.280420895;21.42968037;0.311982847;0.116898588;6.012155761;0.029215617;0.230315525;2.495730294;0.105307199;0.131633999;1.341934041;0.215029748;0.030893661;7.819875116;-116.958312;-111.8916737
Model_iteration_36;['YX_C', 'YX_N', 'mu_max'];[0.35, 10.0, 0.08];[0.8, 15.0, 0.16];;;;;;;0.658587703;12.11437083;;0.102869634;;;;;;;;;;;109.2328524;514.5462662;;17541.80853;;;;;0.274767733;0.280092002;21.55657108;0.312429229;0.117065845;6.275016986;0.031022329;0.244558385;2.822561968;0.105617912;0.13202239;1.354733708;0.21518995;0.030916678;8.002220935;-116.8987322;-111.8320938
Model_iteration_24;['YX_C', 'mu_max'];[0.35, 0.08];[0.8, 0.16];;;;;;;0.595919693;;;0.156463125;;;;;;;;;;;177.4977664;;;24619.63332;;;;;0.307562168;0.313521906;28.06479314;0.292280497;0.109516204;5.572943659;0.035739233;0.28174316;3.11020724;0.116310826;0.145388533;1.542464722;0.220696555;0.03170782;9.57260219;-116.8773261;-113.4995672
Model_iteration_25;['YX_C', 'mu_max'];[0.35, 0.08];[0.8, 0.16];;;;;;;0.650218758;;;0.094892992;;;;;;;;;;;98.52274806;;;16521.75469;;;;;0.272396278;0.277674594;22.3268229;0.328547513;0.123105294;6.362098392;0.040544542;0.319624862;3.558120599;0.108954352;0.13619294;1.443641178;0.22116629;0.031775308;8.422670767;-116.7072334;-113.3294745
Model_iteration_10;['YX_C', 'YX_N', 'Xmax'];[0.35, 10.0, 1.15];[0.8, 15.0, 1.2];;;;;;;0.607039882;13.87013212;1.1550128;;;;;;;;;;;;130.9537658;599.0414036;11215.19264;;;;;;0.095721052;0.097575872;8.416527844;0.418944856;0.156976778;8.055957431;0.029611103;0.233433265;2.466175053;0.038471981;0.048089977;0.499193149;0.216237267;0.031067148;4.859463369;-116.5103211;-111.4436827
Model_iteration_23;['YX_C', 'YX_N'];[0.35, 10.0];[0.8, 15.0];;;;;;;0.585030832;11.39619256;;;;;;;;;;;;;176.9170537;966.9461051;;;;;;;0.303319173;0.309196693;27.10485915;0.301384067;0.112927272;5.635124849;0.031399738;0.24753361;2.857595334;0.113783891;0.142229864;1.489163672;0.221792467;0.031865272;9.271685752;-116.4810534;-113.1032945
Model_iteration_39;['YX_C', 'YX_N'];[0.35, 10.0];[0.8, 15.0];;;;;;;0.706883978;14.84755622;;;;;;;;;;;;;146.3991916;744.2662744;;;;;;;0.303450677;0.309330745;27.12114961;0.304515158;0.114100478;5.651240138;0.025382318;0.200096475;2.142572837;0.1138416;0.142302;1.490125018;0.222719536;0.031998465;9.101271902;-116.1473588;-112.7695999
Model_iteration_36;['YX_C'];[0.35];[0.8];;;;;;;0.573979416;;;;;;;;;;;;;;180.498161;;;;;;;;0.303483383;0.309364085;27.12591577;0.321420063;0.12043467;6.001459741;0.036060869;0.284278715;3.138686856;0.113857106;0.142321383;1.490404558;0.228952423;0.032893954;9.43911673;-115.9392847;-114.2504052
Model_iteration_19;['YX_C'];[0.35];[0.8];;;;;;;0.573721349;;;;;;;;;;;;;;180.5798485;;;;;;;;0.303483251;0.30936395;27.12590043;0.321923047;0.120623136;6.013742678;0.036060875;0.284278766;3.138687506;0.11385705;0.142321312;1.490403651;0.229128974;0.032919319;9.442183566;-115.8776184;-114.188739
Model_iteration_15;['YX_C', 'YX_N', 'pH_UL'];[0.35, 10.0, 5.5];[0.8, 15.0, 21.0];;;;;;;0.544124244;14.32016509;;;;6.564295873;;;;;;;;;181.4893453;614.3829326;;;;732184.2418;;;0.266814841;0.271985004;27.12259445;0.326976935;0.122516806;6.184809998;0.024063603;0.189700645;2.138428645;0.107550896;0.13443862;1.42952875;0.218088473;0.031333113;9.218840461;-115.8283569;-110.7617185
Model_iteration_13;['YX_C'];[0.35];[0.8];;;;;;;0.72194379;;;;;;;;;;;;;;143.4316201;;;;;;;;0.303539919;0.309421717;27.13254262;0.322461706;0.12082497;5.995701142;0.03605812;0.284257045;3.138408649;0.113881371;0.142351713;1.490796934;0.229339917;0.032949626;9.439362336;-115.8040019;-114.1151225
Model_iteration_11;['YX_C'];[0.35];[0.8];;;;;;;0.573211704;;;;;;;;;;;;;;180.740875;;;;;;;;0.303482989;0.309363683;27.12587008;0.322921881;0.120997395;6.038032158;0.036060888;0.284278865;3.138688791;0.113856938;0.142321173;1.490401857;0.229479986;0.03296975;9.448248222;-115.7551568;-114.0662774
Model_iteration_48;['YX_C', 'mu_max'];[0.35, 0.08];[0.8, 0.16];;;;;;;0.709831823;;;0.148026945;;;;;;;;;;;144.6193425;;;23277.80886;;;;;0.302222511;0.30807878;26.83650137;0.308255612;0.115502009;5.767702911;0.036162181;0.285077392;3.147694565;0.113148407;0.141435509;1.474041484;0.223869512;0.032163684;9.306485081;-115.7353546;-112.3575957
Model_iteration_42;['YX_C', 'Xmax', 'mu_max'];[0.35, 1.15, 0.08];[0.8, 1.2, 0.16];;;;;;;0.596121322;;1.158928649;0.119701401;;;;;;;;;;;112.3389241;;5707.127813;10790.1232;;;;;0.095959337;0.097818774;7.407712353;0.421885181;0.158078504;8.413623002;0.046437172;0.366078246;4.342276584;0.047261993;0.059077492;0.637466013;0.218852352;0.031442861;5.200269488;-115.5486376;-110.4819992
Model_iteration_23;['YX_C', 'mu_max'];[0.35, 0.08];[0.8, 0.16];;;;;;;0.63689278;;;0.088125648;;;;;;;;;;;89.72861491;;;15547.78071;;;;;0.269260538;0.274478092;22.67018316;0.338853492;0.126966899;6.212874266;0.0412953;0.32554332;3.641114191;0.113118469;0.141398086;1.507276776;0.224624139;0.032272103;8.507862098;-115.4661412;-112.0883823
Model_iteration_12;['YX_C', 'mu_max'];[0.35, 0.08];[0.8, 0.16];;;;;;;0.561476506;;;0.085596039;;;;;;;;;;;97.22000889;;;15140.9899;;;;;0.267647216;0.272833508;22.696826;0.339551165;0.127228314;6.518210317;0.041590817;0.327872967;3.675780316;0.11495981;0.143699762;1.52628384;0.224652832;0.032276225;8.604275118;-115.4559231;-112.0781642
Model_iteration_16;['YX_C', 'YX_N', 'Xmax'];[0.35, 10.0, 1.15];[0.8, 15.0, 1.2];;;;;;;0.612143827;11.33766269;1.157001148;;;;;;;;;;;;130.0826914;733.0454644;11213.16696;;;;;;0.096529024;0.0983995;8.483784689;0.42569446;0.159505824;8.19901709;0.024676545;0.194532656;2.114108672;0.038700795;0.048375993;0.503375035;0.219454044;0.031529307;4.825071372;-115.328995;-110.2623566
Model_iteration_13;['YX_C', 'Xmax', 'pH_UL'];[0.35, 1.15, 5.5];[0.8, 1.2, 21.0];;;;;;;0.591067149;;1.164247689;;;6.454727649;;;;;;;;;175.9808052;;6496.725092;;;414828.8943;;;0.122528308;0.124902581;16.03467822;0.413463108;0.154922791;8.305964108;0.043969817;0.346627345;4.110024518;0.075148892;0.093936115;0.874487022;0.219969105;0.031603307;7.331288466;-115.1414539;-110.0748156
Model_iteration_1;['YX_C', 'Xmax'];[0.35, 1.15];[0.8, 1.2];;;;;;;0.620816867;;1.160552772;;;;;;;;;;;;128.8239259;;11215.28019;;;;;;0.098141786;0.100043513;8.627852067;0.436678994;0.16362168;8.425971462;0.044890375;0.35388438;4.190812795;0.03917442;0.048968024;0.512429597;0.225759903;0.03243528;5.43926648;-115.0626577;-111.6848988
Model_iteration_31;['YX_C', 'YX_N', 'mu_max'];[0.35, 10.0, 0.08];[0.8, 15.0, 0.16];;;;;;;0.563348092;11.46459493;;0.093206724;;;;;;;;;;;110.468952;463.0779093;;16279.23696;;;;;0.271513949;0.276775168;22.43611863;0.327609945;0.122753992;6.402341349;0.033448764;0.263686709;3.099506318;0.109866837;0.137333546;1.460849414;0.220361999;0.031659754;8.349703927;-114.9986909;-109.9320525
Model_iteration_26;['Xmax', 'pH_UL'];[1.15, 5.5];[1.2, 21.0];;;;;;;;;1.19229902;;;6.332803493;;;;;;;;;;;7229.065037;;;472729.7703;;;0.1778265;0.181272305;24.33335954;0.398121961;0.149174531;6.921710652;0.041522187;0.327331937;3.839451038;0.115255809;0.144069762;1.194276669;0.226457145;0.032535453;9.072199476;-114.8159647;-111.4382058
Model_iteration_25;['YX_C', 'YX_N', 'Xmax'];[0.35, 10.0, 1.15];[0.8, 15.0, 1.2];;;;;;;0.625992341;10.19028826;1.177912405;;;;;;;;;;;;129.8519544;832.9878381;11199.8407;;;;;;0.10646223;0.108525185;9.243483472;0.426186468;0.159690177;8.213875393;0.025402386;0.200254681;2.120006713;0.041837482;0.052296853;0.550450817;0.221000434;0.031751479;5.031954099;-114.767249;-109.7006106
Model_iteration_7;['YX_C', 'mu_max'];[0.35, 0.08];[0.8, 0.16];;;;;;;0.715823006;;;0.12201273;;;;;;;;;;;123.644134;;;19748.24812;;;;;0.28344346;0.288935842;22.34536432;0.336294884;0.1260082;6.772956516;0.037908871;0.298847078;3.303586189;0.105016986;0.131271232;1.290224574;0.226881078;0.03259636;8.428032899;-114.6663428;-111.2885839
Model_iteration_13;['YX_C', 'Xmax'];[0.35, 1.15];[0.8, 1.2];;;;;;;0.638385568;;1.188012249;;;;;;;;;;;;128.7276553;;11199.71644;;;;;;0.112045613;0.11421676;9.63026674;0.435929002;0.163340661;8.415545012;0.043984891;0.346746175;4.088840652;0.043769291;0.054711613;0.574235395;0.227177648;0.032638969;5.67722195;-114.5618381;-111.1840792
Model_iteration_8;['YX_C', 'YX_N', 'Xmax'];[0.35, 10.0, 1.15];[0.8, 15.0, 1.2];;;;;;;0.634572382;13.6268766;1.190936193;;;;;;;;;;;;129.8037603;633.60311;11194.33496;;;;;;0.113641573;0.115843645;9.727133544;0.42632904;0.159743598;8.2179575;0.027927539;0.22016122;2.298633704;0.044330314;0.055412893;0.580092935;0.222157591;0.03191773;5.205954421;-114.3494623;-109.282824
Model_iteration_27;['YX_C'];[0.35];[0.8];;;;;;;0.731588726;;;;;;;;;;;;;;141.537978;;;;;;;;0.303542595;0.309424445;27.13286157;0.334606718;0.125375651;6.210548916;0.036057988;0.284256003;3.138395285;0.113882525;0.142353157;1.490815774;0.233649936;0.033568853;9.493155387;-114.3145026;-112.6256232
Model_iteration_10;['YX_C', 'mu_max'];[0.35, 0.08];[0.8, 0.16];;;;;;;0.579551957;;;0.154254494;;;;;;;;;;;181.2077558;;;24257.91554;;;;;0.306204383;0.31213781;27.74839139;0.315909565;0.118369911;5.916479244;0.035846256;0.282586856;3.119645383;0.115461332;0.144326665;1.5251055;0.228131678;0.032776036;9.57740538;-114.2265825;-110.8488236
Model_iteration_13;['YX_C', 'YX_N', 'mu_max'];[0.35, 10.0, 0.08];[0.8, 15.0, 0.16];;;;;;;0.575396232;14.88171215;;0.142774671;;;;;;;;;;;174.523316;697.5934042;;22487.26164;;;;;0.298415978;0.304198487;26.00552438;0.30977644;0.116071857;5.658842787;0.025888756;0.20408888;2.194470393;0.11117903;0.138973788;1.426116524;0.222510979;0.031968502;8.821238522;-114.2223069;-109.1556685
Model_iteration_20;['YX_C', 'mu_max'];[0.35, 0.08];[0.8, 0.16];;;;;;;0.710042018;;;0.113848664;;;;;;;;;;;147.912701;;;18718.69839;;;;;0.278873718;0.28427755;21.07145473;0.344134276;0.128945585;6.986640724;0.038627828;0.304514828;3.37071241;0.104119677;0.130149597;1.256218546;0.228326502;0.032804027;8.171256603;-114.1582918;-110.7805329
Model_iteration_43;['YX_C', 'YX_N', 'mu_max'];[0.35, 10.0, 0.08];[0.8, 15.0, 0.16];;;;;;;0.712178539;13.15933654;;0.134454455;;;;;;;;;;;135.14973;725.470706;;21323.33035;;;;;0.292260378;0.297923607;24.6274745;0.317315605;0.118896748;6.231238789;0.026771914;0.211051077;2.23470875;0.108327285;0.135409106;1.343932497;0.222798596;0.032009824;8.609338633;-114.1189658;-109.0523274
Model_iteration_6;['YX_C', 'Xmax'];[0.35, 1.15];[0.8, 1.2];;;;;;;0.641165621;;1.188372584;;;;;;;;;;;;128.2150074;;11199.64334;;;;;;0.112248444;0.11442352;9.643480169;0.440213047;0.164945874;8.503838761;0.043973041;0.346652756;4.087499164;0.043840735;0.054800919;0.575041985;0.229261247;0.032938323;5.70246502;-113.8314486;-110.4536897
Model_iteration_20;['Xmax', 'mu_max', 'pH_UL'];[1.15, 0.08, 5.5];[1.2, 0.16, 21.0];;;;;;;;;1.189373026;0.135844713;;6.310356456;;;;;;;;;;;2216.594026;404.6784752;;16112.42404;;;0.174759273;0.178145643;24.10782632;0.393798381;0.147554505;6.785595935;0.041733854;0.329000569;3.86246857;0.11498855;0.143735687;1.176607244;0.223931937;0.032172653;8.983124517;-113.7130501;-108.6464117
Model_iteration_50;['YX_C', 'YX_N', 'mu_max'];[0.35, 10.0, 0.08];[0.8, 15.0, 0.16];;;;;;;0.714022575;12.35674697;;0.140665901;;;;;;;;;;;139.1866659;822.7091027;;22187.45938;;;;;0.29687879;0.302631512;25.66588614;0.315857022;0.118350224;6.074705929;0.028031179;0.22097825;2.426494928;0.110428319;0.138035399;1.406178269;0.224099774;0.032196766;8.893316315;-113.6531126;-108.5864742
Model_iteration_4;['YX_C', 'YX_N', 'mu_max', 'pH_UL'];[0.35, 10.0, 0.08, 5.5];[0.8, 15.0, 0.16, 21.0];;;;;;;0.624311386;12.58981308;;0.091702772;;6.744150467;;;;;;;;;79.44046103;355.4694706;;3704.75171;;43477.33319;;;0.201401674;0.205304303;16.75247708;0.375064658;0.140535062;7.05378049;0.030715878;0.242142542;2.600681395;0.097991318;0.122489148;1.153305132;0.21896455;0.03145898;6.890061025;-113.5076349;-106.7521171
Model_iteration_36;['YX_C', 'mu_max'];[0.35, 0.08];[0.8, 0.16];;;;;;;0.70411402;;;0.107759094;;;;;;;;;;;108.9428782;;;18122.32572;;;;;0.276420985;0.281777289;20.95235671;0.351155856;0.13157654;7.11361435;0.039211617;0.309117017;3.425595244;0.104523646;0.130654558;1.296127336;0.230315946;0.033089853;8.19692341;-113.4642587;-110.0864998
Model_iteration_44;['YX_C'];[0.35];[0.8];;;;;;;0.738490686;;;;;;;;;;;;;;140.2127378;;;;;;;;0.303544457;0.309426342;27.1330837;0.343517119;0.128714339;6.36085164;0.036057896;0.284255278;3.138385982;0.113883329;0.142354162;1.490828894;0.236861158;0.034030214;9.530787554;-113.2224913;-111.5336118
Model_iteration_22;['YX_C', 'YX_N', 'mu_max'];[0.35, 10.0, 0.08];[0.8, 15.0, 0.16];;;;;;;0.709797065;14.55050271;;0.157057076;;;;;;;;;;;149.1966741;798.5635313;;24723.27964;;;;;0.307874845;0.313840641;28.14254614;0.307295549;0.115142278;5.675336127;0.024804749;0.195543326;2.073852838;0.116517962;0.145647452;1.546682967;0.225504537;0.032398591;9.359604518;-113.1531999;-108.0865616
Model_iteration_49;['YX_C', 'YX_N', 'mu_max'];[0.35, 10.0, 0.08];[0.8, 15.0, 0.16];;;;;;;0.712559414;13.7981457;;0.156379345;;;;;;;;;;;148.2877335;837.9773928;;24609.30248;;;;;0.30745378;0.313411418;28.04474695;0.310447564;0.116323324;5.710590361;0.024922705;0.196473211;2.006342408;0.116250232;0.14531279;1.541352032;0.226407142;0.032528269;9.325757936;-112.8336312;-107.7669928
Model_iteration_48;['YX_C', 'YX_N'];[0.35, 10.0];[0.8, 15.0];;;;;;;0.728853093;11.6723796;;;;;;;;;;;;;141.9450664;944.8743115;;;;;;;0.303380771;0.309259484;27.11219062;0.331180466;0.12409185;6.155206803;0.030119107;0.237438012;2.729812593;0.113810437;0.142263046;1.489597036;0.232153166;0.03335381;9.371701764;-112.8286342;-109.4508753
Model_iteration_21;['YX_C'];[0.35];[0.8];;;;;;;0.744611335;;;;;;;;;;;;;;139.0580759;;;;;;;;0.303546072;0.309427988;27.13327657;0.351535451;0.131718773;6.559977029;0.036057816;0.284254648;3.138377908;0.113884027;0.142355034;1.490840285;0.239784866;0.034450268;9.580617947;-112.2410518;-110.5521724
Model_iteration_43;['YX_C', 'mu_max'];[0.35, 0.08];[0.8, 0.16];;;;;;;0.655401416;;;0.084956543;;;;;;;;;;;82.30351208;;;15045.57161;;;;;0.267278569;0.272457718;22.69898916;0.366667661;0.137388744;6.724930019;0.041664491;0.328453759;3.684444802;0.115460114;0.144325142;1.530811559;0.235026581;0.033766638;8.659793885;-111.8445329;-108.466774
Model_iteration_10;['YX_C', 'YX_N'];[0.35, 10.0];[0.8, 15.0];;;;;;;0.735016504;11.20533779;;;;;;;;;;;;;140.7443838;983.9010505;;;;;;;0.303367331;0.309245785;27.11047226;0.339084078;0.127053299;6.290990723;0.03238814;0.255325482;2.950176466;0.113804453;0.142255566;1.48949574;0.235058607;0.033771239;9.460283796;-111.8336323;-108.4558734
Model_iteration_41;['YX_C', 'mu_max'];[0.35, 0.08];[0.8, 0.16];;;;;;;0.541055967;;;0.121724138;;;;;;;;;;;163.2675083;;;19704.13202;;;;;0.283197488;0.288685103;22.27890467;0.360092122;0.134924919;6.535029461;0.037937274;0.299070987;3.306311984;0.104940018;0.131175022;1.288595899;0.235753472;0.033871071;8.352210505;-111.5974906;-108.2197317
Model_iteration_27;['YX_C', 'YX_N'];[0.35, 10.0];[0.8, 15.0];;;;;;;0.738121065;13.86342878;;;;;;;;;;;;;140.2093436;796.7693147;;;;;;;0.303439829;0.309319687;27.11968843;0.343080482;0.128550733;6.356089424;0.025255274;0.199094947;2.054077066;0.11383665;0.142295812;1.490039069;0.236313647;0.033951552;9.254973497;-111.4076276;-108.0298687
Model_iteration_46;['YX_C', 'mu_max'];[0.35, 0.08];[0.8, 0.16];;;;;;;0.703021427;;;0.101084825;;;;;;;;;;;99.9961189;;;17324.00939;;;;;0.274376312;0.279692997;21.75219957;0.368568826;0.138101102;7.352050118;0.039888094;0.314449889;3.490999894;0.106215211;0.132769013;1.375016583;0.236642172;0.033998752;8.492566542;-111.296488;-107.9187291
Model_iteration_24;['YX_C', 'Xmax', 'mu_max'];[0.35, 1.15, 0.08];[0.8, 1.2, 0.16];;;;;;;0.641995098;;1.188584606;0.140632651;;;;;;;;;;;122.7877817;;7382.210142;14068.7656;;;;;0.108241499;0.110338931;8.462684424;0.446760103;0.167399027;8.754539993;0.044374877;0.349820555;4.126246818;0.042472751;0.053090939;0.517457158;0.231885681;0.03331538;5.465232098;-110.9208627;-105.8542243
Model_iteration_4;['mu_max', 'pH_UL'];[0.08, 5.5];[0.16, 21.0];;;;;;;;;;0.094993669;;6.886228041;;;;;;;;;;;;5594.690469;;34564.56075;;;0.220473508;0.224745699;18.42768304;0.405924154;0.152097978;7.655556725;0.043645747;0.344072601;3.967807452;0.107654329;0.134567912;1.276623351;0.238158242;0.034216568;7.831917641;-110.7855956;-107.4078367
Model_iteration_7;['YX_C', 'YX_N', 'Xmax', 'pH_UL'];[0.35, 10.0, 1.15, 5.5];[0.8, 15.0, 1.2, 21.0];;;;;;;0.408960459;12.55412142;1.191581676;;;7.216993514;;;;;;;;;180.8582207;575.104589;2704.920427;;;12747.37499;;;0.106399529;0.108461269;8.018082648;0.437735984;0.16401773;8.150752204;0.027181272;0.21427817;2.33179527;0.043582071;0.054477588;0.577001876;0.226700171;0.032570369;4.769407999;-110.7301575;-103.9746397
Model_iteration_50;['YX_C', 'YX_N', 'Xmax'];[0.35, 10.0, 1.15];[0.8, 15.0, 1.2];;;;;;;0.402894436;12.54023923;1.163610185;;;;;;;;;;;;198.8979525;667.4335631;11186.37972;;;;;;0.099406201;0.101332429;8.71755503;0.452924957;0.16970897;8.753987474;0.026373494;0.207910214;2.229619899;0.039555139;0.049443923;0.517898102;0.233068005;0.033485246;5.054765126;-110.5140001;-105.4473618
Model_iteration_36;['YX_C', 'Xmax', 'mu_max', 'pH_UL'];[0.35, 1.15, 0.08, 5.5];[0.8, 1.2, 0.16, 21.0];;;;;;;0.428195779;;1.163130801;0.155195453;;6.422594378;;;;;;;;;266.3841271;;2065.700793;524.6711198;;16796.76262;;;0.136466603;0.139110963;17.96492117;0.423364759;0.158632895;8.014101176;0.043465348;0.342650464;4.054661368;0.08642914;0.108036426;0.943767582;0.227607164;0.032700679;7.744362825;-110.4107279;-103.6552101
Model_iteration_31;['YX_C', 'mu_max'];[0.35, 0.08];[0.8, 0.16];;;;;;;0.557173532;;;0.146695591;;;;;;;;;;;183.3549704;;;23069.48582;;;;;0.301253212;0.307090699;26.62672661;0.353577183;0.132483801;6.701918538;0.03623719;0.285668708;3.154438627;0.112632311;0.140790389;1.462050503;0.239671386;0.034433964;9.486283568;-110.2789214;-106.9011625
Model_iteration_43;['YX_C', 'YX_N'];[0.35, 10.0];[0.8, 15.0];;;;;;;0.74514857;14.1574826;;;;;;;;;;;;;138.8708726;780.3622213;;;;;;;0.303447864;0.309327878;27.12069886;0.352289366;0.132001261;6.580490356;0.02518205;0.198517701;2.08177521;0.113840201;0.142300251;1.490098651;0.239677977;0.034434911;9.31826577;-110.2767216;-106.8989626
Model_iteration_42;['YX_C', 'YX_N', 'mu_max'];[0.35, 10.0, 0.08];[0.8, 15.0, 0.16];;;;;;;0.732760291;13.29670431;;0.120502719;;;;;;;;;;;119.1401169;606.884227;;19573.63431;;;;;0.282401864;0.287874062;22.02977291;0.361986133;0.135634597;7.195494462;0.027653629;0.218001905;2.336218686;0.104715414;0.130894267;1.283263313;0.23585738;0.033886;8.211187343;-109.5622384;-104.4956001
Model_iteration_34;['YX_C', 'YX_N', 'Xmax'];[0.35, 10.0, 1.15];[0.8, 15.0, 1.2];;;;;;;0.404496904;13.42068338;1.170136492;;;;;;;;;;;;199.4202875;628.42687;11182.36024;;;;;;0.10250822;0.104494557;8.957486718;0.457861721;0.171558754;8.838712989;0.028080654;0.221368276;2.314080904;0.040532302;0.050665378;0.532791793;0.235890166;0.03389071;5.160768101;-109.5511185;-104.4844802
Model_iteration_48;['YX_C', 'Xmax'];[0.35, 1.15];[0.8, 1.2];;;;;;;0.636406946;;1.15379904;;;;;;;;;;;;124.8221435;;11199.0569;;;;;;0.095267117;0.09711314;8.38161834;0.471210087;0.176560327;9.234654076;0.045114248;0.355649236;4.215864321;0.038346649;0.047933311;0.497054909;0.242188217;0.034795561;5.582297911;-109.4432078;-106.0654489
Model_iteration_42;['YX_C', 'YX_N', 'Xmax'];[0.35, 10.0, 1.15];[0.8, 15.0, 1.2];;;;;;;0.655734473;14.00677032;1.197442663;;;;;;;;;;;;126.4187346;620.8348032;11191.29497;;;;;;0.117429323;0.119704791;9.983717284;0.454531633;0.170310985;8.799427666;0.028578526;0.225293145;2.355953585;0.045687461;0.057109327;0.594572186;0.236269299;0.033945181;5.43341768;-109.422642;-104.3560037
Model_iteration_10;['YX_C', 'YX_N', 'Xmax', 'mu_max'];[0.35, 10.0, 1.15, 0.08];[0.8, 15.0, 1.2, 0.16];;;;;;;0.598257906;11.58744134;1.150020545;0.113430753;;;;;;;;;;;105.0101132;507.2698976;5108.497125;9780.903895;;;;;0.098161431;0.100063539;7.842393199;0.446412881;0.167268925;8.903610572;0.028080846;0.221369784;2.421785994;0.053228695;0.066535869;0.690799026;0.230511364;0.033117929;4.964647198;-109.3964094;-102.6408916
Model_iteration_7;['YX_C', 'YX_N', 'Xmax'];[0.35, 10.0, 1.15];[0.8, 15.0, 1.2];;;;;;;0.647376923;12.27735161;1.181586832;;;;;;;;;;;;126.0609134;695.6696627;11198.88414;;;;;;0.108446423;0.110547827;9.383983458;0.458265267;0.171709961;8.897595259;0.025531522;0.201272698;2.183682166;0.042514204;0.053142754;0.559110671;0.236763066;0.034016121;5.256092888;-109.2556287;-104.1889903
Model_iteration_43;['YX_C', 'Xmax', 'mu_max', 'pH_UL'];[0.35, 1.15, 0.08, 5.5];[0.8, 1.2, 0.16, 21.0];;;;;;;0.643937623;;1.18681988;0.147900981;;7.440621916;;;;;;;;;129.1029514;;4885.73663;2492.83109;;10389.55718;;;0.113221629;0.115415563;9.947711755;0.444800262;0.166664683;8.551527899;0.043888432;0.345985762;4.079856215;0.044406616;0.05550827;0.594225338;0.231605566;0.033275135;5.793330301;-109.0175601;-102.2620423
Model_iteration_39;['YX_C', 'YX_N', 'pH_UL'];[0.35, 10.0, 5.5];[0.8, 15.0, 21.0];;;;;;;0.740496022;14.13069873;;;;7.401594404;;;;;;;;;139.5746285;782.5596179;;;;107692.6097;;;0.303606434;0.30948952;27.1505327;0.346103026;0.129683267;6.423480953;0.025173026;0.19844656;2.077848694;0.113923228;0.142404034;1.49180458;0.237474395;0.034118319;9.285916731;-109.0156376;-103.9489992
Model_iteration_1;['YX_C', 'YX_N', 'Xmax', 'mu_max'];[0.35, 10.0, 1.15, 0.08];[0.8, 15.0, 1.2, 0.16];;;;;;;0.387333158;11.95456193;1.166642664;0.099504173;;;;;;;;;;;141.6068786;414.7550654;3781.777042;7798.465317;;;;;0.115255509;0.117488855;9.140606012;0.442438248;0.165779647;8.084450236;0.029921058;0.235876735;2.543600327;0.069614321;0.087017901;0.829487173;0.231720122;0.033291594;5.149535937;-108.9780007;-102.2224828
Model_iteration_8;['YX_C'];[0.35];[0.8];;;;;;;0.765084189;;;;;;;;;;;;;;135.3323286;;;;;;;;0.303551241;0.309433258;27.13389507;0.378856215;0.141955742;7.204693892;0.03605756;0.284252628;3.138352031;0.113886262;0.142357827;1.490876813;0.249972806;0.035913985;9.741954451;-108.9122513;-107.2233719
Model_iteration_27;['YX_C', 'Xmax', 'mu_max'];[0.35, 1.15, 0.08];[0.8, 1.2, 0.16];;;;;;;0.413413456;;1.197906269;0.143051813;;;;;;;;;;;194.5561514;;7519.450219;14464.34594;;;;;0.114371845;0.116588067;9.122022567;0.458147268;0.171665747;8.74177887;0.043967452;0.346608695;4.08172411;0.044408413;0.055510516;0.541301739;0.238162278;0.034217148;5.621706822;-108.7842399;-103.7176015
Model_iteration_38;['YX_C'];[0.35];[0.8];;;;;;;0.766601196;;;;;;;;;;;;;;135.0642727;;;;;;;;0.30355161;0.309433634;27.13393934;0.380898643;0.14272103;7.25109648;0.036057541;0.284252484;3.138350179;0.113886422;0.142358027;1.490879428;0.250747692;0.036025314;9.753566357;-108.6646446;-106.9757652
Model_iteration_3;['YX_C', 'mu_max'];[0.35, 0.08];[0.8, 0.16];;;;;;;0.742150515;;;0.113816378;;;;;;;;;;;111.15679;;;18804.38298;;;;;0.27886527;0.284268938;21.06993093;0.387822102;0.14531522;7.731060864;0.038630284;0.30453419;3.370931702;0.104121098;0.130151372;1.256158275;0.24520671;0.035229233;8.357020442;-108.4522967;-105.0745378
Model_iteration_27;['YX_C', 'mu_max'];[0.35, 0.08];[0.8, 0.16];;;;;;;0.524691402;;;0.096277457;;;;;;;;;;;124.8003702;;;16695.33814;;;;;0.272813385;0.278099784;22.21424648;0.392370358;0.147019431;7.643105856;0.040398734;0.318475416;3.542964356;0.108238331;0.135297914;1.428918307;0.245829837;0.035318758;8.70730875;-108.2492562;-104.8714973
Model_iteration_33;['YX_C', 'mu_max'];[0.35, 0.08];[0.8, 0.16];;;;;;;0.757924757;;;0.135815073;;;;;;;;;;;128.0570172;;;21507.68252;;;;;0.293424084;0.299109864;24.88008445;0.377495478;0.14144588;7.380291553;0.036883952;0.29076733;3.212372317;0.108832318;0.136040398;1.35930259;0.245868577;0.035324324;9.208012727;-108.23665;-104.8588911
Model_iteration_16;['YX_C', 'YX_N', 'pH_UL'];[0.35, 10.0, 5.5];[0.8, 15.0, 21.0];;;;;;;0.659833308;14.44488586;;;;7.735997776;;;;;;;;;181.0121907;956.6668814;;;;227727.4588;;;0.340007319;0.346595758;35.06395406;0.307663434;0.115280123;6.14082541;0.022005652;0.173477199;1.808321297;0.141834796;0.177293495;1.876854875;0.240241089;0.034515814;11.22248891;-108.0889858;-103.0223474
Model_iteration_2;['YX_C', 'mu_max', 'pH_UL'];[0.35, 0.08, 5.5];[0.8, 0.16, 21.0];;;;;;;0.74592747;;;0.084567779;;7.879382334;;;;;;;;;133.6246586;;;1552.455184;;12194.23735;;;0.300208934;0.306026186;25.06047194;0.356987274;0.133761547;6.803780958;0.036686421;0.289210132;3.187458831;0.111536891;0.139421114;1.374693215;0.240495161;0.034552317;9.106601235;-108.0044248;-102.9377865
Model_iteration_2;['YX_C', 'YX_N'];[0.35, 10.0];[0.8, 15.0];;;;;;;0.759172062;12.37833526;;;;;;;;;;;;;136.2856788;891.5515977;;;;;;;0.303409279;0.309288545;27.11575357;0.370987724;0.139007453;7.026491296;0.027585747;0.217466768;2.428335334;0.113822999;0.142278749;1.489807225;0.246680831;0.035441022;9.515096855;-107.9727967;-104.5950378
Model_iteration_1;['YX_C', 'YX_N', 'mu_max'];[0.35, 10.0, 0.08];[0.8, 15.0, 0.16];;;;;;;0.747796032;10.98264949;;0.144748067;;;;;;;;;;;135.3124561;960.0644689;;22785.1917;;;;;0.299782166;0.305591148;26.31052987;0.35798406;0.134135038;6.804429047;0.033726692;0.265877693;3.057657294;0.11187198;0.139839975;1.443825371;0.240663024;0.034576434;9.404110395;-107.9486052;-102.8819669
Model_iteration_4;['YX_C', 'YX_N', 'Xmax', 'mu_max'];[0.35, 10.0, 1.15, 0.08];[0.8, 15.0, 1.2, 0.16];;;;;;;0.628846584;10.23292544;1.157053053;0.144026217;;;;;;;;;;;123.3438597;777.4770649;7498.960156;14170.12563;;;;;0.094273064;0.096099826;7.75557673;0.457907314;0.171575837;8.951183431;0.025198428;0.198646812;2.085910182;0.038117501;0.047646877;0.473084603;0.234869338;0.033744046;4.816438736;-107.8980743;-101.1425565
Model_iteration_46;['YX_C'];[0.35];[0.8];;;;;;;0.772174091;;;;;;;;;;;;;;134.0884231;;;;;;;;0.303552952;0.309435002;27.13410021;0.388410801;0.145535803;7.419996835;0.036057475;0.284251959;3.138343454;0.113887002;0.142358753;1.490888927;0.253612764;0.036436944;9.795832355;-107.7557382;-106.0668587
Model_iteration_32;['YX_C', 'YX_N', 'mu_max'];[0.35, 10.0, 0.08];[0.8, 15.0, 0.16];;;;;;;0.528479081;14.02289017;;0.10445175;;;;;;;;;;;139.1029881;455.7069158;;17713.08807;;;;;0.275221551;0.280554613;21.37048425;0.383067242;0.143533595;7.211634822;0.029134165;0.229673419;2.485221667;0.105173029;0.131466287;1.336084001;0.242073119;0.034779025;8.100856185;-107.4812364;-102.414598
Model_iteration_1;['YX_C', 'YX_N', 'Xmax'];[0.35, 10.0, 1.15];[0.8, 15.0, 1.2];;;;;;;0.403684315;10.10838647;1.177671805;;;;;;;;;;;;201.2191609;838.4279988;11176.86697;;;;;;0.106266957;0.108326128;9.223338818;0.47473479;0.177881018;9.129999923;0.025580357;0.201657677;2.144913897;0.041769848;0.05221231;0.549146457;0.244471298;0.035123575;5.261849774;-106.6925895;-101.6259511
Model_iteration_17;['YX_C', 'YX_N'];[0.35, 10.0];[0.8, 15.0];;;;;;;0.547687908;11.82217811;;;;;;;;;;;;;189.0382988;932.1923873;;;;;;;0.303312568;0.30918996;27.10424755;0.381610889;0.142987906;7.305318087;0.029492836;0.23250093;2.662365838;0.113781322;0.142226652;1.489127066;0.250719664;0.036021288;9.640264637;-106.6735871;-103.2958282
Model_iteration_35;['YX_C', 'Xmax', 'mu_max'];[0.35, 1.15, 0.08];[0.8, 1.2, 0.16];;;;;;;0.6103188;;1.194147753;0.094304239;;;;;;;;;;;86.10545132;;3223.941314;7127.688572;;;;;0.127265839;0.129731913;9.879439625;0.464108117;0.173899251;9.159468159;0.047231604;0.372340991;4.408316524;0.076423232;0.09552904;0.894671006;0.244777589;0.03516758;6.085473829;-106.5924224;-101.525784
Model_iteration_30;['YX_C', 'YX_N', 'mu_max'];[0.35, 10.0, 0.08];[0.8, 15.0, 0.16];;;;;;;0.753096044;11.23247903;;0.159208386;;;;;;;;;;;141.4992265;1046.412788;;25076.83228;;;;;0.309082081;0.315071271;28.43601187;0.360495066;0.135075901;6.631776424;0.032038728;0.252570962;2.931074438;0.117325007;0.146656259;1.562551829;0.245091852;0.035212731;9.890353641;-106.4897788;-101.4231404
Model_iteration_14;['YX_C', 'mu_max'];[0.35, 0.08];[0.8, 0.16];;;;;;;0.55221235;;;0.156645789;;;;;;;;;;;191.6935867;;;24646.27017;;;;;0.307651328;0.313612793;28.08823256;0.378882388;0.141965549;7.30543349;0.035731534;0.281682469;3.109544377;0.116372049;0.145465062;1.543735004;0.251505666;0.036134214;10.01173636;-106.4231809;-103.045422
Model_iteration_36;['YX_C', 'YX_N'];[0.35, 10.0];[0.8, 15.0];;;;;;;0.769414712;11.29298039;;;;;;;;;;;;;134.4506873;976.4438935;;;;;;;0.303379065;0.309257746;27.11189728;0.384790037;0.144179118;7.342034593;0.03192473;0.251672284;2.907494081;0.113809557;0.142261946;1.489579906;0.252028785;0.036209371;9.712751466;-106.2569578;-102.8791989
Model_iteration_32;['YX_C', 'YX_N'];[0.35, 10.0];[0.8, 15.0];;;;;;;0.769737533;11.7054793;;;;;;;;;;;;;134.396415;942.3532337;;;;;;;0.303392348;0.309271286;27.11358264;0.385217745;0.144339379;7.35140306;0.029976995;0.236317705;2.714928413;0.11381545;0.142269313;1.489679279;0.252136969;0.036224914;9.667398349;-106.2226249;-102.8448659
Model_iteration_26;['YX_C', 'Xmax'];[0.35, 1.15];[0.8, 1.2];;;;;;;0.662996505;;1.175553808;;;;;;;;;;;;122.4453062;;11207.72774;;;;;;0.105348387;0.107389759;9.176650003;0.490710609;0.183867086;9.743748893;0.044394117;0.349972226;4.135063409;0.041468359;0.051835449;0.546435871;0.252777395;0.036316925;5.900474544;-106.019683;-102.6419241
Model_iteration_9;['YX_C', 'YX_N', 'mu_max'];[0.35, 10.0, 0.08];[0.8, 15.0, 0.16];;;;;;;0.549176075;13.21722246;;0.147616164;;;;;;;;;;;186.5858892;818.4753707;;23209.84647;;;;;0.301755804;0.30760303;26.75092174;0.374489046;0.140319383;7.139920487;0.025953615;0.204600183;2.119128659;0.11291525;0.141144062;1.469108186;0.24734695;0.035536724;9.369769767;-105.7570618;-100.6904234
Model_iteration_5;['YX_C'];[0.35];[0.8];;;;;;;0.538947949;;;;;;;;;;;;;;192.2757439;;;;;;;;0.303463786;0.309344108;27.12365594;0.405992307;0.152123515;7.776326137;0.036061811;0.284286141;3.138782729;0.113848778;0.142310973;1.490270895;0.2603757;0.037408585;9.882258925;-105.6503752;-103.9614957
Model_iteration_8;['YX_C', 'mu_max'];[0.35, 0.08];[0.8, 0.16];;;;;;;0.771868015;;;0.129367359;;;;;;;;;;;121.0037007;;;20650.9425;;;;;0.288587615;0.294179677;23.74207742;0.40332194;0.15112294;8.016290477;0.037332003;0.294299453;3.252012367;0.106817329;0.133521661;1.313446759;0.254339841;0.036541404;9.080956755;-105.5267159;-102.148957
Model_iteration_22;['YX_C', 'YX_N', 'Xmax'];[0.35, 10.0, 1.15];[0.8, 15.0, 1.2];;;;;;;0.673247219;11.59438182;1.197872756;;;;;;;;;;;;123.1481495;748.9727655;11191.24441;;;;;;0.117652927;0.119932728;10.00153528;0.482602405;0.180828979;9.537553591;0.024634296;0.194199591;2.093089332;0.045766407;0.057208008;0.595195224;0.249724201;0.035878268;5.556843356;-104.9918534;-99.92521507
Model_iteration_6;['YX_C', 'YX_N', 'Xmax'];[0.35, 10.0, 1.15];[0.8, 15.0, 1.2];;;;;;;0.674472343;12.03302495;1.198567854;;;;;;;;;;;;123.0149129;722.4981497;11191.02901;;;;;;0.118072709;0.120360645;10.03970872;0.483795118;0.181275882;9.568424756;0.024971377;0.196856907;2.139497265;0.045918736;0.057398419;0.596806001;0.250365223;0.035970365;5.586109185;-104.7867627;-99.72012432
Model_iteration_24;['YX_C', 'YX_N', 'mu_max'];[0.35, 10.0, 0.08];[0.8, 15.0, 0.16];;;;;;;0.551896586;10.21637619;;0.155550987;;;;;;;;;;;190.9453298;1121.250732;;24466.66178;;;;;0.306788638;0.312733387;27.90648329;0.377895501;0.141595766;7.277583586;0.038892036;0.306597664;3.480989409;0.115857923;0.144822404;1.533728049;0.25092824;0.036051254;10.04969608;-104.607062;-99.54042368
Model_iteration_7;['YX_C', 'YX_N', 'pH_UL'];[0.35, 10.0, 5.5];[0.8, 15.0, 21.0];;;;;;;0.513169515;14.48177734;;;;6.962489465;;;;;;;;;157.0230593;512.6410723;;;;86578.40445;;;0.269194609;0.274410885;21.29024762;0.41082878;0.15393572;7.126829391;0.027473924;0.216585238;2.381567663;0.099837621;0.124797026;1.183572753;0.250982266;0.036059016;7.995554358;-104.5898398;-99.52320146
Model_iteration_37;['YX_C', 'YX_N', 'Xmax', 'mu_max'];[0.35, 10.0, 1.15, 0.08];[0.8, 15.0, 1.2, 0.16];;;;;;;0.62531442;11.09610915;1.160503831;0.117034614;;;;;;;;;;;104.7891711;557.5668927;5447.755685;10381.61472;;;;;0.097929949;0.099827571;7.674918707;0.47646059;0.178527667;9.604351497;0.027074346;0.213435241;2.339253352;0.049583867;0.061979834;0.663533952;0.244845129;0.035177284;5.070514377;-104.5703517;-97.81483383
Model_iteration_41;['YX_C', 'YX_N'];[0.35, 10.0];[0.8, 15.0];;;;;;;0.780200923;12.21263628;;;;;;;;;;;;;133.385577;903.5940338;;;;;;;0.303409758;0.309289033;27.11577755;0.399329991;0.149627175;7.663459669;0.0280884;0.221429341;2.496008988;0.113823153;0.142278941;1.48980872;0.257520189;0.03699833;9.691263731;-104.5325726;-101.1548137
Model_iteration_21;['YX_C', 'YX_N'];[0.35, 10.0];[0.8, 15.0];;;;;;;0.780463683;13.34681816;;;;;;;;;;;;;132.5640159;827.3636825;;;;;;;0.303438843;0.309318682;27.11948021;0.399666583;0.149753294;7.67031382;0.025662819;0.202307753;2.074889034;0.113836079;0.142295099;1.490026976;0.257597429;0.037009427;9.588677509;-104.5085811;-101.1308222
Model_iteration_31;['YX_C', 'YX_N'];[0.35, 10.0];[0.8, 15.0];;;;;;;0.782733591;11.35300858;;;;;;;;;;;;;132.1588113;971.3687834;;;;;;;0.303384201;0.30926298;27.11252718;0.402763421;0.150913666;7.738644396;0.031617472;0.249250078;2.87862168;0.1138118;0.142264751;1.489617094;0.258946489;0.037203248;9.804852589;-104.0907075;-100.7129486
Model_iteration_5;['YX_C', 'YX_N', 'Xmax'];[0.35, 10.0, 1.15];[0.8, 15.0, 1.2];;;;;;;0.656622863;14.73067277;1.164724221;;;;;;;;;;;;122.2635419;570.3612679;11211.08869;;;;;;0.100005472;0.101943312;8.77392227;0.492568187;0.184563113;9.791335759;0.031345562;0.24710653;2.667408887;0.039741362;0.049676702;0.521486139;0.252579905;0.036288551;5.438538264;-104.08221;-99.01557163
Model_iteration_23;['YX_C', 'YX_N', 'Xmax', 'mu_max'];[0.35, 10.0, 1.15, 0.08];[0.8, 15.0, 1.2, 0.16];;;;;;;0.394497811;10.91534866;1.173475584;0.134633777;;;;;;;;;;;190.267086;686.0571925;6881.912792;13007.29027;;;;;0.098999813;0.100918166;7.31896906;0.480920745;0.180198868;8.985645355;0.025530113;0.201261586;2.159278754;0.040740419;0.050925524;0.536913716;0.246676557;0.035440408;4.750201721;-103.9741831;-97.21866526
Model_iteration_33;['YX_C'];[0.35];[0.8];;;;;;;0.795852456;;;;;;;;;;;;;;130.0941348;;;;;;;;0.303558397;0.309440553;27.13475413;0.42030627;0.157486893;8.111259311;0.036057204;0.284249825;3.138316134;0.11388936;0.1423617;1.490927542;0.26602442;0.038220146;9.968814279;-103.9333735;-102.244494
Model_iteration_22;['YX_C', 'Xmax'];[0.35, 1.15];[0.8, 1.2];;;;;;;0.678302881;;1.18619033;;;;;;;;;;;;120.9416164;;11202.59866;;;;;;0.111036082;0.113187667;9.564896213;0.503457457;0.188643274;10.07189529;0.044044192;0.347213661;4.095556836;0.043415386;0.054269233;0.570249614;0.259626274;0.037300914;6.075649487;-103.8809671;-100.5032082
Model_iteration_50;['YX_C'];[0.35];[0.8];;;;;;;0.796784355;;;;;;;;;;;;;;129.942051;;;;;;;;0.303558603;0.309440763;27.13477893;0.421555865;0.157955111;8.137624944;0.036057194;0.284249744;3.138315099;0.11388945;0.142361812;1.490929006;0.266518339;0.038291108;9.975411994;-103.7849778;-102.0960983
Model_iteration_1;['YX_C', 'mu_max'];[0.35, 0.08];[0.8, 0.16];;;;;;;0.770572171;;;0.115064083;;;;;;;;;;;107.8667773;;;18945.58884;;;;;0.279472051;0.284887477;21.16455838;0.424471706;0.159047664;8.526375905;0.038514886;0.303624477;3.360147062;0.104162153;0.130202691;1.260913971;0.260102868;0.037369387;8.577998829;-103.7342465;-100.3564875
Model_iteration_40;['YX_C', 'YX_N', 'Xmax', 'mu_max'];[0.35, 10.0, 1.15, 0.08];[0.8, 15.0, 1.2, 0.16];;;;;;;0.38451365;11.3206608;1.187475709;0.08722517;;;;;;;;;;;122.2438592;368.0654612;2687.123793;6113.738882;;;;;0.13349695;0.136083766;9.943024658;0.469019095;0.175739373;9.261181542;0.030306214;0.238913033;2.560780079;0.087611807;0.109514759;0.940290265;0.248190775;0.035657958;5.676319136;-103.484606;-96.72908822
Model_iteration_44;['YX_C', 'YX_N', 'Xmax'];[0.35, 10.0, 1.15];[0.8, 15.0, 1.2];;;;;;;0.391639064;10.76367867;1.160976913;;;;;;;;;;;;204.0177788;774.0368746;11185.01519;;;;;;0.098188314;0.100090943;8.615875178;0.49762289;0.186457087;9.530838974;0.024482725;0.193004711;2.041831957;0.039186384;0.04898298;0.511545103;0.254658822;0.036587233;5.175022803;-103.4264467;-98.35980837
Model_iteration_11;['YX_C', 'mu_max'];[0.35, 0.08];[0.8, 0.16];;;;;;;0.783816752;;;0.128080997;;;;;;;;;;;118.1384991;;;20486.97571;;;;;0.287648511;0.293222375;23.50599671;0.421409554;0.157900289;8.406477441;0.03742751;0.295052359;3.260345779;0.106456874;0.133071093;1.310224735;0.261276464;0.037538;9.120761167;-103.3740946;-99.99633571
Model_iteration_7;['YX_C', 'YX_N', 'mu_max'];[0.35, 10.0, 0.08];[0.8, 15.0, 0.16];;;;;;;0.539096073;12.87729197;;0.144087227;;;;;;;;;;;187.3338232;814.6068528;;22677.72839;;;;;0.299287861;0.305087265;26.2045027;0.396644165;0.148620807;7.528093922;0.026677594;0.21030753;2.230232154;0.111622357;0.139527947;1.437676927;0.254985814;0.036634212;9.350126427;-103.3237892;-98.25715088
Model_iteration_30;['YX_C', 'mu_max'];[0.35, 0.08];[0.8, 0.16];;;;;;;0.787344914;;;0.136280209;;;;;;;;;;;123.6146889;;;21572.88506;;;;;0.293782062;0.299474778;24.96019024;0.417579471;0.156465174;8.235570559;0.036853139;0.290524423;3.209617478;0.108990479;0.136238099;1.364134941;0.261685686;0.037596793;9.442378304;-103.2488935;-99.87113455
Model_iteration_50;['YX_C', 'mu_max'];[0.35, 0.08];[0.8, 0.16];;;;;;;0.77030039;;;0.112021372;;;;;;;;;;;104.5502854;;;18623.48938;;;;;0.278066919;0.283455118;20.92789527;0.430576893;0.16133525;8.640943975;0.038798165;0.305857647;3.386629921;0.104136314;0.130170392;1.248801748;0.262234314;0.037675615;8.551067729;-103.0813477;-99.70358877
Model_iteration_3;['YX_C', 'Xmax', 'mu_max'];[0.35, 1.15, 0.08];[0.8, 1.2, 0.16];;;;;;;0.634341022;;1.169169718;0.108782965;;;;;;;;;;;96.50264997;;4701.978084;9229.40289;;;;;0.106387759;0.108449271;8.505283743;0.496749964;0.186130006;10.11925232;0.046834688;0.369211984;4.376743686;0.057770096;0.07221262;0.745562489;0.256714703;0.036882604;5.936710559;-102.7831934;-97.71655499
Model_iteration_13;['YX_C', 'mu_max'];[0.35, 0.08];[0.8, 0.16];;;;;;;0.527360146;;;0.139541111;;;;;;;;;;;187.7210384;;;22016.66844;;;;;0.296115253;0.301853181;25.49163582;0.424448396;0.159038929;7.971811153;0.036652467;0.288942461;3.191693004;0.110063272;0.137579089;1.395893749;0.265187675;0.038099929;9.512758433;-102.1853998;-98.80764092
Model_iteration_27;['YX_C', 'YX_N', 'Xmax'];[0.35, 10.0, 1.15];[0.8, 15.0, 1.2];;;;;;;0.683359043;12.96629057;1.195051496;;;;;;;;;;;;121.0174712;668.5602016;11205.12807;;;;;;0.116016507;0.118264599;9.876941855;0.501766327;0.188009615;10.03054967;0.026459315;0.20858677;2.233173076;0.04517815;0.056472687;0.58920123;0.258829305;0.037186412;5.682466458;-102.126919;-97.06028059
Model_iteration_29;['YX_C', 'YX_N'];[0.35, 10.0];[0.8, 15.0];;;;;;;0.795098739;11.87285099;;;;;;;;;;;;;130.1007939;929.2550735;;;;;;;0.303403304;0.309282454;27.11493363;0.419397122;0.157146239;8.094530468;0.029293828;0.230932089;2.64064477;0.113820249;0.142275311;1.489759019;0.265405674;0.03813125;9.834966972;-102.1196622;-98.74190325
Model_iteration_27;['mu_max', 'pH_UL'];[0.08, 5.5];[0.16, 21.0];;;;;;;;;;0.093370484;;7.132537195;;;;;;;;;;;;12857.18151;;25389.49124;;;0.246718461;0.251499209;20.98603794;0.454343613;0.170240534;9.007841092;0.042750373;0.337014099;3.842752848;0.115362695;0.144203369;1.451647736;0.265722723;0.038176801;8.822069904;-102.0241526;-98.64639365
Model_iteration_31;['YX_C', 'YX_N', 'Xmax'];[0.35, 10.0, 1.15];[0.8, 15.0, 1.2];;;;;;;0.669282466;12.65876307;1.171119329;;;;;;;;;;;;120.6915705;667.4671027;11208.36833;;;;;;0.103052668;0.105049555;9.003714092;0.505955206;0.189579169;10.13539316;0.026422212;0.208294274;2.231480473;0.040709632;0.05088704;0.535708272;0.259309627;0.037255421;5.476574001;-101.9785969;-96.91195851
Model_iteration_29;['YX_C', 'mu_max'];[0.35, 0.08];[0.8, 0.16];;;;;;;0.750063699;;;0.097393756;;;;;;;;;;;88.79415623;;;16859.60386;;;;;0.273281663;0.278577136;22.12025371;0.441660095;0.165488077;8.606345258;0.040275143;0.317501113;3.529975047;0.107721032;0.13465129;1.416775425;0.265975758;0.038213155;8.91833736;-101.9480089;-98.57024995
Model_iteration_9;['YX_C', 'YX_N', 'Xmax', 'mu_max'];[0.35, 10.0, 1.15, 0.08];[0.8, 15.0, 1.2, 0.16];;;;;;;0.3847426;10.98025173;1.151998836;0.140388489;;;;;;;;;;;196.9367761;700.5207043;7237.372645;13614.00089;;;;;0.091313075;0.09308248;7.182899099;0.495654156;0.185719411;9.386020507;0.025120281;0.19803076;2.147048612;0.037835955;0.047294943;0.492068842;0.25301863;0.036351584;4.802009265;-101.9433726;-95.18785481
Model_iteration_46;['YX_C', 'YX_N', 'pH_UL'];[0.35, 10.0, 5.5];[0.8, 15.0, 21.0];;;;;;;0.580272384;12.48773644;;;;7.70133863;;;;;;;;;202.7032606;1098.847354;;;;212484.0948;;;0.334256643;0.340733649;33.9662696;0.371528149;0.139209948;7.033942746;0.025268739;0.199201096;2.251036357;0.137264413;0.171580516;1.83108035;0.259442044;0.037274446;11.27058226;-101.937755;-96.87111664
Model_iteration_40;['YX_C', 'Xmax', 'mu_max'];[0.35, 1.15, 0.08];[0.8, 1.2, 0.16];;;;;;;0.39486063;;1.167432122;0.156002614;;;;;;;;;;;208.6188929;;8145.147486;15831.87189;;;;;0.104192186;0.106211154;9.575491978;0.505438569;0.189385587;9.72805428;0.044438;0.350318167;4.143498658;0.04167757;0.052096962;0.569824835;0.2598249;0.037329451;6.004217438;-101.819787;-96.75314866
Model_iteration_26;['YX_C', 'mu_max'];[0.35, 0.08];[0.8, 0.16];;;;;;;0.707999359;;;0.080521322;;;;;;;;;;;69.97597189;;;14309.54779;;;;;0.263981328;0.269096585;22.57167774;0.445873221;0.167066716;8.297092953;0.042211619;0.332766934;3.750958713;0.119176961;0.148971201;1.554731658;0.266680539;0.038314411;9.043615267;-101.7363057;-98.35854678
Model_iteration_28;['YX_C', 'YX_N', 'mu_max'];[0.35, 10.0, 0.08];[0.8, 15.0, 0.16];;;;;;;0.533735396;14.77529091;;0.143058016;;;;;;;;;;;188.4193046;704.2141831;;22524.94584;;;;;0.298592786;0.304378721;26.04732855;0.410629803;0.153861164;7.775551555;0.025803241;0.203414735;2.18399185;0.111269279;0.139086598;1.428547523;0.260202395;0.037383686;9.35885487;-101.7036406;-96.63700219
Model_iteration_28;['YX_C', 'Xmax', 'mu_max'];[0.35, 1.15, 0.08];[0.8, 1.2, 0.16];;;;;;;0.652417129;;1.197932694;0.105968262;;;;;;;;;;;93.46125151;;4454.906833;8980.417411;;;;;0.118042942;0.120330301;9.176530092;0.50150697;0.187912435;10.22478612;0.046182185;0.364068109;4.297780515;0.06149525;0.076869063;0.791017888;0.260460091;0.03742071;6.122528654;-101.6244504;-96.557812
Model_iteration_12;['YX_C', 'Xmax'];[0.35, 1.15];[0.8, 1.2];;;;;;;0.686330513;;1.183261257;;;;;;;;;;;;119.1854742;;11203.61769;;;;;;0.109428492;0.111548926;9.458287125;0.519344338;0.194596017;10.47534843;0.044140285;0.347971191;4.106423388;0.042856198;0.053570247;0.563728799;0.267150779;0.038381972;6.150946936;-101.5953653;-98.21760635
Model_iteration_24;['YX_C', 'mu_max', 'pH_UL'];[0.35, 0.08, 5.5];[0.8, 0.16, 21.0];;;;;;;0.776410786;;;0.11580252;;7.433483493;;;;;;;;;111.2425388;;;4785.708482;;25062.887;;;0.28219984;0.287668123;21.80155434;0.423871796;0.15882288;8.514733156;0.038127275;0.300568823;3.323055056;0.104794711;0.130993389;1.284418349;0.260643276;0.037447029;8.730940226;-101.5682052;-96.5015668
Model_iteration_6;['YX_N', 'Xmax', 'pH_UL'];[10.0, 1.15, 5.5];[15.0, 1.2, 21.0];;;;;;;;11.19828908;1.162088018;;;8.054608255;;;;;;;;;;957.6866529;10862.66499;;;222578.1885;;;0.212516533;0.216634539;22.39832008;0.463087182;0.173516711;7.407754694;0.0200344;0.157937224;1.589106145;0.114644138;0.143305173;1.149235392;0.26132244;0.037544605;8.136104078;-101.3600186;-96.29338021
Model_iteration_20;['YX_C', 'pH_UL'];[0.35, 5.5];[0.8, 21.0];;;;;;;0.787173702;;;;;6.794778882;;;;;;;;;102.900457;;;;;228346.0698;;;0.261137653;0.266197807;21.94853164;0.460256698;0.172456141;9.253479198;0.038459632;0.303188889;3.404445975;0.097622321;0.122027901;1.190822769;0.269739857;0.038753949;8.949319895;-100.823782;-97.44602312
Model_iteration_6;['YX_C', 'YX_N', 'Xmax', 'mu_max'];[0.35, 10.0, 1.15, 0.08];[0.8, 15.0, 1.2, 0.16];;;;;;;0.615629251;11.67008317;1.152244067;0.102239946;;;;;;;;;;;91.01728322;437.038449;4048.256644;8136.139186;;;;;0.109883551;0.112012802;8.738010761;0.497557438;0.186432563;10.12689428;0.02938546;0.231654456;2.512792373;0.066457075;0.083071344;0.794806489;0.257350853;0.036974001;5.543125975;-100.585195;-93.8296772
Model_iteration_6;['YX_C', 'YX_N'];[0.35, 10.0];[0.8, 15.0];;;;;;;0.52902857;12.73182437;;;;;;;;;;;;;195.7602401;866.0343162;;;;;;;0.303326497;0.309204158;27.10616106;0.435252876;0.16308732;8.315528624;0.026690888;0.210412329;2.289374759;0.113787739;0.142234674;1.489239633;0.271621098;0.039024229;9.800076019;-100.2677765;-96.89001764
Model_iteration_13;['Xmax', 'pH_UL'];[1.15, 5.5];[1.2, 21.0];;;;;;;;;1.181968654;;;6.247922717;;;;;;;;;;;7891.969684;;;434933.5222;;;0.214763073;0.218924611;30.55478097;0.476381856;0.178498166;7.824136533;0.040775432;0.321445038;3.742872505;0.144213038;0.180266297;1.408784208;0.271810084;0.039051381;10.88264355;-100.2121343;-96.83437538
Model_iteration_29;['mu_max', 'pH_UL'];[0.08, 5.5];[0.16, 21.0];;;;;;;;;;0.137024721;;6.817153319;;;;;;;;;;;;6574.684987;;55719.61432;;;0.25213613;0.257021859;20.85690311;0.471204978;0.176558413;8.777590125;0.039394538;0.310559033;3.5025976;0.095390681;0.119238351;1.200883544;0.27214797;0.039099926;8.584493595;-100.1127481;-96.73498923
Model_iteration_44;['YX_C', 'Xmax'];[0.35, 1.15];[0.8, 1.2];;;;;;;0.698402953;;1.191373962;;;;;;;;;;;;118.0589396;;11200.27998;;;;;;0.113960406;0.116168656;9.754343947;0.529086071;0.198246202;10.72161496;0.043874038;0.345872289;4.076287831;0.044447299;0.055559124;0.581805013;0.272405735;0.039136959;6.283512937;-100.037012;-96.6592531
Model_iteration_46;['mu_max', 'pH_UL'];[0.08, 5.5];[0.16, 21.0];;;;;;;;;;0.133288108;;6.876148561;;;;;;;;;;;;7784.18456;;49973.57553;;;0.253018051;0.257920868;20.37986664;0.471684249;0.176737994;8.887914727;0.039743721;0.313311755;3.531327926;0.096638503;0.120798129;1.237603261;0.272682383;0.039176706;8.509178139;-99.95580746;-96.57804855
Model_iteration_16;['YX_C', 'Xmax'];[0.35, 1.15];[0.8, 1.2];;;;;;;0.685302293;;1.169860208;;;;;;;;;;;;117.7969794;;11213.69509;;;;;;0.102496542;0.104482652;8.969390132;0.532637591;0.19957694;10.80885752;0.044581711;0.351451089;4.156178804;0.040531681;0.050664601;0.533640187;0.272872997;0.039204092;6.117016661;-99.89990428;-96.52214537
Model_iteration_49;['YX_C', 'mu_max'];[0.35, 0.08];[0.8, 0.16];;;;;;;0.777606407;;;0.104746621;;;;;;;;;;;94.99708934;;;17758.10878;;;;;0.275466552;0.280804363;21.33027381;0.457963311;0.171596819;9.130861792;0.039511675;0.311482463;3.454233282;0.105123847;0.131404809;1.331972174;0.273049634;0.039229469;8.811835266;-99.84813513;-96.47037623
Model_iteration_40;['YX_C'];[0.35];[0.8];;;;;;;0.522603417;;;;;;;;;;;;;;198.3138855;;;;;;;;0.303453409;0.30933353;27.12246686;0.455928891;0.170834531;8.685776006;0.036062307;0.284290051;3.138833254;0.113844384;0.142305479;1.490200624;0.280274936;0.04026754;10.10931918;-99.75873949;-98.06986004
Model_iteration_13;['YX_C', 'Xmax', 'mu_max'];[0.35, 1.15, 0.08];[0.8, 1.2, 0.16];;;;;;;0.650951841;;1.165630781;0.113718074;;;;;;;;;;;98.3544645;;5168.680964;9948.542279;;;;;0.101504413;0.103471299;8.031966174;0.519404205;0.194618449;10.69551467;0.046606556;0.367413551;4.355680819;0.052595263;0.065744079;0.696734297;0.266937402;0.038351315;5.944973991;-99.65928774;-94.59264937
Model_iteration_41;['YX_C', 'Xmax'];[0.35, 1.15];[0.8, 1.2];;;;;;;0.702451678;;1.192310372;;;;;;;;;;;;117.4860206;;11200.07359;;;;;;0.11449836;0.116717034;9.788565768;0.534235402;0.200175633;10.85092315;0.043843335;0.34563025;4.072806644;0.044638923;0.055798654;0.583887592;0.274969185;0.039505254;6.324045789;-99.2876994;-95.90994049
Model_iteration_26;['pH_UL'];[5.5];[21.0];;;;;;;;;;;;6.698792506;;;;;;;;;;;;;;373988.1476;;;0.259449892;0.264477341;23.1073818;0.492358702;0.184484619;9.332527882;0.038044951;0.299919838;3.376298072;0.098408851;0.123011064;1.236363863;0.283223877;0.040691219;9.263142903;-98.92140878;-97.23252933
Model_iteration_44;['YX_C', 'mu_max'];[0.35, 0.08];[0.8, 0.16];;;;;;;0.755160992;;;0.091377048;;;;;;;;;;;80.07121075;;;16059.63306;;;;;0.270989376;0.27624043;22.55133796;0.467098981;0.175019914;8.982225606;0.040927516;0.322643966;3.599469407;0.110979536;0.13872442;1.478713955;0.276409216;0.039712146;9.152936732;-98.86982758;-95.49206867
Model_iteration_33;['YX_C', 'Xmax', 'mu_max'];[0.35, 1.15, 0.08];[0.8, 1.2, 0.16];;;;;;;0.67558866;;1.159913169;0.153731065;;;;;;;;;;;120.0628407;;8042.772034;15475.01961;;;;;0.099595071;0.101524959;9.045836689;0.526779219;0.197381834;10.6250174;0.044767405;0.35291497;4.179167936;0.039916633;0.049895791;0.537742696;0.269728095;0.038752259;6.096941181;-98.82727053;-93.76063216
Model_iteration_40;['YX_C', 'YX_N', 'mu_max'];[0.35, 10.0, 0.08];[0.8, 15.0, 0.16];;;;;;;0.797555206;11.6878886;;0.124688034;;;;;;;;;;;113.1483811;727.9989372;;20080.85474;;;;;0.28510157;0.290626081;22.84377029;0.445038267;0.166753863;8.915951555;0.030873467;0.243384863;2.709087557;0.105537886;0.131922357;1.299022373;0.26992285;0.038780239;8.941957944;-98.76952804;-93.70288968
Model_iteration_41;['mu_max', 'pH_UL'];[0.08, 5.5];[0.16, 21.0];;;;;;;;;;0.111918429;;7.100632113;;;;;;;;;;;;16556.80394;;33666.56687;;;0.257534317;0.262524648;21.48290325;0.477274285;0.178832555;9.435152276;0.040969656;0.322976168;3.636480545;0.105280979;0.131601223;1.388525468;0.27698252;0.039794513;8.985765385;-98.7040705;-95.32631159
Model_iteration_25;['pH_UL'];[5.5];[21.0];;;;;;;;;;;;6.808901045;;;;;;;;;;;;;;212047.0352;;;0.261411269;0.266476725;21.83971005;0.494276863;0.185203346;9.090942446;0.038505602;0.303551283;3.407388933;0.097632946;0.122041183;1.185436009;0.284455771;0.040868207;8.880869361;-98.57419998;-96.88532053
Model_iteration_37;['mu_max'];[0.08];[0.16];;;;;;;;;;0.080916363;;;;;;;;;;;;;;14430.16612;;;;;0.264127264;0.269245349;22.57798254;0.488687807;0.183109152;9.819238778;0.042167089;0.33241589;3.74571541;0.118802764;0.148503455;1.552429265;0.284811844;0.040919365;9.423841497;-98.47412118;-96.78524173
Model_iteration_28;['YX_N', 'mu_max', 'pH_UL'];[10.0, 0.08, 5.5];[15.0, 0.16, 21.0];;;;;;;;14.42736078;;0.130844586;;6.543379813;;;;;;;;;;558.5995013;;3414.709497;;74736.25186;;;0.248911326;0.253734567;24.36679796;0.472670265;0.17710745;9.127942387;0.025036085;0.197367018;2.219177544;0.099281495;0.124101868;1.294562649;0.27196399;0.039073493;9.252120136;-98.16684878;-93.10021042
Model_iteration_17;['mu_max'];[0.08];[0.16];;;;;;;;;;0.082771767;;;;;;;;;;;;;;14737.47799;;;;;0.265568375;0.270714385;22.6503994;0.491969919;0.184338944;9.875964059;0.041934089;0.330579079;3.717185821;0.11720435;0.146505437;1.543503228;0.286380992;0.041144807;9.446763126;-98.03457724;-96.34569778
Model_iteration_36;['YX_C', 'Xmax'];[0.35, 1.15];[0.8, 1.2];;;;;;;0.396161961;;1.195725234;;;;;;;;;;;;208.897111;;11166.91082;;;;;;0.116386451;0.118641711;9.898843406;0.543642827;0.203700554;10.59482319;0.043738033;0.344800116;4.060796391;0.045310726;0.056638407;0.590503876;0.27975856;0.040193351;6.286241715;-97.90626676;-94.52850785
Model_iteration_16;['mu_max'];[0.08];[0.16];;;;;;;;;;0.083365925;;;;;;;;;;;;;;14848.44363;;;;;0.266008478;0.271163016;22.66570742;0.493006091;0.184727193;9.890351534;0.041861156;0.330004131;3.708332367;0.116711994;0.145889992;1.540195493;0.286875218;0.041215813;9.451146704;-97.89663511;-96.20775565
Model_iteration_39;['YX_C', 'YX_N', 'mu_max'];[0.35, 10.0, 0.08];[0.8, 15.0, 0.16];;;;;;;0.738715801;13.62997793;;0.086928462;;;;;;;;;;;75.63452456;348.9698531;;15362.28366;;;;;0.268450527;0.273652385;22.68612347;0.460925028;0.172706561;8.706560203;0.031036039;0.244666469;2.589137863;0.113970444;0.142463055;1.516557503;0.273162069;0.039245623;8.87459476;-97.81519998;-92.74856162
Model_iteration_26;['YX_C', 'YX_N', 'mu_max'];[0.35, 10.0, 0.08];[0.8, 15.0, 0.16];;;;;;;0.7448739;10.06061316;;0.089507835;;;;;;;;;;;78.43943672;494.4383996;;15757.69563;;;;;0.269793122;0.275020996;22.61826671;0.460216667;0.172441142;8.742741079;0.04007957;0.31595935;3.650334812;0.112163995;0.140204993;1.495370284;0.273301502;0.039265656;9.126678222;-97.77437533;-92.70773697
Model_iteration_38;['mu_max'];[0.08];[0.16];;;;;;;;;;0.085002896;;;;;;;;;;;;;;15119.87068;;;;;0.267170078;0.272347125;22.6894921;0.49581834;0.18578093;9.921233278;0.041663742;0.328447855;3.684590238;0.115405437;0.144256796;1.530072954;0.288214312;0.041408203;9.456347142;-97.52407489;-95.83519543
Model_iteration_9;['mu_max'];[0.08];[0.16];;;;;;;;;;0.085409266;;;;;;;;;;;;;;15172.77646;;;;;0.267444954;0.272627327;22.69123483;0.496501124;0.186036767;9.92692772;0.04161549;0.328067469;3.678843075;0.115091789;0.143864736;1.527335888;0.288538619;0.041454796;9.456085378;-97.43410732;-95.74522786
Model_iteration_36;['mu_max'];[0.08];[0.16];;;;;;;;;;0.086560467;;;;;;;;;;;;;;15361.98783;;;;;0.26819325;0.273390123;22.68749382;0.498396709;0.186747034;9.938970412;0.04148026;0.327001415;3.66286369;0.114226182;0.142782727;1.519138148;0.28943701;0.041583869;9.452116516;-97.18540703;-95.49652757
Model_iteration_40;['YX_N', 'pH_UL'];[10.0, 5.5];[15.0, 21.0];;;;;;;;11.46796276;;;;6.751748864;;;;;;;;;;663.3411335;;;;285464.8499;;;0.259479381;0.264507402;22.28913975;0.491033651;0.183988129;9.151402481;0.029519998;0.232715059;2.723126926;0.097475942;0.121844927;1.207419338;0.282319228;0.040561246;8.842772123;-97.17734683;-93.79958792
Model_iteration_47;['YX_C'];[0.35];[0.8];;;;;;;0.515344444;;;;;;;;;;;;;;201.1239687;;;;;;;;0.303448482;0.309328508;27.12190477;0.480121024;0.179899216;9.108168571;0.036062541;0.284291902;3.138857184;0.1138423;0.142302876;1.490167374;0.290197241;0.041693093;10.21477448;-96.9755556;-95.28667615
Model_iteration_19;['mu_max'];[0.08];[0.16];;;;;;;;;;0.0885006;;;;;;;;;;;;;;15661.47109;;;;;0.269350621;0.274569921;22.65335647;0.501445851;0.187889534;9.946197269;0.041256705;0.325239057;3.636898866;0.112840997;0.141051246;1.503900505;0.290874932;0.041790458;9.435088279;-96.78895129;-95.10007184
Model_iteration_10;['YX_C', 'YX_N', 'mu_max'];[0.35, 10.0, 0.08];[0.8, 15.0, 0.16];;;;;;;0.789734545;12.40271037;;0.10766718;;;;;;;;;;;96.87173719;541.7350193;;18110.73843;;;;;0.276309971;0.281664124;20.97058865;0.467179691;0.175050156;9.354763348;0.030006873;0.236553235;2.693758922;0.104524963;0.130656203;1.297808789;0.276780574;0.039765499;8.579229927;-96.7624192;-91.69578084
Model_iteration_15;['YX_C', 'YX_N', 'Xmax', 'mu_max'];[0.35, 10.0, 1.15, 0.08];[0.8, 15.0, 1.2, 0.16];;;;;;;0.395026075;10.3465035;1.185191113;0.149069119;;;;;;;;;;;206.3219057;820.1489753;7818.578274;15116.82014;;;;;0.109841039;0.111969467;9.382963093;0.526627936;0.197325149;10.1713708;0.025314404;0.199561087;2.106303462;0.042935983;0.053669978;0.558998583;0.270132539;0.038810366;5.554908984;-96.70740446;-89.95188665
Model_iteration_23;['YX_C', 'YX_N', 'mu_max'];[0.35, 10.0, 0.08];[0.8, 15.0, 0.16];;;;;;;0.766165278;10.67831317;;0.095549156;;;;;;;;;;;84.30847034;517.4455644;;16616.99573;;;;;0.272474871;0.27775471;22.27316515;0.468830029;0.17566853;9.128870695;0.036588761;0.28844025;3.36497169;0.108605927;0.135757408;1.43692687;0.277118267;0.039814016;9.050983602;-96.66487249;-91.59823413
Model_iteration_45;['YX_C', 'YX_N', 'mu_max'];[0.35, 10.0, 0.08];[0.8, 15.0, 0.16];;;;;;;0.76923345;11.99781091;;0.096801486;;;;;;;;;;;85.66066375;470.7139088;;16782.93499;;;;;0.272951493;0.278240568;22.17102569;0.469063642;0.175756064;9.176167815;0.031764697;0.250410693;2.907784631;0.107990277;0.134987847;1.423482106;0.277125474;0.039815052;8.91961506;-96.66279209;-91.59615373
Model_iteration_24;['YX_C', 'YX_N'];[0.35, 10.0];[0.8, 15.0];;;;;;;0.519502097;10.61350811;;;;;;;;;;;;;199.2936217;1037.020083;;;;;;;0.303254462;0.309130728;27.09709809;0.465668657;0.174483978;8.855570705;0.035994799;0.283757865;3.256603788;0.113755888;0.142194861;1.488703979;0.28418594;0.04082944;10.17449414;-96.65012297;-93.27236406
Model_iteration_43;['YX_N', 'mu_max'];[10.0, 0.08];[15.0, 0.16];;;;;;;;12.90143269;;0.08084085;;;;;;;;;;;;328.8099081;;14411.55346;;;;;0.263882247;0.268995585;22.55927742;0.488173105;0.182916295;9.808738041;0.03173222;0.250154667;2.686999627;0.118861122;0.148576403;1.55209618;0.28420139;0.04083166;9.151777817;-96.64577371;-93.26801481
Model_iteration_37;['YX_N', 'mu_max'];[10.0, 0.08];[15.0, 0.16];;;;;;;;14.37883725;;0.080874625;;;;;;;;;;;;295.3315491;;14418.66535;;;;;0.26395779;0.26907259;22.56491069;0.48833318;0.182976274;9.812005719;0.032049628;0.252656893;2.650105087;0.118833079;0.148541349;1.552120195;0.284293637;0.040844913;9.144785423;-96.61981134;-93.24205243
Model_iteration_32;['mu_max'];[0.08];[0.16];;;;;;;;;;0.089390064;;;;;;;;;;;;;;15802.01794;;;;;0.269836169;0.275064877;22.62648913;0.502775043;0.188387576;9.944269299;0.04115582;0.324443752;3.625380578;0.11223659;0.140295738;1.496367901;0.291498351;0.041880026;9.423126727;-96.6176743;-94.92879484
Model_iteration_29;['YX_C', 'Xmax'];[0.35, 1.15];[0.8, 1.2];;;;;;;0.689233454;;1.152924561;;;;;;;;;;;;115.1599466;;11223.52826;;;;;;0.094919027;0.096758305;8.350942845;0.557698698;0.208967226;11.43167869;0.045142735;0.355873812;4.219052133;0.038251179;0.047813974;0.495139943;0.284402215;0.040860512;6.124203404;-96.58926353;-93.21150462
Model_iteration_29;['YX_C', 'YX_N', 'Xmax'];[0.35, 10.0, 1.15];[0.8, 15.0, 1.2];;;;;;;0.696969462;14.48337925;1.177608325;;;;;;;;;;;;116.6673642;588.1641119;11204.36624;;;;;;0.106372528;0.108433745;9.244547912;0.5420837;0.203116355;11.04660335;0.030311577;0.238955314;2.548216151;0.041809646;0.052262057;0.550572436;0.277415163;0.039856672;5.847484961;-96.57920897;-91.51257061
Model_iteration_18;['YX_C', 'Xmax', 'mu_max'];[0.35, 1.15, 0.08];[0.8, 1.2, 0.16];;;;;;;0.689181714;;1.164946258;0.153321857;;;;;;;;;;;118.1021728;;8042.54732;15493.1078;;;;;0.101718961;0.103690004;9.18403424;0.542514864;0.203277911;11.0250537;0.044615215;0.351715209;4.161902934;0.040548521;0.050685652;0.546388035;0.277625568;0.039886901;6.229344728;-96.51855605;-91.45191769
Model_iteration_5;['YX_N', 'mu_max'];[10.0, 0.08];[15.0, 0.16];;;;;;;;12.16799922;;0.081575946;;;;;;;;;;;;353.4723049;;14536.77313;;;;;0.264437348;0.269561442;22.59131798;0.489416726;0.183382274;9.832745731;0.032383266;0.255287063;2.894347399;0.118211566;0.147764458;1.548780419;0.284815069;0.040919828;9.216797883;-96.47321528;-93.09545637
Model_iteration_25;['mu_max'];[0.08];[0.16];;;;;;;;;;0.090214664;;;;;;;;;;;;;;15934.15748;;;;;0.270263743;0.275500737;22.59574152;0.503971791;0.188835992;9.939770998;0.041063059;0.323712489;3.614901401;0.111694015;0.139617519;1.489108617;0.292058121;0.041960449;9.409880634;-96.46419613;-94.77531667
Model_iteration_11;['mu_max'];[0.08];[0.16];;;;;;;;;;0.090359983;;;;;;;;;;;;;;15947.48443;;;;;0.27033659;0.275574995;22.58973531;0.504178624;0.188913492;9.938704833;0.041046789;0.323584233;3.613074749;0.111600122;0.139500152;1.487802474;0.292154661;0.041974319;9.407329342;-96.43775655;-94.7488771
Model_iteration_21;['YX_C', 'mu_max', 'pH_UL'];[0.35, 0.08, 5.5];[0.8, 0.16, 21.0];;;;;;;0.779282218;;;0.122407626;;7.119260901;;;;;;;;;87.10976321;;;17237.22168;;36330.42392;;;0.265536066;0.27068145;21.22998304;0.475711167;0.178246862;9.475560421;0.039967355;0.315074727;3.521817332;0.102602626;0.128253283;1.322349258;0.2779097;0.039927723;8.887427513;-96.43672315;-91.37008479
Model_iteration_36;['YX_C', 'YX_N', 'Xmax'];[0.35, 10.0, 1.15];[0.8, 15.0, 1.2];;;;;;;0.694661299;11.97827287;1.172574364;;;;;;;;;;;;116.4450478;706.1279171;11177.7279;;;;;;0.10377082;0.105781622;9.055808491;0.54416687;0.20389691;11.09855587;0.025233213;0.198921036;2.16401151;0.040943716;0.051179645;0.538921189;0.278028357;0.03994477;5.714324266;-96.40257344;-91.33593508
Model_iteration_22;['mu_max'];[0.08];[0.16];;;;;;;;;;0.090928073;;;;;;;;;;;;;;16020.27268;;;;;0.270615401;0.275859209;22.56466575;0.504977834;0.189212952;9.933795913;0.040983384;0.323084389;3.605985575;0.111238238;0.139047798;1.482623431;0.292527303;0.042027857;9.396767669;-96.33578193;-94.64690248
Model_iteration_8;['YX_C', 'YX_N', 'Xmax', 'pH_UL'];[0.35, 10.0, 1.15, 5.5];[0.8, 15.0, 1.2, 21.0];;;;;;;0.530337828;12.18797476;1.196705076;;;8.148495985;;;;;;;;;224.0204509;914.8218411;11051.9033;;;246016.2988;;;0.247047298;0.251834419;26.10993718;0.465138631;0.17428538;7.725216982;0.020019042;0.157816154;1.640707137;0.130398855;0.162998568;1.306127209;0.271473266;0.03900299;9.195497127;-96.31132896;-89.55581114
Model_iteration_38;['YX_C', 'YX_N', 'Xmax', 'mu_max'];[0.35, 10.0, 1.15, 0.08];[0.8, 15.0, 1.2, 0.16];;;;;;;0.678710847;12.28442501;1.169474163;0.135980579;;;;;;;;;;;111.1372209;616.0146384;7015.227084;13210.52629;;;;;0.097493228;0.099382388;7.297298639;0.532352484;0.199470112;10.92021513;0.026789721;0.211191459;2.289909882;0.040028158;0.050035197;0.525620702;0.271672615;0.039031631;5.258261089;-96.25260472;-89.4970869
Model_iteration_31;['mu_max'];[0.08];[0.16];;;;;;;;;;0.092348252;;;;;;;;;;;;;;16230.40502;;;;;0.271265496;0.276521901;22.49091166;0.506896979;0.189932047;9.916404195;0.040826234;0.32184553;3.588645066;0.110368641;0.137960801;1.469185431;0.293418445;0.042155888;9.366286588;-96.09244397;-94.40356451
Model_iteration_10;['YX_N', 'mu_max'];[10.0, 0.08];[15.0, 0.16];;;;;;;;13.84899308;;0.08315089;;;;;;;;;;;;320.1173668;;14801.9202;;;;;0.265701722;0.270850316;22.64971613;0.492316999;0.184468994;9.87963698;0.031483305;0.248192394;2.61551309;0.116880987;0.146101234;1.540975424;0.286193028;0.041117801;9.171460407;-96.08710193;-92.70934302
Model_iteration_49;['YX_N', 'mu_max'];[10.0, 0.08];[15.0, 0.16];;;;;;;;12.76167981;;0.084640438;;;;;;;;;;;;357.0598578;;15041.82233;;;;;0.266739115;0.27190781;22.67421749;0.494813671;0.185404486;9.908979708;0.031511172;0.248412081;2.73189641;0.115678608;0.14459826;1.531979911;0.287386856;0.041289321;9.21176838;-95.75408336;-92.37632445
Model_iteration_28;['mu_max'];[0.08];[0.16];;;;;;;;;;0.094498879;;;;;;;;;;;;;;16532.81376;;;;;0.272140037;0.277413388;22.35140693;0.50961814;0.190951654;9.877237914;0.040591535;0.319995328;3.563329799;0.109149204;0.136436505;1.447637164;0.294674426;0.042336337;9.309902952;-95.75073384;-94.06185439
Model_iteration_13;['YX_C', 'YX_N', 'Xmax'];[0.35, 10.0, 1.15];[0.8, 15.0, 1.2];;;;;;;0.694065103;12.09808368;1.167063557;;;;;;;;;;;;115.9094753;695.1014378;11210.4504;;;;;;0.101083094;0.103041816;8.855083284;0.549373188;0.205847694;11.22759863;0.025502908;0.201047122;2.182485503;0.040078014;0.050097517;0.526502891;0.280305787;0.040271972;5.697917578;-95.74993402;-90.68329565
Model_iteration_33;['YX_C', 'YX_N', 'Xmax', 'pH_UL'];[0.35, 10.0, 1.15, 5.5];[0.8, 15.0, 1.2, 21.0];;;;;;;0.587523503;10.61890087;1.167983708;;;8.186977022;;;;;;;;;200.6600675;1018.101105;10993.30073;;;242344.8207;;;0.234778482;0.239327865;25.07843669;0.476842956;0.178670938;8.504396292;0.020988529;0.16545891;1.728033701;0.126794946;0.158493682;1.2512997;0.273412517;0.039281605;9.140541595;-95.74188598;-88.98636816
Model_iteration_14;['YX_N', 'mu_max'];[10.0, 0.08];[15.0, 0.16];;;;;;;;10.3177503;;0.084618757;;;;;;;;;;;;440.9901623;;15028.21222;;;;;0.266614608;0.271780891;22.66647346;0.49454171;0.185302583;9.904646099;0.038414851;0.302835867;3.547543097;0.115688816;0.144611021;1.531830765;0.287451933;0.04129867;9.412623356;-95.73596983;-92.35821092
Model_iteration_47;['mu_max'];[0.08];[0.16];;;;;;;;;;0.094734465;;;;;;;;;;;;;;16565.07526;;;;;0.272228301;0.277503362;22.33419487;0.50990359;0.191058611;9.872058751;0.04056605;0.319794416;3.560622546;0.10902258;0.136278225;1.445194727;0.294805633;0.042355188;9.303017724;-95.7151208;-94.02624135
Model_iteration_37;['YX_C', 'YX_N', 'Xmax'];[0.35, 10.0, 1.15];[0.8, 15.0, 1.2];;;;;;;0.709232173;13.50633314;1.187945346;;;;;;;;;;;;115.8086369;637.3224483;11199.06402;;;;;;0.111960906;0.114130411;9.619808562;0.549287276;0.205815503;11.22707326;0.027748011;0.21874595;2.286684041;0.043736918;0.054671147;0.573559758;0.281484736;0.040441354;5.926781406;-95.41416457;-90.34752621
Model_iteration_29;['mu_max'];[0.08];[0.16];;;;;;;;;;0.096825944;;;;;;;;;;;;;;16844.86001;;;;;0.272963324;0.278252628;22.16641347;0.512354421;0.191976927;9.819227609;0.040341558;0.318024684;3.537100664;0.107967567;0.134959459;1.422967797;0.295930932;0.042516861;9.236427385;-95.41033526;-93.7214558
Model_iteration_25;['YX_C', 'Xmax', 'mu_max'];[0.35, 1.15, 0.08];[0.8, 1.2, 0.16];;;;;;;0.61622467;;1.175782645;0.081574745;;;;;;;;;;;69.19777912;;2251.940121;5308.753085;;;;;0.139461301;0.142163691;9.707003064;0.534524463;0.200283943;10.93707285;0.048959781;0.385964737;4.602936622;0.097757762;0.122197203;1.013624076;0.28156682;0.040453147;6.565159153;-95.39083908;-90.32420071
Model_iteration_7;['YX_N', 'mu_max'];[10.0, 0.08];[15.0, 0.16];;;;;;;;10.63617999;;0.086416535;;;;;;;;;;;;442.2322657;;15333.02397;;;;;0.267838472;0.27302847;22.67229555;0.497585972;0.186443254;9.929045955;0.036844702;0.29045791;3.419928695;0.114316748;0.142895934;1.519644969;0.288857706;0.04150064;9.385228793;-95.3456863;-91.96792739
Model_iteration_47;['YX_C', 'mu_max'];[0.35, 0.08];[0.8, 0.16];;;;;;;0.511425851;;;0.142762861;;;;;;;;;;;196.5193646;;;22478.15724;;;;;0.298455814;0.304239095;26.01035908;0.482040443;0.180618414;9.035091218;0.036460314;0.287427664;3.174456669;0.111195715;0.138994644;1.426410581;0.289453236;0.041586201;9.911579387;-95.1809224;-91.80316349
Model_iteration_35;['mu_max'];[0.08];[0.16];;;;;;;;;;0.099099549;;;;;;;;;;;;;;17137.17296;;;;;0.273681637;0.27898486;21.95575076;0.514887014;0.192925878;9.748884867;0.040100893;0.316127447;3.512501908;0.106957464;0.13369683;1.397780336;0.297093528;0.042683893;9.153729469;-95.09666258;-93.40778313
Model_iteration_5;['YX_C', 'YX_N', 'mu_max'];[0.35, 10.0, 0.08];[0.8, 15.0, 0.16];;;;;;;0.489940623;10.88825086;;0.090553293;;;;;;;;;;;121.4792314;465.2970434;;15912.46411;;;;;0.270213562;0.275449583;22.57141929;0.484622333;0.181585836;9.475960635;0.035692266;0.281372909;3.314121134;0.111463318;0.139329148;1.485865577;0.283536675;0.040736159;9.211841658;-94.83310396;-89.7664656
Model_iteration_12;['YX_N', 'mu_max'];[10.0, 0.08];[15.0, 0.16];;;;;;;;10.9846718;;0.089287218;;;;;;;;;;;;451.0069442;;15784.75998;;;;;0.269552335;0.274775544;22.618186;0.502108109;0.188137679;9.938157916;0.03530898;0.278351351;3.283214039;0.112292009;0.140365012;1.496967749;0.290958431;0.041802454;9.334131426;-94.76598972;-91.38823081
Model_iteration_11;['YX_C', 'YX_N', 'Xmax', 'mu_max'];[0.35, 10.0, 1.15, 0.08];[0.8, 15.0, 1.2, 0.16];;;;;;;0.682728303;11.82512944;1.157801135;0.148313409;;;;;;;;;;;115.9200869;695.6157907;7750.691052;14747.3793;;;;;0.096178945;0.098042638;8.313752367;0.543171277;0.203523866;11.08743744;0.025354644;0.199878314;2.176124988;0.038542941;0.048178676;0.49294173;0.276773302;0.039764455;5.517564131;-94.76452113;-88.00900331
Model_iteration_18;['YX_N', 'mu_max'];[10.0, 0.08];[15.0, 0.16];;;;;;;;12.27389596;;0.089911518;;;;;;;;;;;;408.3767803;;15875.35613;;;;;0.269934351;0.275164961;22.5991985;0.503140011;0.188524328;9.936973969;0.031704929;0.249939525;2.861647932;0.111881485;0.139851856;1.491626494;0.291349058;0.041858576;9.222361724;-94.65865759;-91.28089868
Model_iteration_43;['mu_max'];[0.08];[0.16];;;;;;;;;;0.102500121;;;;;;;;;;;;;;17557.52917;;;;;0.274684961;0.280007626;21.59472084;0.518582427;0.194310533;9.622808413;0.039747488;0.313341449;3.477368854;0.105726932;0.132158665;1.358689154;0.298804956;0.042929777;9.013396816;-94.63713905;-92.9482596
Model_iteration_23;['YX_C', 'Xmax'];[0.35, 1.15];[0.8, 1.2];;;;;;;0.702839247;;1.158888945;;;;;;;;;;;;113.610392;;11219.95602;;;;;;0.097421026;0.099308786;8.569122217;0.571611404;0.214180255;11.77559298;0.044944626;0.354312053;4.196896178;0.038960881;0.048701102;0.508779732;0.29144829;0.041872833;6.262597777;-94.63141455;-91.25365564
Model_iteration_44;['mu_max'];[0.08];[0.16];;;;;;;;;;0.103278175;;;;;;;;;;;;;;17650.14269;;;;;0.274914461;0.280241573;21.50558092;0.519435514;0.194630181;9.591015914;0.039667763;0.312712951;3.469581043;0.105493475;0.131866843;1.349570767;0.29920462;0.042987197;8.978937161;-94.53020733;-92.84132788
Model_iteration_42;['YX_C', 'Xmax'];[0.35, 1.15];[0.8, 1.2];;;;;;;0.373433356;;1.153467475;;;;;;;;;;;;212.5304329;;11190.40942;;;;;;0.095064;0.096906088;8.355987218;0.572841658;0.214641226;11.35144471;0.045131393;0.355784398;4.217734368;0.038290752;0.04786344;0.495373593;0.291842318;0.041929444;6.105134973;-94.52333039;-91.14557148
Model_iteration_41;['YX_C', 'YX_N', 'mu_max'];[0.35, 10.0, 0.08];[0.8, 15.0, 0.16];;;;;;;0.752091757;10.24999216;;0.084180068;;;;;;;;;;;70.55084486;440.5774114;;14918.4065;;;;;0.266485307;0.271649084;22.67355443;0.488327312;0.182974076;9.461757979;0.038784493;0.305749865;3.576494927;0.116059626;0.145074533;1.535142612;0.284803465;0.040918161;9.311737487;-94.47647453;-89.40983616
Model_iteration_4;['YX_N', 'mu_max'];[10.0, 0.08];[15.0, 0.16];;;;;;;;10.36836159;;0.090880002;;;;;;;;;;;;491.2617123;;16020.35018;;;;;0.270344536;0.275583095;22.55572988;0.504346419;0.188976364;9.92792182;0.038258624;0.301604284;3.514577043;0.111253221;0.139066526;1.482867019;0.292101215;0.04196664;9.370273942;-94.45239272;-91.07463381
Model_iteration_24;['mu_max'];[0.08];[0.16];;;;;;;;;;0.104041294;;;;;;;;;;;;;;17741.39759;;;;;0.275142727;0.280474262;21.41607746;0.520281138;0.194947032;9.558904053;0.039589983;0.312099788;3.462024122;0.105283082;0.131603853;1.340597529;0.299603019;0.043044436;8.944400791;-94.423756;-92.73487655
Model_iteration_18;['mu_max'];[0.08];[0.16];;;;;;;;;;0.104562018;;;;;;;;;;;;;;17805.35986;;;;;0.275300111;0.280634696;21.35386665;0.520862863;0.195165002;9.536481845;0.039537173;0.311683467;3.456916976;0.105148604;0.131435755;1.33444194;0.29987818;0.043083969;8.920426853;-94.35031641;-92.66143696
Model_iteration_2;['YX_N', 'mu_max'];[10.0, 0.08];[15.0, 0.16];;;;;;;;10.09363482;;0.091855526;;;;;;;;;;;;513.2225773;;16157.24805;;;;;0.270794594;0.276041874;22.50793987;0.505662984;0.189469675;9.917246498;0.039907039;0.314599232;3.624825335;0.110649025;0.138311281;1.473800733;0.292771474;0.042062937;9.380953109;-94.26903407;-90.89127517
Model_iteration_3;['pH_UL'];[5.5];[21.0];;;;;;;;;;;;7.04550738;;;;;;;;;;;;;;50238.22012;;;0.274223655;0.279537381;21.82288624;0.523262763;0.196064234;9.638303648;0.038292244;0.301869318;3.357434706;0.101389396;0.126736745;1.195805205;0.30031177;0.043146263;9.00360745;-94.23472878;-92.54584933
Model_iteration_31;['YX_N', 'mu_max'];[10.0, 0.08];[15.0, 0.16];;;;;;;;12.44929332;;0.092521931;;;;;;;;;;;;421.4922085;;16252.51682;;;;;0.271184856;0.276439698;22.47504958;0.506763368;0.189881984;9.910330585;0.031240184;0.246275802;2.80101316;0.110256716;0.137820895;1.467466233;0.293037041;0.042101092;9.163464889;-94.19650065;-90.81874175
Model_iteration_25;['YX_N', 'Xmax', 'mu_max', 'pH_UL'];[10.0, 1.15, 0.08, 5.5];[15.0, 1.2, 0.16, 21.0];;;;;;;;14.52048022;1.164240152;0.152855095;;8.129039931;;;;;;;;;;742.9951064;9949.86747;104.9843691;;899.6974129;;;0.228272035;0.232695341;24.23256849;0.493732469;0.184999364;7.714898615;0.025572657;0.201596976;2.056265324;0.123295809;0.154119761;1.21774079;0.279166478;0.040108286;8.805368305;-94.07575834;-87.32024053
Model_iteration_3;['mu_max'];[0.08];[0.16];;;;;;;;;;0.107178372;;;;;;;;;;;;;;18123.58491;;;;;0.276135676;0.281486451;21.02942075;0.523892295;0.196300117;9.41856375;0.039274979;0.30961652;3.431787493;0.104598917;0.130748646;1.303364341;0.301329349;0.04329246;8.795784085;-93.96411444;-92.27523499
Model_iteration_15;['YX_N', 'mu_max'];[10.0, 0.08];[15.0, 0.16];;;;;;;;10.1237696;;0.0937009;;;;;;;;;;;;528.2949651;;16418.96159;;;;;0.271594254;0.276857029;22.3993901;0.508082251;0.190376163;9.888791233;0.039738378;0.313269629;3.601021612;0.109573204;0.136966505;1.455828309;0.293894725;0.042224316;9.336257815;-93.96269225;-90.58493334
Model_iteration_34;['mu_max'];[0.08];[0.16];;;;;;;;;;0.107513181;;;;;;;;;;;;;;18140.29619;;;;;0.276248761;0.281601728;20.98662703;0.524294407;0.196450786;9.42812527;0.039241851;0.309355359;3.428636508;0.104542619;0.130678274;1.299368838;0.301524081;0.043320438;8.785689412;-93.91243174;-92.22355229
Model_iteration_40;['mu_max'];[0.08];[0.16];;;;;;;;;;0.107941623;;;;;;;;;;;;;;18188.29444;;;;;0.276396511;0.281752341;20.93146479;0.524815263;0.196645949;9.455815616;0.039199564;0.309022;3.424620229;0.104476561;0.130595701;1.294264796;0.301777256;0.043356812;8.776541358;-93.84528777;-92.15640832
Model_iteration_3;['YX_N', 'mu_max'];[10.0, 0.08];[15.0, 0.16];;;;;;;;10.11109837;;0.094561295;;;;;;;;;;;;536.7634907;;16539.82928;;;;;0.271934935;0.277204312;22.3405755;0.509155561;0.190778328;9.8717378;0.039825468;0.313956189;3.600564961;0.109101049;0.136376311;1.4471012;0.294396459;0.042296401;9.314994864;-93.82623357;-90.44847466
Model_iteration_23;['YX_N', 'mu_max'];[10.0, 0.08];[15.0, 0.16];;;;;;;;12.29312408;;0.095342183;;;;;;;;;;;;447.9416087;;16647.17479;;;;;0.272306826;0.277583409;22.28498106;0.510288237;0.191202737;9.855672484;0.031267694;0.246492668;2.830072108;0.108695271;0.135869089;1.438969144;0.294676697;0.042336663;9.102423698;-93.75011737;-90.37235846
Model_iteration_26;['YX_C', 'Xmax', 'mu_max'];[0.35, 1.15, 0.08];[0.8, 1.2, 0.16];;;;;;;0.605662054;;1.150468793;0.080618206;;;;;;;;;;;68.05252236;;2184.892525;5096.619691;;;;;0.140331467;0.143050718;9.24533613;0.54657353;0.204798675;11.26246394;0.049763828;0.392303282;4.695528035;0.101282199;0.126602748;1.040624975;0.287736888;0.04133961;6.560988269;-93.65670407;-88.5900657
Model_iteration_36;['YX_C', 'YX_N', 'Xmax', 'mu_max'];[0.35, 10.0, 1.15, 0.08];[0.8, 15.0, 1.2, 0.16];;;;;;;0.674608787;11.46010946;1.173995016;0.113448978;;;;;;;;;;;95.31165484;523.5554391;5140.166088;9952.197573;;;;;0.10423807;0.106257927;8.179822067;0.548978883;0.20569995;11.42935898;0.027644873;0.21793288;2.391240496;0.053030834;0.066288543;0.704761824;0.280989278;0.040370171;5.676295841;-93.55510133;-86.79958351
Model_iteration_35;['YX_C', 'mu_max'];[0.35, 0.08];[0.8, 0.16];;;;;;;0.514559452;;;0.155478484;;;;;;;;;;;204.9939153;;;24454.24648;;;;;0.306922025;0.312869359;27.91970593;0.490829198;0.183911521;9.358147607;0.035788445;0.282131113;3.114566837;0.115913638;0.144892047;1.534516073;0.295732656;0.042488375;10.48173411;-93.46395373;-90.08619482
Model_iteration_4;['YX_C', 'mu_max'];[0.35, 0.08];[0.8, 0.16];;;;;;;0.492757387;;;0.119456175;;;;;;;;;;;175.9047954;;;19442.56618;;;;;0.281774019;0.287234051;21.82273891;0.508296644;0.190456496;9.302519725;0.038131605;0.300602957;3.324505915;0.104556279;0.130695349;1.278765119;0.295866571;0.042507615;8.932132416;-93.42773601;-90.0499771
Model_iteration_12;['YX_C', 'YX_N', 'Xmax', 'mu_max'];[0.35, 10.0, 1.15, 0.08];[0.8, 15.0, 1.2, 0.16];;;;;;;0.365142906;14.58680339;1.176351428;0.089587781;;;;;;;;;;;132.3554676;294.9183727;2899.150598;6405.905369;;;;;0.128715954;0.131210128;9.720430781;0.541541224;0.202913092;10.77033254;0.036132929;0.28484679;2.975260492;0.084091096;0.10511387;0.915597222;0.282051234;0.040522743;6.095405259;-93.25332346;-86.49780564
Model_iteration_39;['YX_N', 'mu_max'];[10.0, 0.08];[15.0, 0.16];;;;;;;;14.95640393;;0.099531769;;;;;;;;;;;;395.1671131;;17192.46696;;;;;0.273740927;0.279045299;21.9131252;0.515183077;0.193036811;9.733861093;0.030281827;0.238720782;2.583231704;0.106777389;0.133471736;1.393097488;0.296928484;0.042660181;8.90582887;-93.14111719;-89.76335828
Model_iteration_30;['YX_C', 'YX_N', 'Xmax', 'mu_max'];[0.35, 10.0, 1.15, 0.08];[0.8, 15.0, 1.2, 0.16];;;;;;;0.718750279;14.14113625;1.198689066;0.156164269;;;;;;;;;;;118.2461333;640.1955555;8009.132941;16076.09292;;;;;0.121497045;0.123851335;10.80081878;0.548876384;0.205661544;11.16204364;0.028457684;0.224340517;2.345029057;0.047874821;0.059843527;0.64172419;0.282457366;0.040581093;6.237403917;-93.13821246;-86.38269464
Model_iteration_30;['YX_N', 'mu_max'];[10.0, 0.08];[15.0, 0.16];;;;;;;;10.89839853;;0.100390566;;;;;;;;;;;;548.8845773;;17300.2974;;;;;0.273910171;0.279217823;21.82629292;0.515900857;0.193305761;9.703395877;0.035359467;0.27874935;3.241745427;0.106437335;0.133046668;1.383595626;0.297388498;0.042726272;9.038757462;-93.0172737;-89.63951479
Model_iteration_40;['YX_C', 'YX_N', 'Xmax', 'mu_max', 'pH_UL'];[0.35, 10.0, 1.15, 0.08, 5.5];[0.8, 15.0, 1.2, 0.16, 21.0];;;;;;;0.692921864;11.04647914;1.195139423;0.145718049;;7.209965275;;;;;;;;;104.0042679;628.3232051;2410.161324;11804.04469;;10861.93156;;;0.107853104;0.10994301;7.943235517;0.539451169;0.202129958;11.16322161;0.026028698;0.205192085;2.218228405;0.045279067;0.056598834;0.60668948;0.276300354;0.039696505;5.482843754;-92.90134122;-84.45694395
Model_iteration_28;['YX_N', 'mu_max'];[10.0, 0.08];[15.0, 0.16];;;;;;;;10.11125979;;0.101155493;;;;;;;;;;;;598.596795;;17396.02758;;;;;0.274113246;0.279424832;21.74625102;0.516673108;0.193595119;9.675394091;0.039807214;0.313812289;3.541885176;0.106156864;0.13269608;1.374925777;0.297885492;0.042797676;9.084614016;-92.88368969;-89.50593078
Model_iteration_20;['YX_N', 'mu_max'];[10.0, 0.08];[15.0, 0.16];;;;;;;;11.53667349;;0.101616287;;;;;;;;;;;;529.0778332;;17452.02528;;;;;0.274294028;0.279609118;21.69602356;0.517286168;0.19382483;9.658013422;0.032735634;0.258064886;3.01166349;0.106001815;0.132502269;1.369476101;0.297964008;0.042808957;8.933794144;-92.86260631;-89.4848474
Model_iteration_36;['YX_C', 'Xmax', 'mu_max'];[0.35, 1.15, 0.08];[0.8, 1.2, 0.16];;;;;;;0.702431871;;1.171584236;0.130930723;;;;;;;;;;;104.5639289;;6658.673655;12526.74389;;;;;0.097884901;0.099781651;7.147454264;0.571171367;0.214015375;11.9066465;0.045401619;0.357914666;4.23486521;0.041498355;0.051872944;0.558667718;0.291376734;0.041862553;5.961908423;-92.65105842;-87.58442006
Model_iteration_43;['YX_C', 'Xmax', 'mu_max'];[0.35, 1.15, 0.08];[0.8, 1.2, 0.16];;;;;;;0.69707774;;1.155711903;0.139458442;;;;;;;;;;;108.8061153;;7226.124336;13561.87016;;;;;0.092566196;0.094359883;7.200683978;0.573216105;0.214781529;11.89841665;0.045496122;0.358659664;4.252100464;0.038202004;0.047752505;0.497549047;0.291836638;0.041928628;5.962187535;-92.52488727;-87.45824891
Model_iteration_3;['YX_C', 'YX_N', 'Xmax'];[0.35, 10.0, 1.15];[0.8, 15.0, 1.2];;;;;;;0.386071022;13.09373483;1.184530063;;;;;;;;;;;;211.9006316;653.7895927;11167.21293;;;;;;0.109967264;0.112098138;9.479544577;0.571097335;0.213987636;11.29008801;0.026973662;0.212641517;2.256480878;0.043036763;0.053795954;0.564897698;0.291900971;0.041937871;5.89775279;-92.50725407;-87.4406157
Model_iteration_37;['YX_C', 'YX_N', 'mu_max'];[0.35, 10.0, 0.08];[0.8, 15.0, 0.16];;;;;;;0.779062995;10.08158525;;0.089665623;;;;;;;;;;;75.20468836;494.8273718;;15778.89949;;;;;0.269888934;0.275118665;22.61344972;0.503953131;0.188829;9.996314659;0.039952521;0.314957783;3.640745898;0.112060675;0.140075844;1.494023109;0.291960012;0.041946353;9.436133346;-92.49107463;-87.42443626
Model_iteration_14;['YX_C', 'Xmax', 'mu_max'];[0.35, 1.15, 0.08];[0.8, 1.2, 0.16];;;;;;;0.691781773;;1.158313635;0.127222802;;;;;;;;;;;102.2904518;;6357.404192;11891.54825;;;;;0.093157089;0.094962226;6.796321753;0.573634347;0.214938243;11.98676129;0.046023268;0.362815318;4.302127734;0.042245893;0.052807367;0.577259675;0.292248808;0.041987845;5.915617614;-92.41198051;-87.34534214
Model_iteration_33;['YX_N', 'mu_max'];[10.0, 0.08];[15.0, 0.16];;;;;;;;10.28558922;;0.105233014;;;;;;;;;;;;630.9210618;;17909.77724;;;;;0.275352488;0.280688088;21.28009423;0.521219686;0.195298702;9.509301368;0.038605507;0.304338867;3.424950162;0.104966766;0.131208457;1.327328258;0.2999989;0.043101313;8.885418504;-92.31811761;-88.9403587
Model_iteration_44;['YX_N', 'mu_max'];[10.0, 0.08];[15.0, 0.16];;;;;;;;12.22164406;;0.106198688;;;;;;;;;;;;538.9934239;;17980.74232;;;;;0.275709281;0.281051795;21.15919112;0.522462027;0.195764202;9.465616953;0.030504973;0.240479908;2.759452324;0.104765142;0.130956428;1.315644585;0.300369966;0.043154624;8.674976246;-92.21922755;-88.84146864
Model_iteration_15;['YX_N', 'mu_max', 'pH_UL'];[10.0, 0.08, 5.5];[15.0, 0.16, 21.0];;;;;;;;10.29386555;;0.140686478;;6.509493301;;;;;;;;;;858.0034041;;3214.563301;;75974.77758;;;0.264607041;0.269734423;27.88888087;0.510395738;0.191243017;10.15861294;0.033304701;0.262551009;2.81138962;0.109739857;0.137174821;1.459395102;0.293118037;0.042112728;10.57956963;-92.17439146;-87.1077531
Model_iteration_46;['YX_N', 'mu_max'];[10.0, 0.08];[15.0, 0.16];;;;;;;;14.2520622;;0.107014499;;;;;;;;;;;;466.6856428;;18088.45824;;;;;0.276012457;0.281360845;21.05478065;0.523515948;0.196159101;9.427673553;0.028902518;0.227847273;2.475445634;0.104616094;0.130770117;1.305748861;0.300845354;0.043222924;8.565912175;-92.09271377;-88.71495486
Model_iteration_9;['YX_C', 'Xmax'];[0.35, 1.15];[0.8, 1.2];;;;;;;0.725814189;;1.173051446;;;;;;;;;;;;111.5781831;;11211.59858;;;;;;0.104084923;0.106101812;9.086775662;0.589660775;0.220943274;12.21915693;0.044475985;0.350617616;4.144288364;0.041049323;0.051311653;0.540897612;0.300913883;0.04323277;6.497779641;-92.07449257;-88.69673366
Model_iteration_30;['YX_C', 'YX_N', 'Xmax', 'pH_UL'];[0.35, 10.0, 1.15, 5.5];[0.8, 15.0, 1.2, 21.0];;;;;;;0.70766951;12.74748074;1.177528659;;;7.738973588;;;;;;;;;134.6002854;831.7747572;9829.416103;;;146574.7719;;;0.146097553;0.148928535;15.39172757;0.548786743;0.205627956;11.23379492;0.023348727;0.18406506;1.964424242;0.071491763;0.089364704;0.878451854;0.286429581;0.041151787;7.367099648;-92.02100509;-85.26548727
Model_iteration_38;['YX_C', 'YX_N', 'Xmax'];[0.35, 10.0, 1.15];[0.8, 15.0, 1.2];;;;;;;0.730339337;14.68656131;1.193096787;;;;;;;;;;;;113.0423278;589.7406373;11196.92722;;;;;;0.114908629;0.117135253;9.81010681;0.574621305;0.215308052;11.85321464;0.030269371;0.238622593;2.541797722;0.044782669;0.055978336;0.585160954;0.294242825;0.042274328;6.197570032;-91.86799348;-86.80135512
Model_iteration_30;['mu_max'];[0.08];[0.16];;;;;;;;;;0.118871982;;;;;;;;;;;;;;19430.40908;;;;;0.28142559;0.28687887;21.70385097;0.54076028;0.202620476;10.07936276;0.038182617;0.301005099;3.329276288;0.104474064;0.13059258;1.27606178;0.309836564;0.044514705;9.097137951;-91.73682676;-90.04794731
Model_iteration_24;['YX_C', 'YX_N', 'Xmax'];[0.35, 10.0, 1.15];[0.8, 15.0, 1.2];;;;;;;0.724637076;13.88687739;1.182633306;;;;;;;;;;;;112.7648636;616.5483437;11201.2051;;;;;;0.109040695;0.111153614;9.427248389;0.577676182;0.216452701;11.92744207;0.028756792;0.22669847;2.371838879;0.042719959;0.053399948;0.561789335;0.295064227;0.042392341;6.072079669;-91.64497817;-86.57833981
Model_iteration_1;['YX_C', 'YX_N'];[0.35, 10.0];[0.8, 15.0];;;;;;;0.50655838;12.88318785;;;;;;;;;;;;;204.4865662;855.7938341;;;;;;;0.303314954;0.309192392;27.10489529;0.510737089;0.191370919;9.629479659;0.026378376;0.207948704;2.23233934;0.113782944;0.14222868;1.489164608;0.302694034;0.043488527;10.11396972;-91.60262187;-88.22486296
Model_iteration_32;['YX_C', 'Xmax'];[0.35, 1.15];[0.8, 1.2];;;;;;;0.740880206;;1.190928784;;;;;;;;;;;;111.245951;;11202.01873;;;;;;0.113711797;0.115915229;9.739035447;0.591813226;0.221749788;12.27319343;0.043888212;0.345984029;4.077898685;0.044359208;0.055449009;0.580878028;0.302930347;0.043522478;6.667751396;-91.54019013;-88.16243122
Model_iteration_16;['YX_N', 'mu_max'];[10.0, 0.08];[15.0, 0.16];;;;;;;;12.42046165;;0.110457716;;;;;;;;;;;;563.449806;;18485.0377;;;;;0.277232582;0.282604613;20.76624407;0.527756703;0.197748093;9.60415007;0.029731779;0.23438459;2.660349459;0.104173775;0.130217219;1.265034169;0.302952635;0.04352568;8.573944443;-91.53430451;-88.1565456
Model_iteration_32;['YX_N', 'pH_UL'];[10.0, 5.5];[15.0, 21.0];;;;;;;;13.09905818;;;;7.084809313;;;;;;;;;;600.5559651;;;;42294.45261;;;0.276500746;0.281858596;22.17321192;0.529117155;0.198257849;9.81995336;0.027404749;0.216039911;2.374178086;0.102133033;0.127666291;1.215187553;0.303150047;0.043554043;8.89563273;-91.48219137;-88.10443247
Model_iteration_49;['mu_max'];[0.08];[0.16];;;;;;;;;;0.120253793;;;;;;;;;;;;;;19594.69333;;;;;0.282247294;0.287716497;21.98184019;0.543149028;0.203515529;10.14715556;0.038063622;0.300067024;3.318163128;0.10467451;0.130843138;1.282224098;0.311078766;0.044693174;9.182345743;-91.41673067;-89.72785121
Model_iteration_26;['mu_max', 'pH_UL'];[0.08, 5.5];[0.16, 21.0];;;;;;;;;;0.089348517;;6.27561505;;;;;;;;;;;;1853.981375;;76427.1889;;;0.267485665;0.272668826;33.92290059;0.527251523;0.197558805;10.430819;0.035947102;0.283381857;3.21599898;0.133269027;0.166586284;1.680161915;0.303560364;0.043612994;12.31247012;-91.37398376;-87.99622485
Model_iteration_14;['mu_max'];[0.08];[0.16];;;;;;;;;;0.121150694;;;;;;;;;;;;;;19691.596;;;;;0.282801548;0.288281491;22.16037443;0.544738779;0.204111202;10.18983592;0.037987661;0.299468202;3.311063303;0.10482423;0.131030287;1.286002933;0.311908734;0.044812417;9.236819147;-91.20357218;-89.51469273
Model_iteration_2;['mu_max'];[0.08];[0.16];;;;;;;;;;0.121587809;;;;;;;;;;;;;;19742.5359;;;;;0.283077429;0.288562718;22.24683773;0.545524161;0.204405481;10.21025926;0.037951004;0.299179219;3.30763541;0.104902473;0.131128091;1.28777926;0.312319648;0.044871454;9.263127917;-91.09824835;-89.40936889
Model_iteration_5;['mu_max'];[0.08];[0.16];;;;;;;;;;0.121592308;;;;;;;;;;;;;;19743.06187;;;;;0.283080284;0.288565628;22.24772574;0.545532274;0.204408521;10.21046811;0.037950628;0.299176255;3.307600244;0.104903296;0.13112912;1.287797337;0.312323895;0.044872064;9.263397857;-91.09716047;-89.40828102
Model_iteration_29;['YX_N', 'mu_max'];[10.0, 0.08];[15.0, 0.16];;;;;;;;10.11772542;;0.113159562;;;;;;;;;;;;719.2991795;;18791.16348;;;;;0.278317919;0.283710981;20.98183731;0.531340074;0.199090766;9.758937979;0.039617887;0.312319762;3.393749167;0.10404926;0.130061575;1.250979103;0.30503236;0.043824478;8.84637589;-90.98699269;-87.60923378
Model_iteration_36;['YX_N', 'pH_UL'];[10.0, 5.5];[15.0, 21.0];;;;;;;;11.10881115;;;;7.114065095;;;;;;;;;;722.0769872;;;;40735.74167;;;0.278291192;0.283683736;22.48582602;0.533810544;0.20001644;9.97150517;0.032855219;0.25900761;2.913700754;0.102749338;0.128436673;1.229932757;0.305792649;0.04393371;9.150241176;-90.78784208;-87.41008317
Model_iteration_11;['YX_C', 'Xmax'];[0.35, 1.15];[0.8, 1.2];;;;;;;0.379612655;;1.182100648;;;;;;;;;;;;215.1112698;;11170.21479;;;;;;0.108705367;0.110811788;9.401049268;0.599884194;0.224773944;12.00320321;0.044185195;0.348325233;4.111439513;0.042603696;0.05325462;0.560137773;0.306367961;0.044016366;6.518957442;-90.63747303;-87.25971412
Model_iteration_40;['YX_N', 'mu_max'];[10.0, 0.08];[15.0, 0.16];;;;;;;;12.99399991;;0.115470197;;;;;;;;;;;;579.116089;;19044.94408;;;;;0.279486928;0.284902642;21.16731734;0.534974169;0.200452446;9.894002964;0.028401175;0.223895035;2.46003118;0.104125176;0.130156471;1.260520457;0.306577471;0.044046466;8.695467986;-90.58278355;-87.20502464
Model_iteration_15;['YX_C', 'Xmax', 'mu_max'];[0.35, 1.15, 0.08];[0.8, 1.2, 0.16];;;;;;;0.705261433;;1.150220354;0.143759504;;;;;;;;;;;109.2182311;;7468.150312;14096.03666;;;;;0.091622161;0.093397555;7.497189305;0.5885264;0.220518229;12.2386957;0.045486753;0.358585808;4.253844724;0.03749356;0.046866951;0.470566151;0.299262743;0.042995548;6.115073971;-90.51466832;-85.44802996
Model_iteration_4;['mu_max'];[0.08];[0.16];;;;;;;;;;0.124292212;;;;;;;;;;;;;;20064.41806;;;;;0.284856609;0.290376373;22.77374936;0.55051303;0.206274788;10.3601377;0.037729634;0.297434098;3.286908754;0.105456712;0.13182089;1.297855435;0.314941474;0.045248136;9.429662812;-90.42947644;-88.74059699
Model_iteration_1;['mu_max'];[0.08];[0.16];;;;;;;;;;0.12445813;;;;;;;;;;;;;;20084.5376;;;;;0.284969538;0.29049149;22.80560923;0.550825526;0.206391879;10.37179977;0.037716374;0.297329565;3.285665198;0.10549518;0.131868975;1.298443032;0.315106393;0.04527183;9.440379307;-90.38759536;-88.6987159
Model_iteration_42;['YX_N', 'mu_max'];[10.0, 0.08];[15.0, 0.16];;;;;;;;10.43617653;;0.116467616;;;;;;;;;;;;729.5979339;;19167.58323;;;;;0.279940865;0.285365375;21.22973353;0.536381451;0.200979748;9.942570592;0.037417902;0.294976621;3.225864071;0.104171905;0.130214881;1.263354261;0.307540174;0.044184779;8.915380614;-90.33196426;-86.95420535
Model_iteration_15;['YX_C', 'YX_N', 'Xmax'];[0.35, 10.0, 1.15];[0.8, 15.0, 1.2];;;;;;;0.714490765;13.77187308;1.157698309;;;;;;;;;;;;111.5716375;605.2181138;11217.41801;;;;;;0.096864954;0.098741939;8.517092566;0.59016444;0.221131995;12.23081;0.029284174;0.230855983;2.425199196;0.038797857;0.048497321;0.505492352;0.30001655;0.043103849;5.91964853;-90.31341107;-85.24677271
Model_iteration_33;['Xmax', 'mu_max', 'pH_UL'];[1.15, 0.08, 5.5];[1.2, 0.16, 21.0];;;;;;;;;1.171835633;0.156729961;;8.301903292;;;;;;;;;;;10480.40401;19.33907321;;172.9403897;;;0.24613961;0.250909142;27.40323717;0.529370486;0.198352771;8.199748428;0.040538744;0.319579154;3.711773236;0.135350214;0.169187767;1.339967266;0.300325194;0.043148192;10.16368152;-90.23115287;-85.16451451
Model_iteration_11;['YX_N', 'mu_max'];[10.0, 0.08];[15.0, 0.16];;;;;;;;13.19347301;;0.11728943;;;;;;;;;;;;585.0475979;;19248.29358;;;;;0.280443978;0.285878238;21.36348907;0.537876963;0.20154011;9.991137844;0.028030835;0.220975535;2.393443459;0.104263239;0.130329049;1.267583099;0.308065335;0.04426023;8.753913368;-90.19547127;-86.81771236
Model_iteration_46;['YX_C', 'YX_N', 'Xmax'];[0.35, 10.0, 1.15];[0.8, 15.0, 1.2];;;;;;;0.734474265;10.4668593;1.184094639;;;;;;;;;;;;111.3641826;816.8206721;11199.79201;;;;;;0.109787229;0.111914614;9.472268958;0.590227344;0.221155565;12.23533528;0.025034505;0.197354562;2.063310002;0.042975784;0.05371973;0.564506352;0.301203917;0.043274439;6.083855149;-89.9974224;-84.93078404
Model_iteration_8;['mu_max'];[0.08];[0.16];;;;;;;;;;0.1261755;;;;;;;;;;;;;;20295.37447;;;;;0.28616189;0.291706947;23.13255834;0.554099933;0.207618785;10.49079429;0.037581028;0.296262593;3.273634256;0.105907135;0.132383918;1.30397207;0.316837505;0.045520542;9.550239741;-89.94929915;-88.2604197
Model_iteration_26;['YX_N', 'mu_max'];[10.0, 0.08];[15.0, 0.16];;;;;;;;12.76495298;;0.118443207;;;;;;;;;;;;614.0572285;;19385.52981;;;;;0.281078083;0.28652463;21.59764825;0.539763786;0.202247094;10.04966052;0.028459274;0.224353052;2.485691652;0.104385528;0.13048191;1.273107053;0.309053435;0.044402192;8.851526867;-89.93928707;-86.56152816
Model_iteration_8;['YX_C', 'Xmax', 'mu_max', 'pH_UL'];[0.35, 1.15, 0.08, 5.5];[0.8, 1.2, 0.16, 21.0];;;;;;;0.633058005;;1.195041902;0.140691336;;8.388716909;;;;;;;;;205.0208124;;11107.05996;29.96084227;;270.343579;;;0.258656936;0.26366902;28.55117268;0.508873426;0.190672613;9.515769133;0.039685403;0.312852014;3.617103915;0.139541758;0.174427198;1.395760886;0.294492108;0.042310143;10.76995165;-89.80024582;-83.044728
Model_iteration_1;['YX_N', 'Xmax', 'pH_UL'];[10.0, 1.15, 5.5];[15.0, 1.2, 21.0];;;;;;;;14.84944031;1.17761504;;;8.329794851;;;;;;;;;;738.8885088;11062.18989;;;251746.5177;;;0.248783876;0.253604647;27.55696952;0.53320959;0.199791266;8.284029935;0.025378404;0.200065617;2.029720972;0.135924428;0.169905534;1.349275969;0.30221077;0.043419096;9.804999098;-89.73044734;-84.66380898
Model_iteration_17;['YX_C', 'Xmax', 'mu_max'];[0.35, 1.15, 0.08];[0.8, 1.2, 0.16];;;;;;;0.718304598;;1.164904044;0.136495907;;;;;;;;;;;104.9213107;;7055.043084;13255.07936;;;;;0.095659204;0.097512826;7.236068347;0.59679912;0.22361798;12.49220474;0.045335882;0.357396445;4.231926472;0.039454626;0.049318283;0.519584223;0.303698816;0.043632885;6.119945945;-89.33750452;-84.27086616
Model_iteration_26;['mu_max'];[0.08];[0.16];;;;;;;;;;0.128583134;;;;;;;;;;;;;;20591.4373;;;;;0.287891057;0.293469621;23.58145798;0.558776775;0.209371177;10.65188144;0.037397701;0.294817366;3.257767793;0.106546493;0.133183116;1.310722389;0.319320954;0.045877343;9.700457401;-89.32468442;-87.63580496
Model_iteration_11;['Xmax', 'mu_max', 'pH_UL'];[1.15, 0.08, 5.5];[1.2, 0.16, 21.0];;;;;;;;;1.179172585;0.136487325;;8.426537977;;;;;;;;;;;10517.39257;15.92418993;;144.1292047;;;0.250101592;0.254947897;27.77215042;0.535639144;0.200701609;8.326634178;0.040265509;0.317425163;3.681481099;0.136699865;0.170874832;1.358169201;0.304042868;0.043682316;10.28460872;-89.24692584;-84.18028747
Model_iteration_13;['mu_max'];[0.08];[0.16];;;;;;;;;;0.129149946;;;;;;;;;;;;;;20664.41148;;;;;0.28830652;0.293893134;23.68557305;0.559889225;0.209788007;10.68884716;0.037355621;0.294485641;3.254099916;0.106706544;0.13338318;1.312147151;0.319913396;0.04596246;9.735166819;-89.17639671;-87.48751725
Model_iteration_15;['Xmax', 'pH_UL'];[1.15, 5.5];[1.2, 21.0];;;;;;;;;1.150826844;;;8.681588127;;;;;;;;;;;11019.79961;;;205390.8872;;;0.25090901;0.25577096;32.04080421;0.549164322;0.205769433;8.444999019;0.040706204;0.320899299;3.720439182;0.153291814;0.191614767;1.475833183;0.312126641;0.044843724;11.4205189;-89.14770191;-85.769943
Model_iteration_27;['mu_max'];[0.08];[0.16];;;;;;;;;;0.12985478;;;;;;;;;;;;;;20761.96102;;;;;0.288825813;0.29442249;23.81412325;0.561274323;0.210306997;10.73426385;0.037303889;0.294077823;3.24957658;0.106909318;0.133636647;1.313821706;0.320651835;0.046068552;9.777946346;-88.99194958;-87.30307013
Model_iteration_48;['mu_max'];[0.08];[0.16];;;;;;;;;;0.130030838;;;;;;;;;;;;;;20771.35662;;;;;0.288955778;0.294554973;23.84607385;0.561620341;0.210436648;10.74551358;0.037291063;0.293976708;3.24845246;0.106960525;0.133700656;1.314223508;0.320836417;0.046095071;9.788565849;-88.94591122;-87.25703176
Model_iteration_39;['mu_max'];[0.08];[0.16];;;;;;;;;;0.130164639;;;;;;;;;;;;;;20786.77082;;;;;0.289055006;0.294656124;23.87033914;0.561884121;0.210535485;10.75405035;0.037281339;0.293900047;3.24760019;0.10700005;0.133750062;1.314530809;0.320977207;0.046115299;9.796630121;-88.91081311;-87.22193365
Model_iteration_26;['YX_N', 'Xmax', 'mu_max', 'pH_UL'];[10.0, 1.15, 0.08, 5.5];[15.0, 1.2, 0.16, 21.0];;;;;;;;13.65052625;1.180700644;0.129491585;;6.176514178;;;;;;;;;;747.3108009;3821.008764;332.1492627;;15584.34708;;;0.236669702;0.241255732;34.30360288;0.522107608;0.195631402;8.299788362;0.021078145;0.166165381;1.645071661;0.160640077;0.200800096;1.520696566;0.297849972;0.042792573;11.44228987;-88.89322942;-82.13771161
Model_iteration_23;['YX_C', 'YX_N', 'Xmax'];[0.35, 10.0, 1.15];[0.8, 15.0, 1.2];;;;;;;0.749448194;14.31299387;1.197256942;;;;;;;;;;;;110.603628;607.6851855;11195.04614;;;;;;0.117337305;0.11961099;9.976625183;0.597101933;0.223731443;12.40322373;0.029275102;0.230784465;2.419346034;0.04565516;0.05706895;0.594342218;0.305466932;0.043886913;6.348384291;-88.87309984;-83.80646148
Model_iteration_24;['YX_N', 'mu_max'];[10.0, 0.08];[15.0, 0.16];;;;;;;;13.9997782;;0.123419599;;;;;;;;;;;;599.0484715;;19971.30833;;;;;0.284181089;0.289687764;22.5902242;0.548647084;0.205575626;10.29111332;0.027120143;0.213796275;2.291529745;0.105232009;0.131540011;1.294093871;0.313680487;0.045066968;9.116740284;-88.75042949;-85.37267058
Model_iteration_33;['mu_max'];[0.08];[0.16];;;;;;;;;;0.130781328;;;;;;;;;;;;;;20876.6684;;;;;0.289513987;0.295123999;23.98176267;0.563101264;0.210991543;10.79313795;0.037236811;0.293549025;3.243691951;0.107183092;0.133978866;1.315882262;0.321627182;0.046208682;9.833618707;-88.74897787;-87.06009842
Model_iteration_9;['YX_C', 'mu_max'];[0.35, 0.08];[0.8, 0.16];;;;;;;0.492700634;;;0.137713624;;;;;;;;;;;199.1565323;;;21754.68113;;;;;0.294729433;0.300440506;25.1857826;0.541977117;0.203076419;10.34221434;0.03676802;0.289853402;3.2020559;0.109422627;0.136778283;1.377658508;0.313819149;0.04508689;10.02692784;-88.71507355;-85.33731464
Model_iteration_24;['YX_C', 'Xmax', 'pH_UL'];[0.35, 1.15, 5.5];[0.8, 1.2, 21.0];;;;;;;0.628769114;;1.180764623;;;8.634281987;;;;;;;;;259.142543;;11086.60944;;;221494.5211;;;0.262995563;0.268091719;32.79235469;0.529610208;0.198442594;9.980756415;0.039650192;0.312574436;3.607236342;0.154868729;0.193585911;1.528400812;0.306271979;0.044002576;11.97718707;-88.66254018;-83.59590181
Model_iteration_15;['YX_C', 'Xmax'];[0.35, 1.15];[0.8, 1.2];;;;;;;0.374215715;;1.176351667;;;;;;;;;;;;216.978108;;11173.83614;;;;;;0.105668296;0.107715867;9.190920652;0.616830789;0.231123758;12.42244704;0.044374566;0.349818104;4.132804658;0.041572692;0.051965865;0.547223376;0.314381695;0.045167712;6.573348933;-88.57179528;-85.19403637
Model_iteration_21;['Xmax', 'pH_UL'];[1.15, 5.5];[1.2, 21.0];;;;;;;;;1.181761513;;;8.521037369;;;;;;;;;;;11092.65492;;;240052.295;;;0.257902698;0.262900167;30.63847241;0.553599902;0.207431425;8.642182517;0.039844347;0.314105017;3.63225752;0.146751441;0.183439301;1.460650832;0.314686435;0.045211494;11.09339082;-88.49428632;-85.11652741
Model_iteration_46;['mu_max'];[0.08];[0.16];;;;;;;;;;0.131775347;;;;;;;;;;;;;;20998.54945;;;;;0.290255716;0.295880101;24.15969492;0.56506025;0.211725567;10.85514426;0.037166071;0.29299136;3.237460281;0.107484332;0.134355415;1.317903929;0.322674629;0.04635917;9.892550847;-88.48886424;-86.79998478
Model_iteration_41;['YX_N', 'mu_max'];[10.0, 0.08];[15.0, 0.16];;;;;;;;14.52516285;;0.125094233;;;;;;;;;;;;589.145421;;20163.9581;;;;;0.285324806;0.290853643;22.91395948;0.55181647;0.206763181;10.40994747;0.027096403;0.213609125;2.315187048;0.105611001;0.132013752;1.299956667;0.315356766;0.045307801;9.234762666;-88.32405518;-84.94629627
Model_iteration_39;['YX_N', 'Xmax', 'pH_UL'];[10.0, 1.15, 5.5];[15.0, 1.2, 21.0];;;;;;;;13.16683789;1.190145961;;;8.312444268;;;;;;;;;;843.2495595;11100.91378;;;255725.3301;;;0.255052716;0.25999496;28.02648934;0.542903319;0.203423463;8.480145237;0.020963452;0.165261222;1.658944092;0.13770385;0.172129812;1.374220436;0.30789516;0.044235781;9.884949776;-88.23967556;-83.1730372
Model_iteration_3;['Xmax', 'mu_max', 'pH_UL'];[1.15, 0.08, 5.5];[1.2, 0.16, 21.0];;;;;;;;;1.165681711;0.114152338;;8.802536338;;;;;;;;;;;10830.77415;11.0501579;;101.2512188;;;0.250437811;0.255290631;30.11936151;0.542445113;0.203251775;8.394601946;0.040412808;0.318586367;3.694270565;0.145147203;0.181434003;1.430223035;0.308085501;0.044263127;10.90961426;-88.19023477;-83.12359641
Model_iteration_35;['YX_C'];[0.35];[0.8];;;;;;;0.493604995;;;;;;;;;;;;;;210.0240412;;;;;;;;0.303432465;0.30931218;27.12008592;0.559864901;0.209778893;10.84391609;0.036063302;0.284297894;3.138934745;0.113835543;0.142294428;1.490059762;0.323951795;0.046542663;10.64824913;-88.17284452;-86.48396507
Model_iteration_15;['YX_C', 'Xmax', 'pH_UL'];[0.35, 1.15, 5.5];[0.8, 1.2, 21.0];;;;;;;0.728310988;;1.160175617;;;7.734928961;;;;;;;;;128.4324699;;9746.585559;;;143157.1531;;;0.136603164;0.13925017;14.5611208;0.595700683;0.223206401;12.33552175;0.043180929;0.340408302;4.022664694;0.067620286;0.084525358;0.832093614;0.308203189;0.044280036;7.937850213;-88.15968064;-83.09304227
Model_iteration_40;['YX_C', 'YX_N', 'Xmax'];[0.35, 10.0, 1.15];[0.8, 15.0, 1.2];;;;;;;0.743756199;13.98830936;1.181884318;;;;;;;;;;;;109.7882172;611.6530167;11202.4406;;;;;;0.108640396;0.110745559;9.400594524;0.605502958;0.22687927;12.60616695;0.029013176;0.228719621;2.393145924;0.042582268;0.053227836;0.560158235;0.308663078;0.044346109;6.240016408;-88.04039689;-82.97375853
Model_iteration_38;['YX_C', 'YX_N'];[0.35, 10.0];[0.8, 15.0];;;;;;;0.497804796;12.7503903;;;;;;;;;;;;;208.1003528;864.54557;;;;;;;0.303305033;0.309182279;27.10372232;0.543295532;0.203570424;10.42919411;0.026650357;0.210092808;2.282186071;0.113778684;0.142223355;1.489095271;0.316551658;0.045479473;10.32604944;-88.0215067;-84.6437478
Model_iteration_4;['YX_C', 'YX_N', 'Xmax'];[0.35, 10.0, 1.15];[0.8, 15.0, 1.2];;;;;;;0.743373633;10.91751569;1.179690805;;;;;;;;;;;;109.5665798;779.9079563;11217.1969;;;;;;0.107427266;0.109508921;9.313435517;0.607365834;0.227577281;12.65172665;0.024551;0.193542943;2.035896291;0.042166134;0.052707667;0.554782858;0.309360068;0.044446246;6.138960328;-87.85995284;-82.79331448
Model_iteration_10;['mu_max'];[0.08];[0.16];;;;;;;;;;0.134613835;;;;;;;;;;;;;;21374.81022;;;;;0.29239177;0.298057546;24.65781621;0.57064701;0.213818901;11.02607368;0.036970759;0.291451655;3.220153434;0.108384626;0.135480783;1.34578954;0.32567047;0.046789588;10.06245821;-87.74953887;-86.06065941
Model_iteration_45;['YX_N', 'mu_max'];[10.0, 0.08];[15.0, 0.16];;;;;;;;14.34692893;;0.12738148;;;;;;;;;;;;613.3952905;;20445.15909;;;;;0.286932188;0.292492172;23.34495408;0.556202156;0.208406478;10.56583442;0.026821505;0.211442019;2.280147105;0.106184148;0.132730185;1.30691279;0.317681202;0.045641757;9.374462097;-87.73655264;-84.35879373
Model_iteration_38;['YX_C', 'Xmax', 'mu_max', 'pH_UL'];[0.35, 1.15, 0.08, 5.5];[0.8, 1.2, 0.16, 21.0];;;;;;;0.729026683;;1.174208205;0.129268535;;7.529883742;;;;;;;;;109.3830009;;4486.782214;1785.614425;;8942.679664;;;0.103105876;0.105103794;8.485451184;0.594237379;0.222658107;12.36184217;0.044603798;0.351625202;4.15511272;0.040558113;0.050697641;0.506817678;0.303060779;0.043541218;6.377305937;-87.50575221;-80.75023439
Model_iteration_35;['YX_N', 'mu_max'];[10.0, 0.08];[15.0, 0.16];;;;;;;;11.9766869;;0.128906173;;;;;;;;;;;;747.0263459;;20637.79258;;;;;0.287981389;0.293561703;23.61876369;0.559032499;0.209466995;10.66267844;0.029678579;0.233965202;2.582584042;0.10657848;0.133223099;1.310623856;0.319253193;0.045867607;9.543662506;-87.34166259;-83.96390368
Model_iteration_43;['YX_C', 'YX_N', 'pH_UL'];[0.35, 10.0, 5.5];[0.8, 15.0, 21.0];;;;;;;0.764451737;10.35734508;;;;7.967408493;;;;;;;;;175.8371412;1355.163966;;;;364960.2244;;;0.398510739;0.406232819;43.52859402;0.443236396;0.166078709;8.163919009;0.038521424;0.303676019;3.474501596;0.177339426;0.221674282;2.177249764;0.311529486;0.04475793;14.3360661;-87.3009029;-82.23426454
Model_iteration_38;['YX_N', 'mu_max'];[10.0, 0.08];[15.0, 0.16];;;;;;;;11.3323132;;0.129089437;;;;;;;;;;;;790.7285258;;20661.59407;;;;;0.288095992;0.293678527;23.64947885;0.5593414;0.209582739;10.67324891;0.032199235;0.253836294;2.832378428;0.106622379;0.133277974;1.31096126;0.31947896;0.045900044;9.616516862;-87.28510875;-83.90734984
Model_iteration_39;['YX_C', 'YX_N', 'Xmax'];[0.35, 10.0, 1.15];[0.8, 15.0, 1.2];;;;;;;0.757538767;12.67864121;1.195283074;;;;;;;;;;;;109.1948193;683.8602034;11196.18574;;;;;;0.116158306;0.118409145;9.886355632;0.610264002;0.228663212;12.72289369;0.025933503;0.20444163;2.206603006;0.045229368;0.05653671;0.589778174;0.311702241;0.04478275;6.351407625;-87.25655233;-82.18991397
Model_iteration_47;['YX_N', 'mu_max'];[10.0, 0.08];[15.0, 0.16];;;;;;;;10.80378936;;0.129503295;;;;;;;;;;;;832.9735428;;20709.90547;;;;;0.288381628;0.293969698;23.72251686;0.560106473;0.209869408;10.69881318;0.034962526;0.275620145;3.098193444;0.106732929;0.133416161;1.311862567;0.319959966;0.04596915;9.707846511;-87.16475169;-83.78699279
Model_iteration_21;['mu_max'];[0.08];[0.16];;;;;;;;;;0.13694227;;;;;;;;;;;;;;21690.77369;;;;;0.294144683;0.299844426;25.05539377;0.575179886;0.215517349;11.15950728;0.036817708;0.290245109;3.206502783;0.109157967;0.136447459;1.369834854;0.328109738;0.047140041;10.19780967;-87.15257273;-85.46369328
Model_iteration_25;['YX_N', 'mu_max'];[10.0, 0.08];[15.0, 0.16];;;;;;;;13.41213589;;0.129821921;;;;;;;;;;;;675.0237989;;20762.65061;;;;;0.288689409;0.294283443;23.79147776;0.56092073;0.210174507;10.72440547;0.026825941;0.211476992;2.227473898;0.106854358;0.133567947;1.313067611;0.320199596;0.046003578;9.514106183;-87.10485924;-83.72710033
Model_iteration_34;['YX_N', 'mu_max'];[10.0, 0.08];[15.0, 0.16];;;;;;;;12.05093145;;0.130187263;;;;;;;;;;;;753.671983;;20792.08503;;;;;0.288924857;0.294523453;23.85271945;0.561550378;0.210410433;10.74539832;0.029384383;0.231645965;2.549148868;0.106946833;0.133683541;1.313700511;0.320592213;0.046059986;9.615241786;-87.00682634;-83.62906743
Model_iteration_27;['YX_N', 'mu_max'];[10.0, 0.08];[15.0, 0.16];;;;;;;;10.96068952;;0.130736967;;;;;;;;;;;;833.010816;;20879.01642;;;;;0.289297983;0.29490381;23.94705143;0.56254387;0.21078269;10.77794076;0.034048473;0.268414389;3.023631818;0.107095258;0.133869073;1.314714836;0.32123886;0.046152891;9.765834711;-86.84562553;-83.46786663
Model_iteration_41;['YX_C', 'YX_N', 'Xmax', 'mu_max'];[0.35, 10.0, 1.15, 0.08];[0.8, 15.0, 1.2, 0.16];;;;;;;0.36414473;13.66541614;1.154234716;0.138122482;;;;;;;;;;;206.1657246;554.8853435;7093.078439;13332.6242;;;;;0.091697756;0.093474615;7.123607435;0.60227059;0.225668116;12.0361782;0.029969421;0.236257992;2.480834331;0.038305853;0.047882317;0.506216347;0.305574805;0.043902412;5.536709079;-86.84485344;-80.08933562
Model_iteration_5;['YX_C', 'Xmax', 'mu_max'];[0.35, 1.15, 0.08];[0.8, 1.2, 0.16];;;;;;;0.696531039;;1.153040508;0.10841872;;;;;;;;;;;86.26540838;;4635.195363;9045.931097;;;;;0.103226002;0.105226248;8.293907569;0.613478625;0.229867717;13.00499159;0.047346535;0.373247026;4.435158204;0.058545115;0.073181393;0.738576327;0.313321263;0.045015358;6.618158423;-86.84209718;-81.77545882
Model_iteration_17;['YX_N', 'mu_max'];[10.0, 0.08];[15.0, 0.16];;;;;;;;13.77438936;;0.131388163;;;;;;;;;;;;669.3855768;;20949.51483;;;;;0.289860018;0.295476735;24.07520201;0.564024619;0.21133752;10.8240031;0.026502898;0.208930348;2.195920895;0.107322494;0.134153118;1.316532171;0.321855217;0.046241444;9.602914543;-86.69227778;-83.31451887
Model_iteration_32;['YX_C', 'Xmax', 'mu_max'];[0.35, 1.15, 0.08];[0.8, 1.2, 0.16];;;;;;;0.75163318;;1.180410121;0.156301493;;;;;;;;;;;111.1833364;;8215.504633;16043.69482;;;;;0.111151059;0.113304871;10.10644977;0.61477638;0.23035398;12.78082726;0.043989234;0.346780409;4.093316272;0.044137448;0.05517181;0.602277882;0.313921854;0.045101645;6.895717797;-86.68889563;-81.62225727
Model_iteration_23;['mu_max'];[0.08];[0.16];;;;;;;;;;0.139112988;;;;;;;;;;;;;;21993.92932;;;;;0.295764668;0.301495801;25.4172779;0.579333556;0.217073711;11.27848589;0.036680615;0.289164364;3.194230408;0.109900826;0.137376033;1.391467968;0.33035124;0.047462081;10.32036554;-86.60790613;-84.91902667
Model_iteration_36;['YX_N', 'mu_max'];[10.0, 0.08];[15.0, 0.16];;;;;;;;10.40074469;;0.131980115;;;;;;;;;;;;889.7130819;;21031.51209;;;;;0.290202542;0.295825896;24.16654683;0.564935706;0.211678901;10.85410837;0.037531143;0.295869331;3.330282681;0.10746267;0.134328337;1.317139803;0.322616909;0.046350878;9.91701942;-86.50317607;-83.12541716
Model_iteration_50;['mu_max'];[0.08];[0.16];;;;;;;;;;0.139579371;;;;;;;;;;;;;;22059.32689;;;;;0.296110293;0.301848124;25.49398214;0.580215484;0.217404166;11.30339069;0.036651831;0.288937449;3.191650611;0.110063153;0.137578941;1.396027487;0.330827964;0.047530573;10.34626273;-86.49254275;-84.8036633
Model_iteration_7;['YX_N', 'Xmax', 'pH_UL'];[10.0, 1.15, 5.5];[15.0, 1.2, 21.0];;;;;;;;11.53784792;1.176643001;;;8.573979518;;;;;;;;;;949.5371617;11051.55336;;;232189.2054;;;0.257490286;0.262479764;31.30202147;0.55475626;0.207864708;8.641338381;0.018498091;0.145826039;1.543913301;0.149307111;0.186633889;1.478031899;0.314916873;0.045244601;10.74132626;-86.43572553;-81.36908716
Model_iteration_50;['YX_N', 'mu_max'];[10.0, 0.08];[15.0, 0.16];;;;;;;;13.32333912;;0.132445586;;;;;;;;;;;;700.1300107;;21087.12871;;;;;0.290640616;0.296272459;24.26186451;0.566080973;0.212108027;10.88859416;0.02672215;0.210658776;2.216769856;0.107643542;0.134554427;1.321508733;0.322963172;0.046400626;9.672184316;-86.41735854;-83.03959963
Model_iteration_13;['YX_N', 'mu_max'];[10.0, 0.08];[15.0, 0.16];;;;;;;;14.50455696;;0.132599352;;;;;;;;;;;;644.6821937;;21106.13356;;;;;0.290781834;0.296416414;24.29269129;0.566449687;0.212246183;10.89965895;0.026443636;0.208463168;2.245343759;0.107701889;0.134627361;1.323410206;0.323155646;0.046428279;9.690276051;-86.36969572;-82.99193681
Model_iteration_45;['mu_max'];[0.08];[0.16];;;;;;;;;;0.140107423;;;;;;;;;;;;;;22135.36607;;;;;0.296500231;0.302245618;25.58039701;0.581209022;0.21777644;11.33132095;0.036619507;0.288682628;3.188751387;0.110247224;0.137809031;1.401141869;0.331365264;0.047607767;10.3754028;-86.3627196;-84.67384014
Model_iteration_17;['YX_C', 'mu_max'];[0.35, 0.08];[0.8, 0.16];;;;;;;0.478320284;;;0.122640802;;;;;;;;;;;186.0650637;;;19820.67724;;;;;0.283751588;0.28924994;22.45302202;0.570361941;0.213712087;10.80919546;0.037863983;0.298493209;3.299497347;0.105102911;0.131378639;1.291858232;0.323383677;0.04646104;9.463393264;-86.31326449;-82.93550558
Model_iteration_6;['mu_max'];[0.08];[0.16];;;;;;;;;;0.140477576;;;;;;;;;;;;;;22192.38607;;;;;0.296772372;0.302523032;25.64065978;0.581901369;0.218035859;11.35070696;0.036597041;0.288505522;3.186736295;0.110377034;0.137971293;1.40470476;0.331739912;0.047661594;10.39570195;-86.27232118;-84.58344173
Model_iteration_28;['Xmax', 'mu_max', 'pH_UL'];[1.15, 0.08, 5.5];[1.2, 0.16, 21.0];;;;;;;;;1.189761581;0.146364389;;8.494369516;;;;;;;;;;;10861.575;18.80874972;;171.9156839;;;0.26043896;0.265485575;30.27270343;0.556253534;0.208425729;8.705649266;0.039633952;0.312446407;3.609872541;0.145403911;0.181754888;1.454395416;0.316211793;0.045430645;11.01065516;-86.10744462;-81.04080626
Model_iteration_32;['YX_C', 'YX_N', 'Xmax', 'mu_max'];[0.35, 10.0, 1.15, 0.08];[0.8, 15.0, 1.2, 0.16];;;;;;;0.66811835;11.12880859;1.197210776;0.082269886;;;;;;;;;;;65.47475368;346.7095366;2295.886951;5467.547476;;;;;0.141349896;0.144088882;10.08460587;0.592250603;0.221913671;12.41626749;0.030680243;0.241861617;2.565836894;0.095744047;0.119680059;0.993393312;0.30856473;0.044331979;6.515025891;-86.06589101;-79.31037319
Model_iteration_45;['YX_N', 'Xmax', 'mu_max', 'pH_UL'];[10.0, 1.15, 0.08, 5.5];[15.0, 1.2, 0.16, 21.0];;;;;;;;10.94840761;1.153397511;0.104890562;;8.987848213;;;;;;;;;;976.2114597;11004.77605;10.71110173;;97.42358693;;;0.249575122;0.254411225;31.3422323;0.54521705;0.204290408;8.384608429;0.018457414;0.14550537;1.507285943;0.150371645;0.187964556;1.457485997;0.309233601;0.044428077;10.67290317;-85.89266369;-79.13714588
Model_iteration_31;['YX_C', 'YX_N', 'Xmax', 'mu_max', 'pH_UL'];[0.35, 10.0, 1.15, 0.08, 5.5];[0.8, 15.0, 1.2, 0.16, 21.0];;;;;;;0.65393334;12.36476441;1.188123225;0.121149671;;8.512930791;;;;;;;;;195.675728;891.2374756;11037.26126;24.53749342;;223.0772435;;;0.254247325;0.259173963;27.95193437;0.530654447;0.198833865;10.23533168;0.019799328;0.156084081;1.642994089;0.137466809;0.171833511;1.370229983;0.30229331;0.043430954;10.30012253;-85.70860053;-77.26420326
Model_iteration_12;['mu_max'];[0.08];[0.16];;;;;;;;;;0.143625493;;;;;;;;;;;;;;22638.80685;;;;;0.29905175;0.304846579;26.14429411;0.587669544;0.220197169;11.5099594;0.036411535;0.287043125;3.170091107;0.111496169;0.139370211;1.434207452;0.334867376;0.048110921;10.56463802;-85.52165742;-83.83277797
Model_iteration_23;['YX_C', 'YX_N', 'pH_UL'];[0.35, 10.0, 5.5];[0.8, 15.0, 21.0];;;;;;;0.463671055;14.68803358;;;;6.730992233;;;;;;;;;180.2771679;524.3466296;;;;317137.6214;;;0.259293242;0.264317656;22.51030134;0.57326987;0.214801675;11.26014634;0.026596676;0.20966963;2.325019828;0.097708354;0.122135443;1.217724813;0.318639936;0.0457795;9.32829808;-85.49548328;-80.42884492
Model_iteration_7;['mu_max'];[0.08];[0.16];;;;;;;;;;0.144411436;;;;;;;;;;;;;;22755.56613;;;;;0.299610893;0.305416556;26.26772552;0.589076251;0.220724256;11.54823461;0.036366686;0.286689562;3.166068974;0.111780204;0.139725255;1.441370075;0.335631817;0.04822075;10.60584979;-85.33924022;-83.65036077
Model_iteration_34;['YX_C', 'YX_N', 'Xmax', 'pH_UL'];[0.35, 10.0, 1.15, 5.5];[0.8, 15.0, 1.2, 21.0];;;;;;;0.688465713;10.28323817;1.192737821;;;6.243133756;;;;;;;;;264.9899251;981.6651682;7909.991058;;;434532.282;;;0.221154092;0.225439471;31.40312295;0.563208202;0.211031612;11.74898336;0.019363892;0.152651402;1.502877666;0.147219061;0.184023826;1.445391704;0.31151285;0.04475554;11.52509392;-85.30517516;-78.54965734
Model_iteration_27;['YX_N', 'pH_UL'];[10.0, 5.5];[15.0, 21.0];;;;;;;;10.35221851;;;;6.436657495;;;;;;;;;;968.5358842;;;;1343941.704;;;0.290090005;0.295711178;33.7243147;0.571679055;0.214205604;11.57737022;0.032901574;0.259373041;2.770240853;0.130235651;0.162794564;1.739414621;0.327495416;0.04705178;12.4528351;-85.3024976;-81.92473869
Model_iteration_15;['mu_max'];[0.08];[0.16];;;;;;;;;;0.144984336;;;;;;;;;;;;;;22844.34489;;;;;0.300013288;0.305826749;26.3569456;0.590087177;0.221103045;11.57567553;0.036334412;0.286435136;3.163175587;0.111987391;0.139984239;1.446529961;0.336181578;0.048299735;10.63558167;-85.20830826;-83.51942881
Model_iteration_32;['YX_N', 'mu_max'];[10.0, 0.08];[15.0, 0.16];;;;;;;;11.41700208;;0.137790735;;;;;;;;;;;;863.5980144;;21812.86948;;;;;0.294602168;0.300310775;25.1741694;0.576365554;0.215961614;11.19596825;0.031582034;0.248970707;2.828087531;0.109371327;0.136714159;1.376906802;0.328613451;0.04721241;10.143783;-85.02985111;-81.6520922
Model_iteration_38;['YX_C', 'Xmax', 'mu_max'];[0.35, 1.15, 0.08];[0.8, 1.2, 0.16];;;;;;;0.762445171;;1.184438609;0.146441636;;;;;;;;;;;105.8135833;;7719.57881;14807.46614;;;;;0.108400621;0.110501137;9.062893867;0.630119782;0.236103084;13.22641166;0.044249023;0.348828408;4.116309721;0.042353782;0.052942228;0.539547355;0.32115162;0.046140357;6.736290652;-84.8673544;-79.80071603
Model_iteration_22;['YX_N', 'mu_max'];[10.0, 0.08];[15.0, 0.16];;;;;;;;12.25456744;;0.139070577;;;;;;;;;;;;815.6334648;;21993.61614;;;;;0.295581518;0.301309103;25.39032125;0.578872767;0.216901056;11.26727843;0.028387253;0.223785288;2.463473216;0.109822604;0.137278255;1.389826357;0.329897315;0.047396865;10.12772481;-84.71790706;-81.34014815
Model_iteration_32;['YX_N'];[10.0];[15.0];;;;;;;;13.00975958;;;;;;;;;;;;;;847.4579102;;;;;;;0.303300532;0.309177691;27.10330657;0.598289847;0.224176549;11.79686641;0.026148032;0.206132829;2.185636046;0.113776943;0.142221179;1.489070465;0.340430193;0.04891014;10.64371987;-84.20361491;-82.51473545
Model_iteration_13;['YX_N'];[10.0];[15.0];;;;;;;;12.88562847;;;;;;;;;;;;;;855.5690909;;;;;;;0.303297443;0.309174542;27.10291298;0.598282259;0.224173706;11.79670184;0.026373724;0.207912028;2.231327515;0.11377557;0.142219462;1.489047255;0.340430409;0.048910171;10.6549974;-84.20356425;-82.51468479
Model_iteration_24;['YX_N'];[10.0];[15.0];;;;;;;;13.23977518;;;;;;;;;;;;;;832.8450624;;;;;;;0.303306095;0.309183361;27.10401543;0.598303509;0.224181668;11.79716272;0.025798331;0.203376032;2.103233379;0.113779415;0.142224269;1.489112266;0.340430972;0.048910252;10.62338095;-84.20343207;-82.51455262
Model_iteration_49;['YX_N'];[10.0];[15.0];;;;;;;;12.7254461;;;;;;;;;;;;;;867.8767325;;;;;;;0.303293361;0.309170381;27.10239316;0.598272234;0.22416995;11.79648444;0.026704966;0.210523305;2.29160592;0.113773756;0.142217195;1.4890166;0.3404314;0.048910313;10.66987503;-84.20333148;-82.51445203
Model_iteration_35;['YX_N'];[10.0];[15.0];;;;;;;;13.47913576;;;;;;;;;;;;;;818.1981128;;;;;;;0.303311669;0.309189044;27.10472617;0.598317201;0.224186799;11.79745972;0.025523874;0.201212403;2.060441301;0.113781894;0.142227367;1.489154175;0.340433264;0.048910581;10.61294534;-84.20289332;-82.51401387
Model_iteration_47;['YX_N'];[10.0];[15.0];;;;;;;;12.56621146;;;;;;;;;;;;;;881.214043;;;;;;;0.303289842;0.309166793;27.10194856;0.598263525;0.224166686;11.79629485;0.027080487;0.213483655;2.35305262;0.113772177;0.142215221;1.488989461;0.340434074;0.048910698;10.68507137;-84.20270309;-82.51382363
Model_iteration_18;['YX_N'];[10.0];[15.0];;;;;;;;13.62752185;;;;;;;;;;;;;;809.3445398;;;;;;;0.303315021;0.309192461;27.10515364;0.598325433;0.224189883;11.79763829;0.025396772;0.200210425;2.053390189;0.113783384;0.14222923;1.48917938;0.340435376;0.048910885;10.61134038;-84.2023971;-82.51351765
Model_iteration_11;['YX_N'];[10.0];[15.0];;;;;;;;13.65706431;;;;;;;;;;;;;;807.6315234;;;;;;;0.303315679;0.309193131;27.10523758;0.598327049;0.224190489;11.79767336;0.025375226;0.200040565;2.052004724;0.113783677;0.142229596;1.48918433;0.340435855;0.048910954;10.611025;-84.20228442;-82.51340497
Model_iteration_36;['YX_N'];[10.0];[15.0];;;;;;;;13.68663475;;;;;;;;;;;;;;805.8967993;;;;;;;0.303316335;0.3091938;27.10532123;0.59832866;0.224191092;11.79770829;0.025354879;0.199880167;2.050623958;0.113783968;0.14222996;1.489189262;0.340436354;0.048911025;10.61071069;-84.20216716;-82.5132877
Model_iteration_15;['YX_N'];[10.0];[15.0];;;;;;;;13.72110743;;;;;;;;;;;;;;803.8547649;;;;;;;0.303317095;0.309194575;27.10541826;0.598330528;0.224191792;11.79774882;0.025332685;0.199705201;2.049021826;0.113784306;0.142230383;1.489194983;0.34043696;0.048911112;10.61034597;-84.20202489;-82.51314543
Model_iteration_3;['YX_N'];[10.0];[15.0];;;;;;;;13.72697905;;;;;;;;;;;;;;803.4934494;;;;;;;0.303317224;0.309194707;27.10543474;0.598330845;0.224191911;11.7977557;0.025329067;0.199676679;2.048749745;0.113784364;0.142230455;1.489195955;0.340437065;0.048911127;10.61028404;-84.20200006;-82.51312061
Model_iteration_37;['YX_N'];[10.0];[15.0];;;;;;;;12.35192417;;;;;;;;;;;;;;892.2043284;;;;;;;0.303284052;0.309160892;27.10121182;0.598249306;0.224161358;11.79598655;0.027661466;0.218063688;2.438239725;0.113769605;0.142212007;1.488946008;0.340438;0.048911262;10.70609603;-84.2017804;-82.51290095
Model_iteration_5;['YX_N'];[10.0];[15.0];;;;;;;;13.78176724;;;;;;;;;;;;;;800.3377343;;;;;;;0.303318424;0.309195929;27.10558778;0.598333791;0.224193015;11.79781961;0.025297558;0.19942829;2.04699286;0.113784897;0.142231122;1.489204978;0.340438086;0.048911274;10.60990131;-84.20176027;-82.51288081
Model_iteration_4;['YX_N'];[10.0];[15.0];;;;;;;;13.81396062;;;;;;;;;;;;;;798.5360946;;;;;;;0.303319124;0.309196643;27.10567711;0.59833551;0.224193659;11.79785692;0.02528092;0.199297128;2.050118462;0.113785209;0.142231511;1.489210245;0.340438714;0.048911364;10.61071568;-84.20161257;-82.51273312
Model_iteration_22;['YX_N'];[10.0];[15.0];;;;;;;;12.28667181;;;;;;;;;;;;;;896.9006983;;;;;;;0.303282246;0.309159051;27.1009821;0.598244871;0.224159697;11.7958904;0.027856121;0.219598211;2.46476988;0.113768803;0.142211004;1.488932458;0.34043955;0.048911484;10.71264371;-84.20141607;-82.51253662
Model_iteration_17;['YX_N'];[10.0];[15.0];;;;;;;;13.88524185;;;;;;;;;;;;;;794.4516752;;;;;;;0.303320662;0.309198211;27.10587336;0.598339288;0.224195074;11.79793887;0.025248929;0.199044929;2.056987558;0.113785893;0.142232366;1.489221816;0.34044018;0.048911575;10.6125054;-84.20126812;-82.51238867
Model_iteration_23;['YX_N'];[10.0];[15.0];;;;;;;;12.20386535;;;;;;;;;;;;;;902.932341;;;;;;;0.303279925;0.309156684;27.10068685;0.59823917;0.224157561;11.79576681;0.028115338;0.221641697;2.49884543;0.113767772;0.142209715;1.488915044;0.34044177;0.048911803;10.72105353;-84.20089449;-82.51201503
Model_iteration_14;['YX_N'];[10.0];[15.0];;;;;;;;14.05451653;;;;;;;;;;;;;;784.9316861;;;;;;;0.303324248;0.309201866;27.10633107;0.598348095;0.224198375;11.79812996;0.025198823;0.198649927;2.07302118;0.113787488;0.14223436;1.489248803;0.340444054;0.048912131;10.61668275;-84.20035782;-82.51147837
Model_iteration_50;['YX_N'];[10.0];[15.0];;;;;;;;14.07539227;;;;;;;;;;;;;;783.7522425;;;;;;;0.303324683;0.30920231;27.10638672;0.598349166;0.224198776;11.79815319;0.025195081;0.198620432;2.074971853;0.113787682;0.142234602;1.489252084;0.340444568;0.048912205;10.61719096;-84.20023692;-82.51135747
Model_iteration_25;['YX_N'];[10.0];[15.0];;;;;;;;12.10908613;;;;;;;;;;;;;;909.956516;;;;;;;0.303277226;0.309153934;27.1003437;0.598232542;0.224155077;11.79562313;0.02842902;0.224114546;2.538419622;0.113766574;0.142208217;1.488894803;0.34044467;0.04891222;10.73082031;-84.20021305;-82.5113336
Model_iteration_33;['YX_N'];[10.0];[15.0];;;;;;;;12.10903152;;;;;;;;;;;;;;909.9473519;;;;;;;0.303277225;0.309153932;27.1003435;0.598232538;0.224155076;11.79562305;0.028429206;0.224116012;2.538442602;0.113766573;0.142208217;1.488894791;0.340444672;0.04891222;10.73082598;-84.20021263;-82.51133318
Model_iteration_31;['YX_N'];[10.0];[15.0];;;;;;;;14.08218738;;;;;;;;;;;;;;783.3845391;;;;;;;0.303324825;0.309202454;27.10640479;0.598349514;0.224198906;11.79816074;0.025193976;0.198611718;2.075605557;0.113787745;0.142234681;1.489253149;0.340444738;0.04891223;10.61735606;-84.20019717;-82.51131772
Model_iteration_8;['YX_N'];[10.0];[15.0];;;;;;;;14.08776872;;;;;;;;;;;;;;783.1038495;;;;;;;0.303324941;0.309202573;27.10641963;0.598349799;0.224199013;11.79816693;0.025193109;0.198604885;2.07612561;0.113787796;0.142234745;1.489254024;0.340444877;0.04891225;10.61749155;-84.20016437;-82.51128492
Model_iteration_38;['YX_N'];[10.0];[15.0];;;;;;;;14.14979244;;;;;;;;;;;;;;779.6875513;;;;;;;0.303326226;0.309203882;27.10658365;0.598352955;0.224200195;11.7982354;0.02518595;0.198548446;2.081877231;0.113788368;0.14223546;1.489263695;0.340446465;0.048912478;10.61898999;-84.19979123;-82.51091178
Model_iteration_19;['YX_N'];[10.0];[15.0];;;;;;;;14.18125905;;;;;;;;;;;;;;777.9499206;;;;;;;0.303326873;0.309204542;27.10666629;0.598354544;0.224200791;11.79826989;0.025184029;0.198533305;2.084776008;0.113788656;0.14223582;1.489268567;0.340447296;0.048912597;10.61974519;-84.19959591;-82.51071646
Model_iteration_34;['YX_N'];[10.0];[15.0];;;;;;;;11.98436334;;;;;;;;;;;;;;919.328262;;;;;;;0.303273606;0.309150243;27.0998834;0.59822365;0.224151746;11.79543038;0.028869906;0.227590187;2.591449896;0.113764966;0.142206208;1.488867652;0.340449099;0.048912856;10.74390783;-84.1991724;-82.51029295
Model_iteration_29;['YX_N'];[10.0];[15.0];;;;;;;;11.97688595;;;;;;;;;;;;;;919.9007605;;;;;;;0.303273386;0.309150019;27.09985548;0.598223111;0.224151544;11.79541868;0.028897366;0.227806658;2.594664251;0.113764869;0.142206086;1.488866005;0.340449387;0.048912898;10.74470111;-84.19910463;-82.51022517
Model_iteration_9;['YX_N'];[10.0];[15.0];;;;;;;;14.30641389;;;;;;;;;;;;;;771.2011912;;;;;;;0.303329417;0.309207136;27.10699122;0.598360794;0.224203133;11.79840551;0.025187454;0.198560306;2.096179549;0.113789788;0.142237235;1.489287724;0.340450767;0.048913096;10.622716;-84.19878034;-82.50990089
Model_iteration_1;['YX_N'];[10.0];[15.0];;;;;;;;11.81967622;;;;;;;;;;;;;;932.0208491;;;;;;;0.3032687;0.309145241;27.09925991;0.598211602;0.224147231;11.79516921;0.02950201;0.232573253;2.663186203;0.113762788;0.142203486;1.488830874;0.340456078;0.048913859;10.76161155;-84.19753228;-82.50865283
Model_iteration_42;['YX_N'];[10.0];[15.0];;;;;;;;11.72445928;;;;;;;;;;;;;;939.5295252;;;;;;;0.303265796;0.309142281;27.09889099;0.59820447;0.224144559;11.79501464;0.029893921;0.235662803;2.705580912;0.1137615;0.142201874;1.488809112;0.340460738;0.048914528;10.77207391;-84.1964374;-82.50755794
Model_iteration_44;['YX_N'];[10.0];[15.0];;;;;;;;14.65457335;;;;;;;;;;;;;;753.0074499;;;;;;;0.303336254;0.309214105;27.10786466;0.598377587;0.224209425;11.79876993;0.025283497;0.199317439;2.126879354;0.11379283;0.142241038;1.489339218;0.340461702;0.048914667;10.63071329;-84.19621075;-82.50733129
Model_iteration_45;['YX_N'];[10.0];[15.0];;;;;;;;14.83252625;;;;;;;;;;;;;;744.0554431;;;;;;;0.303339618;0.309217534;27.10829458;0.598385849;0.224212521;11.79894924;0.025377101;0.200055345;2.1420151;0.113794328;0.14224291;1.489364563;0.340467948;0.048915564;10.63465587;-84.19474319;-82.50586374
Model_iteration_2;['YX_N'];[10.0];[15.0];;;;;;;;11.58315727;;;;;;;;;;;;;;950.8685698;;;;;;;0.303261392;0.309137792;27.0983317;0.598193655;0.224140507;11.79478025;0.030511939;0.240534828;2.769778777;0.113759545;0.142199431;1.488776119;0.34046855;0.048915651;10.78791671;-84.1946018;-82.50572235
Model_iteration_20;['YX_N'];[10.0];[15.0];;;;;;;;11.58123799;;;;;;;;;;;;;;951.0648435;;;;;;;0.303261331;0.30913773;27.098324;0.598193507;0.224140451;11.79477702;0.030520637;0.240603393;2.770661545;0.113759518;0.142199398;1.488775665;0.340468664;0.048915667;10.78813456;-84.19457507;-82.50569562
Model_iteration_12;['YX_N'];[10.0];[15.0];;;;;;;;14.86490943;;;;;;;;;;;;;;742.4293323;;;;;;;0.303340221;0.309218148;27.10837166;0.598387331;0.224213076;11.79898139;0.025397093;0.200212947;2.144730533;0.113794596;0.142243245;1.489369107;0.340469128;0.048915734;10.63536317;-84.19446588;-82.50558643
Model_iteration_26;['YX_N'];[10.0];[15.0];;;;;;;;14.87235224;;;;;;;;;;;;;;742.0774465;;;;;;;0.303340359;0.309218289;27.10838932;0.59838767;0.224213203;11.79898876;0.025401811;0.200250149;2.145352967;0.113794658;0.142243322;1.489370148;0.340469401;0.048915773;10.6355253;-84.19440172;-82.50552226
Model_iteration_27;['YX_N'];[10.0];[15.0];;;;;;;;11.47535917;;;;;;;;;;;;;;959.7398904;;;;;;;0.303257954;0.309134287;27.09789522;0.598185213;0.224137343;11.79459728;0.031013161;0.244486111;2.819817444;0.11375802;0.142197525;1.48875037;0.34047527;0.048916616;10.80026508;-84.19302271;-82.50414325
Model_iteration_39;['YX_N'];[10.0];[15.0];;;;;;;;11.44380927;;;;;;;;;;;;;;962.3663421;;;;;;;0.303256934;0.309133248;27.09776583;0.59818271;0.224136405;11.79454304;0.031164789;0.245681438;2.834640805;0.113757568;0.142196959;1.488742737;0.340477367;0.048916918;10.8039231;-84.19252997;-82.50365051
Model_iteration_43;['YX_N'];[10.0];[15.0];;;;;;;;11.37711567;;;;;;;;;;;;;;967.8483016;;;;;;;0.30325476;0.309131031;27.09748981;0.598177369;0.224134404;11.79442731;0.031492735;0.248266738;2.86624649;0.113756603;0.142195753;1.488726454;0.340482001;0.048917583;10.81172252;-84.1914413;-82.50256184
Model_iteration_30;['YX_N'];[10.0];[15.0];;;;;;;;11.16429089;;;;;;;;;;;;;;986.2143495;;;;;;;0.303247633;0.309123767;27.09658566;0.598159869;0.224127847;11.7940481;0.032607536;0.257055049;2.9696268;0.113753442;0.142191802;1.488673112;0.340498698;0.048919982;10.83723342;-84.18751828;-82.49863883
Model_iteration_48;['YX_N'];[10.0];[15.0];;;;;;;;11.07603817;;;;;;;;;;;;;;993.9986601;;;;;;;0.303244591;0.309120666;27.09619994;0.5981524;0.224125048;11.79388627;0.033100817;0.26094373;3.013660594;0.113752093;0.142190116;1.488650355;0.340506526;0.048921107;10.84809929;-84.18567894;-82.49679949
Model_iteration_16;['YX_N'];[10.0];[15.0];;;;;;;;10.93952146;;;;;;;;;;;;;;1006.267507;;;;;;;0.303239782;0.309115764;27.09559026;0.59814059;0.224120623;11.79363043;0.033900361;0.267246776;3.083174626;0.11374996;0.142187451;1.488614384;0.340519757;0.048923008;10.86525242;-84.18257058;-82.49369113
Model_iteration_21;['YX_N'];[10.0];[15.0];;;;;;;;10.92405352;;;;;;;;;;;;;;1007.674768;;;;;;;0.303239229;0.3091152;27.09552016;0.598139232;0.224120115;11.79360101;0.033993778;0.267983216;3.091160393;0.113749715;0.142187144;1.488610248;0.340521345;0.048923236;10.86722295;-84.18219744;-82.49331799
Model_iteration_10;['YX_N'];[10.0];[15.0];;;;;;;;10.74339606;;;;;;;;;;;;;;1024.462165;;;;;;;0.303232642;0.309108485;27.09468558;0.598123058;0.224114054;11.79325064;0.035128073;0.276925205;3.186131893;0.113746796;0.142183494;1.488561006;0.340541313;0.048926105;10.89065728;-84.17750644;-82.48862699
Model_iteration_41;['YX_N'];[10.0];[15.0];;;;;;;;10.61162701;;;;;;;;;;;;;;1037.058798;;;;;;;0.303227685;0.309103432;27.0940578;0.598110887;0.224109494;11.792987;0.03600639;0.28384924;3.257441247;0.113744599;0.142180749;1.488523964;0.340557615;0.048928447;10.9082525;-84.17367692;-82.48479746
Model_iteration_40;['YX_N'];[10.0];[15.0];;;;;;;;10.40875283;;;;;;;;;;;;;;1057.059642;;;;;;;0.303219788;0.309095382;27.0930582;0.598091496;0.224102228;11.79256704;0.037444777;0.295188485;3.370758467;0.1137411;0.142176375;1.48846498;0.340585829;0.0489325;10.93621217;-84.16704949;-82.47817004
Model_iteration_6;['YX_N'];[10.0];[15.0];;;;;;;;10.29572084;;;;;;;;;;;;;;1068.541591;;;;;;;0.303215242;0.309090748;27.09248307;0.598080334;0.224098046;11.79232532;0.038292469;0.30187109;3.435829704;0.113739086;0.142173858;1.488431041;0.340603311;0.048935012;10.95226729;-84.16294318;-82.47406373
Model_iteration_46;['YX_N'];[10.0];[15.0];;;;;;;;10.28131367;;;;;;;;;;;;;;1070.023031;;;;;;;0.303214655;0.309090149;27.0924088;0.598078892;0.224097505;11.7922941;0.038402936;0.302741939;3.444226506;0.113738826;0.142173533;1.488426658;0.340605635;0.048935346;10.95433902;-84.16239733;-82.47351788
Model_iteration_7;['YX_N'];[10.0];[15.0];;;;;;;;10.18181973;;;;;;;;;;;;;;1080.368172;;;;;;;0.30321055;0.309085965;27.09188976;0.598068815;0.224093729;11.79207589;0.039180923;0.308875042;3.502861987;0.113737009;0.142171261;1.488396028;0.340622297;0.04893774;10.96880592;-84.15848393;-82.46960447
Model_iteration_28;['YX_N'];[10.0];[15.0];;;;;;;;10.14234489;;;;;;;;;;;;;;1084.526082;;;;;;;0.303208898;0.309084281;27.09168082;0.598064757;0.224092209;11.79198803;0.03949697;0.311366538;3.532581085;0.113736277;0.142170346;1.488383698;0.340629212;0.048938733;10.97615841;-84.15685982;-82.46798037
Model_iteration_35;['YX_C', 'YX_N', 'mu_max'];[0.35, 10.0, 0.08];[0.8, 15.0, 0.16];;;;;;;0.473218507;12.81594031;;0.113827381;;;;;;;;;;;172.8543357;579.8306893;;18808.17483;;;;;0.278679711;0.284079784;21.04283605;0.57541963;0.21560718;10.82863575;0.028775904;0.22684914;2.52139052;0.10406667;0.130083338;1.254272971;0.324202119;0.046578627;8.911783824;-84.11105066;-79.04441229
Model_iteration_41;['YX_C', 'Xmax', 'mu_max', 'pH_UL'];[0.35, 1.15, 0.08, 5.5];[0.8, 1.2, 0.16, 21.0];;;;;;;0.703895615;;1.167609346;0.137729239;;6.849654025;;;;;;;;;87.20056968;;1019.145512;960.801686;;10276.28601;;;0.095708582;0.09756316;7.562641444;0.621099837;0.232723351;13.25764406;0.047006544;0.370566777;4.417108566;0.053241097;0.066551371;0.654432742;0.316215658;0.0454312;6.472956704;-84.10646692;-77.3509491
Model_iteration_22;['YX_C', 'Xmax', 'mu_max'];[0.35, 1.15, 0.08];[0.8, 1.2, 0.16];;;;;;;0.741491032;;1.187298941;0.111834278;;;;;;;;;;;86.58367305;;5019.70693;9816.141894;;;;;0.109922546;0.112052553;8.507863551;0.635349906;0.238062789;13.52052962;0.046074371;0.363218179;4.2922895;0.054943394;0.068679242;0.727419731;0.324381756;0.046604436;6.762025601;-84.06673594;-79.00009758
Model_iteration_9;['YX_C', 'Xmax', 'mu_max'];[0.35, 1.15, 0.08];[0.8, 1.2, 0.16];;;;;;;0.71445441;;1.156172617;0.108121382;;;;;;;;;;;84.09255893;;4627.713908;9047.614571;;;;;0.104073283;0.106089947;8.364289776;0.636458063;0.23847801;13.5552023;0.047272152;0.372660647;4.426352831;0.058774397;0.073467996;0.743361827;0.324653354;0.046643457;6.772301682;-83.99978158;-78.93314321
Model_iteration_49;['YX_C', 'YX_N', 'Xmax'];[0.35, 10.0, 1.15];[0.8, 15.0, 1.2];;;;;;;0.774122161;13.17054572;1.189954103;;;;;;;;;;;;106.3107727;654.9013372;11199.76504;;;;;;0.113097741;0.115289275;9.693641334;0.637824668;0.238990071;13.3869111;0.026983905;0.212722266;2.256378072;0.044138177;0.055172721;0.578065453;0.324918342;0.046681528;6.478748991;-83.9345107;-78.86787234
Model_iteration_48;['YX_N', 'mu_max'];[10.0, 0.08];[15.0, 0.16];;;;;;;;14.67566525;;0.142422327;;;;;;;;;;;;704.5654812;;22475.66049;;;;;0.298096128;0.303872439;25.94170216;0.585261247;0.219294791;11.44502976;0.025794462;0.203345533;2.18068373;0.111025554;0.138781942;1.422364617;0.333310687;0.047887269;10.24744507;-83.89441842;-80.51665951
Model_iteration_41;['mu_max'];[0.08];[0.16];;;;;;;;;;0.15105709;;;;;;;;;;;;;;23781.30975;;;;;0.304115865;0.310008823;27.27577729;0.600305683;0.224931874;11.84877553;0.036009139;0.283870917;3.134119375;0.114227583;0.142784479;1.498805945;0.341759408;0.04910111;10.93936953;-83.89186201;-82.20298256
Model_iteration_19;['YX_C', 'Xmax', 'pH_UL'];[0.35, 1.15, 5.5];[0.8, 1.2, 21.0];;;;;;;0.6747621;;1.186691914;;;8.681781621;;;;;;;;;255.3519725;;11104.04073;;;214062.6272;;;0.269340997;0.27456011;34.24135604;0.569233792;0.213289374;11.36240241;0.039315752;0.309937942;3.568010731;0.160264915;0.200331144;1.57745824;0.325500481;0.046765165;12.68730685;-83.7913071;-78.72466874
Model_iteration_26;['YX_C'];[0.35];[0.8];;;;;;;0.483089115;;;;;;;;;;;;;;214.617554;;;;;;;;0.303423954;0.309303504;27.11912468;0.602380626;0.225709346;11.89646992;0.036063704;0.284301064;3.138975811;0.113831961;0.142289951;1.490002881;0.342486065;0.04920551;10.91114332;-83.72194455;-82.0330651
Model_iteration_42;['mu_max'];[0.08];[0.16];;;;;;;;;;0.152184679;;;;;;;;;;;;;;23954.6816;;;;;0.304841467;0.310748485;27.44130706;0.602097224;0.225603157;11.89607392;0.035951883;0.283419547;3.129034104;0.114651363;0.143314204;1.508058706;0.34274147;0.049242205;10.99361845;-83.66230785;-81.9734284
Model_iteration_35;['YX_C', 'YX_N', 'Xmax', 'mu_max', 'pH_UL'];[0.35, 10.0, 1.15, 0.08, 5.5];[0.8, 15.0, 1.2, 0.16, 21.0];;;;;;;0.371862229;12.19428215;1.189302646;0.153839009;;6.56844398;;;;;;;;;234.1370853;625.0597559;1542.600641;673.9627417;;15909.91644;;;0.108212186;0.110309051;12.9201356;0.60778435;0.227734097;12.57757646;0.023987508;0.189100766;2.120708847;0.056305337;0.070381671;0.754951548;0.310184375;0.044564676;7.093343114;-83.64707214;-75.20267487
Model_iteration_10;['YX_N', 'Xmax', 'pH_UL'];[10.0, 1.15, 5.5];[15.0, 1.2, 21.0];;;;;;;;10.86593017;1.187737609;;;6.161044817;;;;;;;;;;971.4917551;8712.208619;;;361478.6537;;;0.261943056;0.267018816;38.13568105;0.572000122;0.214325906;8.943190991;0.01776729;0.140064913;1.305833898;0.175472484;0.219340604;1.645095759;0.326689674;0.046936018;12.50745043;-83.49956542;-78.43292705
Model_iteration_42;['YX_C', 'YX_N', 'Xmax', 'pH_UL'];[0.35, 10.0, 1.15, 5.5];[0.8, 15.0, 1.2, 21.0];;;;;;;0.617972537;10.0780914;1.155012918;;;8.81173144;;;;;;;;;317.224677;1062.145224;11005.57929;;;177145.6234;;;0.264588072;0.269715086;35.70301813;0.554820883;0.207888922;10.45487909;0.020689606;0.163102411;1.70771089;0.16767141;0.209589263;1.582745431;0.318737675;0.045793542;12.36208838;-83.47094799;-76.71543017
Model_iteration_6;['YX_N', 'mu_max'];[10.0, 0.08];[15.0, 0.16];;;;;;;;13.75466487;;0.1449659;;;;;;;;;;;;768.8048507;;22842.34684;;;;;0.299889397;0.305700457;26.33987239;0.589779692;0.220987832;11.56866497;0.025609208;0.201885115;2.082448577;0.111932775;0.139915969;1.445509954;0.335767224;0.048240204;10.35912397;-83.30697168;-79.92921277
Model_iteration_31;['YX_C'];[0.35];[0.8];;;;;;;0.481600272;;;;;;;;;;;;;;215.2902135;;;;;;;;0.303422704;0.30930223;27.11898387;0.608610828;0.228043775;12.04920324;0.036063763;0.284301528;3.13898183;0.113831436;0.142289295;1.489994548;0.345228427;0.04959951;10.94929087;-83.08391782;-81.39503836
Model_iteration_43;['YX_C', 'YX_N', 'Xmax', 'mu_max'];[0.35, 10.0, 1.15, 0.08];[0.8, 15.0, 1.2, 0.16];;;;;;;0.766278942;12.34507535;1.194674218;0.13697866;;;;;;;;;;;101.4825786;634.1613085;7132.603905;13582.32407;;;;;0.110284791;0.112421817;8.177188456;0.631336253;0.236558891;13.32089344;0.026355979;0.207772139;2.262352593;0.043528568;0.05441071;0.53053455;0.321456674;0.046184185;6.072742259;-82.79140051;-76.0358827
Model_iteration_33;['YX_C', 'Xmax'];[0.35, 1.15];[0.8, 1.2];;;;;;;0.768671936;;1.155163891;;;;;;;;;;;;103.4983217;;11224.38361;;;;;;0.095842573;0.097699747;8.434320626;0.66690695;0.249887073;14.07864193;0.045067657;0.355281949;4.210667158;0.038506765;0.048133456;0.500365206;0.338180626;0.048586941;6.805998729;-82.73401041;-79.3562515
Model_iteration_21;['YX_N', 'mu_max'];[10.0, 0.08];[15.0, 0.16];;;;;;;;12.87779265;;0.148167875;;;;;;;;;;;;843.2834096;;23326.76038;;;;;0.302074975;0.307928386;26.82816232;0.595244935;0.223035634;11.71587318;0.026476963;0.208725895;2.233558659;0.113095801;0.141369751;1.473491558;0.338768916;0.048671462;10.56277143;-82.59496551;-79.2172066
Model_iteration_3;['YX_C', 'YX_N', 'Xmax', 'mu_max'];[0.35, 10.0, 1.15, 0.08];[0.8, 15.0, 1.2, 0.16];;;;;;;0.710021942;10.41834005;1.151640432;0.109236091;;;;;;;;;;;85.09777293;536.253742;4719.260233;9173.621659;;;;;0.10224818;0.104229478;8.21239223;0.633294934;0.2372928;13.47927429;0.027615579;0.217701949;2.348809824;0.057756903;0.072196129;0.730663162;0.322341296;0.04631128;6.192784877;-82.57154961;-75.81603179
Model_iteration_4;['YX_C', 'Xmax', 'mu_max'];[0.35, 1.15, 0.08];[0.8, 1.2, 0.16];;;;;;;0.756678418;;1.185337712;0.117618315;;;;;;;;;;;89.27665577;;5691.609888;10813.60175;;;;;0.106111878;0.108168045;7.948308149;0.649080421;0.243207552;13.83374478;0.045747542;0.360641682;4.261191739;0.049857413;0.062321767;0.670779153;0.330584226;0.047495555;6.678505956;-82.55150454;-77.48486617
Model_iteration_40;['YX_C', 'Xmax'];[0.35, 1.15];[0.8, 1.2];;;;;;;0.791576882;;1.18369923;;;;;;;;;;;;103.3897911;;11277.31318;;;;;;0.109680082;0.111805391;9.476381879;0.666406007;0.249699372;14.06902621;0.044124957;0.347850355;4.104699985;0.042943842;0.053679803;0.564847775;0.339086225;0.04871705;7.053738962;-82.52006826;-79.14230936
Model_iteration_20;['mu_max'];[0.08];[0.16];;;;;;;;;;0.158410004;;;;;;;;;;;;;;24967.31175;;;;;0.308659052;0.314640044;28.33198763;0.611443051;0.229104996;12.14076073;0.035650516;0.281043781;3.102467151;0.117038284;0.146297854;1.556954784;0.347887171;0.049981496;11.28304257;-82.47016594;-80.78128649
Model_iteration_11;['YX_C', 'pH_UL'];[0.35, 5.5];[0.8, 21.0];;;;;;;0.492818152;;;;;7.514249652;;;;;;;;;221.2905392;;;;;142431.5253;;;0.314152325;0.320239763;29.35535677;0.588624919;0.220555144;11.55761504;0.03528596;0.278169873;3.069365193;0.120400796;0.150500995;1.612791744;0.339452659;0.048769696;11.39878219;-82.43366291;-79.055904
Model_iteration_49;['YX_C', 'YX_N', 'Xmax', 'mu_max'];[0.35, 10.0, 1.15, 0.08];[0.8, 15.0, 1.2, 0.16];;;;;;;0.756457228;14.83577537;1.199378439;0.118564234;;;;;;;;;;;91.16997699;439.9023382;5664.630368;10923.22919;;;;;0.111995933;0.114166117;8.086770145;0.633240827;0.237272526;13.45462363;0.03282106;0.258738327;2.76247126;0.050385969;0.062982461;0.669565838;0.322936914;0.046396853;6.243357718;-82.42386297;-75.66834515
Model_iteration_28;['YX_C', 'YX_N', 'Xmax', 'mu_max'];[0.35, 10.0, 1.15, 0.08];[0.8, 15.0, 1.2, 0.16];;;;;;;0.755490528;13.62523494;1.17472809;0.133114447;;;;;;;;;;;98.76457227;544.682025;6825.642258;12861.41623;;;;;0.099413597;0.101339969;7.279596566;0.641040145;0.240194896;13.57416556;0.029619376;0.233498486;2.446978627;0.041198953;0.051498691;0.546171796;0.325342201;0.046742425;5.961728136;-81.83021788;-75.07470006
Model_iteration_9;['YX_N', 'mu_max'];[10.0, 0.08];[15.0, 0.16];;;;;;;;10.23050637;;0.151892178;;;;;;;;;;;;1090.266136;;23907.55287;;;;;0.304445942;0.310345295;27.37174172;0.601125218;0.22523895;11.87289805;0.038792524;0.305813178;3.474180904;0.114446918;0.143058648;1.504101485;0.342287093;0.049176924;11.05573054;-81.76843531;-78.3906764
Model_iteration_1;['YX_N', 'mu_max'];[10.0, 0.08];[15.0, 0.16];;;;;;;;13.44109391;;0.152432288;;;;;;;;;;;;835.5377879;;23988.10613;;;;;0.304888453;0.310796381;27.46313297;0.602214925;0.225647258;11.9004808;0.02542954;0.20046874;2.046018936;0.114694317;0.143367896;1.509236163;0.34257161;0.049217801;10.72971722;-81.70196504;-78.32420613
Model_iteration_26;['YX_C', 'YX_N', 'Xmax'];[0.35, 10.0, 1.15];[0.8, 15.0, 1.2];;;;;;;0.791024532;10.1037949;1.192370598;;;;;;;;;;;;104.2383687;853.2439494;11197.94826;;;;;;0.114428693;0.116646017;9.773563618;0.657040206;0.246190048;13.84765931;0.026027092;0.205179423;2.224035167;0.044607972;0.055759965;0.582888968;0.334463391;0.04805288;6.607036766;-81.61822803;-76.55158967
Model_iteration_21;['YX_C', 'Xmax', 'mu_max'];[0.35, 1.15, 0.08];[0.8, 1.2, 0.16];;;;;;;0.780520384;;1.189312918;0.134042302;;;;;;;;;;;97.57844524;;6934.526443;13141.91799;;;;;0.106687145;0.108754458;7.599643286;0.657731229;0.246448971;13.96531042;0.044673145;0.352171887;4.154694159;0.042927856;0.05365982;0.546304421;0.334600885;0.048072634;6.566488071;-81.58534777;-76.51870941
Model_iteration_19;['YX_N', 'mu_max'];[10.0, 0.08];[15.0, 0.16];;;;;;;;14.41292105;;0.153860068;;;;;;;;;;;;787.7481724;;24220.50305;;;;;0.305810101;0.311735889;27.67307915;0.604482526;0.226496919;11.95988615;0.02496635;0.196817277;2.081204327;0.115244328;0.14405541;1.520892061;0.343810819;0.04939584;10.80876542;-81.41309749;-78.03533858
Model_iteration_44;['YX_C', 'YX_N', 'Xmax', 'mu_max'];[0.35, 10.0, 1.15, 0.08];[0.8, 15.0, 1.2, 0.16];;;;;;;0.361771488;11.43012695;1.193900146;0.109612721;;;;;;;;;;;174.0563455;507.6269647;4763.819321;9476.988208;;;;;0.113886453;0.11609327;8.809737596;0.641222609;0.240263265;12.34907534;0.027894576;0.219901364;2.406069724;0.057582602;0.071978252;0.754009183;0.327196586;0.047008847;6.079722961;-81.37552878;-74.62001097
Model_iteration_3;['YX_C', 'pH_UL'];[0.35, 5.5];[0.8, 21.0];;;;;;;0.751404081;;;;;8.400547419;;;;;;;;;216.283957;;;;;936624.9093;;;0.440068058;0.448595408;51.74049259;0.4886455;0.183093299;8.588606313;0.030633732;0.241494957;2.576418638;0.202855176;0.25356897;2.458779393;0.344428138;0.049484531;16.34107423;-81.26958474;-77.89182583
Model_iteration_6;['YX_C', 'mu_max'];[0.35, 0.08];[0.8, 0.16];;;;;;;0.472083372;;;0.131717912;;;;;;;;;;;201.0327536;;;20938.14377;;;;;0.290202705;0.295826062;24.14817283;0.614923143;0.230408972;12.07221292;0.037170703;0.29302787;3.23787117;0.107462699;0.134328373;1.317733285;0.344702036;0.049523882;10.19399755;-81.20599188;-77.82823297
Model_iteration_12;['YX_C', 'Xmax', 'mu_max'];[0.35, 1.15, 0.08];[0.8, 1.2, 0.16];;;;;;;0.79263205;;1.197737867;0.135620476;;;;;;;;;;;97.75610075;;7062.894636;13443.86378;;;;;0.111622372;0.113785317;8.128184142;0.66316173;0.248483756;14.08524425;0.044323611;0.349416403;4.116169857;0.04414082;0.055176025;0.539819984;0.33769662;0.048517403;6.717354559;-80.84858887;-75.78195051
Model_iteration_48;['YX_C', 'Xmax', 'mu_max'];[0.35, 1.15, 0.08];[0.8, 1.2, 0.16];;;;;;;0.776954894;;1.174381875;0.137186947;;;;;;;;;;;98.29740244;;7119.75054;13439.75353;;;;;0.100012013;0.10194998;7.509220769;0.665876105;0.24950082;14.13887567;0.044995685;0.354714566;4.193998083;0.040426194;0.050532743;0.519523844;0.338028208;0.048565043;6.590404592;-80.77007446;-75.7034361
Model_iteration_49;['YX_C', 'Xmax', 'mu_max'];[0.35, 1.15, 0.08];[0.8, 1.2, 0.16];;;;;;;0.7744406;;1.198114324;0.114328308;;;;;;;;;;;85.74782253;;5273.652506;10273.94961;;;;;0.112995817;0.115185376;8.444738594;0.664018078;0.248804625;14.19547681;0.045576103;0.359290176;4.237483873;0.053387226;0.066734032;0.709426813;0.338605759;0.048648021;6.896781522;-80.63350418;-75.56686582
Model_iteration_14;['YX_C', 'YX_N'];[0.35, 10.0];[0.8, 15.0];;;;;;;0.480327035;14.44293103;;;;;;;;;;;;;215.7578827;763.8759629;;;;;;;0.303329049;0.30920676;27.10699054;0.613751542;0.229969978;12.17559227;0.025210619;0.198742917;2.108413066;0.1137897;0.142237125;1.489287599;0.347233041;0.049887516;10.72007087;-80.62073096;-77.24297205
Model_iteration_50;['YX_C', 'Xmax', 'mu_max'];[0.35, 1.15, 0.08];[0.8, 1.2, 0.16];;;;;;;0.77225327;;1.199771029;0.111644805;;;;;;;;;;;83.94798011;;5017.31457;9871.972372;;;;;0.115076967;0.117306853;8.743252776;0.663699891;0.248685402;14.19322248;0.045712469;0.360365196;4.250005064;0.055838741;0.069798426;0.736610245;0.338728449;0.048665648;6.980772642;-80.60452225;-75.53788389
Model_iteration_8;['YX_N', 'mu_max'];[10.0, 0.08];[15.0, 0.16];;;;;;;;12.65243997;;0.158654318;;;;;;;;;;;;925.6643601;;25012.90662;;;;;0.308683205;0.314664666;28.35015325;0.611501923;0.229127055;12.1436504;0.026487044;0.208805366;2.315214017;0.117075728;0.146344661;1.557889474;0.347716915;0.049957035;11.09172679;-80.50932742;-77.13156851
Model_iteration_20;['YX_C', 'Xmax'];[0.35, 1.15];[0.8, 1.2];;;;;;;0.799433036;;1.174779623;;;;;;;;;;;;101.4818124;;11212.66849;;;;;;0.104967969;0.107001969;9.151183362;0.685147577;0.256721755;14.51361879;0.044418396;0.350163622;4.137810382;0.041341791;0.051677239;0.544874234;0.347896398;0.049982821;7.086871692;-80.46804406;-77.09028515
Model_iteration_28;['YX_C', 'YX_N', 'Xmax'];[0.35, 10.0, 1.15];[0.8, 15.0, 1.2];;;;;;;0.769900956;11.21181903;1.152709791;;;;;;;;;;;;102.9969712;738.0221431;11221.99081;;;;;;0.094773422;0.096609879;8.330279942;0.671171026;0.251484803;14.18091501;0.024602942;0.193952418;2.104896795;0.038210532;0.047763165;0.493782932;0.339675543;0.048801718;6.277468671;-80.3811523;-75.31451394
Model_iteration_27;['YX_C', 'YX_N', 'Xmax', 'mu_max'];[0.35, 10.0, 1.15, 0.08];[0.8, 15.0, 1.2, 0.16];;;;;;;0.723482672;13.77164504;1.165601358;0.102599784;;;;;;;;;;;78.76039737;376.3460246;4097.99313;8273.124119;;;;;0.111627214;0.113790253;8.924946602;0.649606104;0.243404523;13.87199071;0.033160977;0.261417994;2.719930523;0.065385519;0.081731899;0.800950376;0.331596005;0.047640918;6.579454554;-80.30703231;-73.55151449
Model_iteration_31;['YX_C', 'YX_N', 'Xmax', 'mu_max'];[0.35, 10.0, 1.15, 0.08];[0.8, 15.0, 1.2, 0.16];;;;;;;0.7833159;13.9755971;1.188914462;0.141617626;;;;;;;;;;;101.1192414;579.6601786;7434.311944;14188.33347;;;;;0.108764861;0.110872435;8.597496391;0.655863805;0.245749256;13.87517438;0.02933395;0.231248382;2.421468227;0.04257835;0.053222938;0.518276112;0.333414353;0.047902163;6.353103778;-79.86954081;-73.11402299
Model_iteration_49;['YX_C', 'YX_N'];[0.35, 10.0];[0.8, 15.0];;;;;;;0.478485926;12.90983099;;;;;;;;;;;;;216.5615051;853.8204247;;;;;;;0.303293381;0.309170401;27.10246412;0.621499336;0.232873042;12.36492708;0.026327642;0.207548747;2.222321999;0.113773877;0.142217347;1.489020661;0.350672903;0.050381726;10.79468346;-79.83211128;-76.45435237
Model_iteration_12;['YX_C', 'YX_N', 'Xmax'];[0.35, 10.0, 1.15];[0.8, 15.0, 1.2];;;;;;;0.370392503;12.5227405;1.19246372;;;;;;;;;;;;222.5587979;688.911596;11157.20705;;;;;;0.114402016;0.116618823;9.765466972;0.672625056;0.252029622;13.76577262;0.025735873;0.202883657;2.196139996;0.044595763;0.055744703;0.582324945;0.342112337;0.049151816;6.577426133;-79.80929008;-74.74265172
Model_iteration_12;['YX_C'];[0.35];[0.8];;;;;;;0.473967037;;;;;;;;;;;;;;218.7702679;;;;;;;;0.303416066;0.309295463;27.11823881;0.641386056;0.240324507;12.84732054;0.036064074;0.284303985;3.139013631;0.113828644;0.142285805;1.489950365;0.359755111;0.051686581;11.14863084;-79.78653816;-78.09765871
Model_iteration_1;['YX_C', 'Xmax', 'mu_max'];[0.35, 1.15, 0.08];[0.8, 1.2, 0.16];;;;;;;0.754757321;;1.153288102;0.12127109;;;;;;;;;;;89.36622902;;5839.994186;10977.31158;;;;;0.09365837;0.095473221;7.191649341;0.674879605;0.252874391;14.43039081;0.046518383;0.366718456;4.352964296;0.046007639;0.057509549;0.620091908;0.34224079;0.049170271;6.64877409;-79.77925799;-74.71261963
Model_iteration_47;['YX_C', 'YX_N', 'Xmax', 'mu_max', 'pH_UL'];[0.35, 10.0, 1.15, 0.08, 5.5];[0.8, 15.0, 1.2, 0.16, 21.0];;;;;;;0.471111823;13.53543251;1.169092567;0.09609058;;9.054455107;;;;;;;;;339.0416154;804.2180538;10171.81381;8.648912916;;78.33299873;;;0.256228614;0.261193644;31.87146926;0.578745747;0.216853462;9.081345333;0.021186853;0.167022357;1.592647534;0.151720384;0.18965048;1.489080608;0.325602403;0.046779808;11.00863568;-79.76626107;-71.3218638
Model_iteration_4;['YX_N', 'pH_UL'];[10.0, 5.5];[15.0, 21.0];;;;;;;;12.43626328;;;;7.484358589;;;;;;;;;;971.8456636;;;;132990.7318;;;0.311366458;0.317399913;28.73293087;0.618009449;0.231565397;12.2854353;0.027016512;0.212979317;2.407138671;0.118482843;0.148103553;1.57966255;0.351302159;0.050472132;11.25129185;-79.68868602;-76.31092711
Model_iteration_15;['YX_C', 'pH_UL'];[0.35, 5.5];[0.8, 21.0];;;;;;;0.780397985;;;;;8.54943802;;;;;;;;;231.706777;;;;;1308765.983;;;0.44421982;0.45282762;54.60134671;0.508942011;0.190698312;9.324995109;0.030238491;0.238379153;2.538513066;0.210596074;0.263245093;2.554438418;0.354125081;0.050877706;17.25482333;-79.04840744;-75.67064853
Model_iteration_31;['YX_C', 'Xmax', 'mu_max'];[0.35, 1.15, 0.08];[0.8, 1.2, 0.16];;;;;;;0.796837346;;1.191062467;0.129435845;;;;;;;;;;;93.08982437;;6589.57178;12491.61719;;;;;0.106884064;0.108955194;7.436345365;0.680689812;0.25505145;14.53195684;0.044863061;0.353669053;4.172098905;0.044199535;0.055249418;0.578238797;0.345951267;0.049703361;6.679659977;-78.91658887;-73.8499505
Model_iteration_43;['YX_C', 'YX_N', 'Xmax'];[0.35, 10.0, 1.15];[0.8, 15.0, 1.2];;;;;;;0.362988675;11.70704628;1.17725729;;;;;;;;;;;;223.7121219;724.617181;11165.89124;;;;;;0.106053232;0.108108262;9.209069954;0.682252557;0.255637004;14.00684661;0.024854337;0.195934245;2.131181243;0.041698542;0.052123178;0.548268411;0.346075262;0.049721176;6.473841556;-78.88792069;-73.82128232
Model_iteration_16;['YX_C', 'YX_N', 'Xmax', 'mu_max'];[0.35, 10.0, 1.15, 0.08];[0.8, 15.0, 1.2, 0.16];;;;;;;0.728282386;12.98192979;1.155970107;0.10401832;;;;;;;;;;;78.82983228;403.9538128;4226.047564;8426.545144;;;;;0.10836364;0.11046344;8.673734897;0.66334024;0.248550643;14.19938934;0.031570768;0.248881894;2.587363852;0.06390029;0.079875363;0.781325857;0.337950778;0.048553919;6.560453485;-78.78840169;-72.03288387
Model_iteration_19;['YX_C', 'Xmax', 'mu_max'];[0.35, 1.15, 0.08];[0.8, 1.2, 0.16];;;;;;;0.714741427;;1.190376209;0.080648324;;;;;;;;;;;59.33681134;;2182.78649;5237.743067;;;;;0.142398255;0.145157555;9.93201821;0.670199435;0.251120753;14.33935704;0.048658179;0.383587112;4.567368441;0.098785263;0.123481579;1.024286442;0.346976473;0.049850654;7.465757534;-78.67986413;-73.61322577
Model_iteration_2;['YX_C', 'Xmax', 'mu_max'];[0.35, 1.15, 0.08];[0.8, 1.2, 0.16];;;;;;;0.714870522;;1.167864632;0.08523564;;;;;;;;;;;62.97161866;;2543.123699;5783.243282;;;;;0.133524136;0.136111479;9.628160614;0.677426736;0.25382879;14.53077215;0.048803986;0.384736554;4.586268153;0.091650408;0.11456301;0.953163769;0.349112197;0.050157497;7.424591171;-78.18895421;-73.12231584
Model_iteration_20;['YX_C', 'Xmax', 'mu_max'];[0.35, 1.15, 0.08];[0.8, 1.2, 0.16];;;;;;;0.78995838;;1.172954164;0.128987326;;;;;;;;;;;91.97506115;;6532.829576;12278.55937;;;;;0.098464956;0.100372945;7.107480387;0.690862789;0.258863219;14.77243513;0.045460977;0.358382609;4.239903228;0.042328829;0.052911037;0.572446627;0.350301717;0.050328397;6.673066343;-77.91683587;-72.85019751
Model_iteration_35;['YX_C', 'YX_N', 'Xmax', 'mu_max'];[0.35, 10.0, 1.15, 0.08];[0.8, 15.0, 1.2, 0.16];;;;;;;0.779463278;10.99877026;1.160019234;0.148618406;;;;;;;;;;;101.8880059;750.7335171;7773.701422;14811.33334;;;;;0.097258029;0.099142631;8.43081101;0.676432632;0.253456304;14.31592619;0.024561051;0.193622181;2.080064708;0.038858293;0.048572866;0.500228878;0.342466583;0.049202711;6.331757696;-77.72649548;-70.97097766
Model_iteration_11;['YX_C', 'Xmax', 'mu_max'];[0.35, 1.15, 0.08];[0.8, 1.2, 0.16];;;;;;;0.716090899;;1.161052708;0.086190246;;;;;;;;;;;63.48722833;;2620.003854;5886.633418;;;;;0.131682181;0.134233832;9.5114579;0.682961817;0.25590276;14.66666589;0.048903038;0.385517416;4.598160111;0.090408853;0.113011066;0.940230044;0.351547403;0.050507367;7.429128487;-77.63285733;-72.56621896
Model_iteration_47;['YX_C', 'Xmax', 'pH_UL'];[0.35, 1.15, 5.5];[0.8, 1.2, 21.0];;;;;;;0.37522295;;1.167738717;;;6.36944563;;;;;;;;;340.1393257;;6963.02547;;;457014.5926;;;0.153517948;0.156492718;20.81585796;0.678538703;0.254245439;13.55556126;0.042824733;0.337600298;3.983289381;0.100255937;0.125319921;1.039418175;0.352089386;0.050585235;9.848531695;-77.50961591;-72.44297755
Model_iteration_32;['YX_C'];[0.35];[0.8];;;;;;;0.46842914;;;;;;;;;;;;;;221.3750162;;;;;;;;0.303411082;0.309290383;27.11767954;0.66604913;0.249565652;13.44262506;0.036064308;0.284305831;3.139037573;0.113826553;0.142283191;1.489917264;0.370788635;0.053271785;11.29731486;-77.36984768;-75.68096822
Model_iteration_34;['YX_C', 'YX_N', 'Xmax', 'mu_max'];[0.35, 10.0, 1.15, 0.08];[0.8, 15.0, 1.2, 0.16];;;;;;;0.796343533;10.72698233;1.179830493;0.137744021;;;;;;;;;;;96.60769771;722.8729949;7154.358377;13550.13002;;;;;0.10272609;0.104716649;7.757611005;0.684290429;0.256400585;14.57169124;0.025416007;0.200362054;2.113522603;0.041118117;0.051397646;0.519426996;0.346822258;0.049828498;6.24056296;-76.7154285;-69.95991068
Model_iteration_45;['YX_C', 'Xmax', 'mu_max'];[0.35, 1.15, 0.08];[0.8, 1.2, 0.16];;;;;;;0.757993506;;1.199660631;0.086839158;;;;;;;;;;;62.36246993;;2676.2036;6134.061308;;;;;0.13655733;0.139203448;10.19093231;0.698200561;0.26161265;15.01942924;0.047760119;0.376507439;4.464914137;0.08786318;0.109828976;0.953879897;0.359211948;0.051608544;7.657288896;-75.9074144;-70.84077603
Model_iteration_17;['YX_C', 'YX_N', 'mu_max'];[0.35, 10.0, 0.08];[0.8, 15.0, 0.16];;;;;;;0.44966609;12.67089518;;0.103997115;;;;;;;;;;;162.560146;500.4759373;;17644.14654;;;;;0.275000816;0.280329601;21.42523434;0.661394184;0.247821464;12.57270066;0.029897701;0.235692604;2.65698368;0.105277037;0.131596297;1.341649528;0.362299891;0.052052194;9.499142052;-75.22263865;-70.15600029
Model_iteration_42;['YX_C', 'YX_N'];[0.35, 10.0];[0.8, 15.0];;;;;;;0.467592957;10.13938649;;;;;;;;;;;;;221.5328357;1084.442213;;;;;;;0.303194371;0.309069473;27.09004483;0.669290281;0.250780097;13.5218221;0.03951999;0.31154801;3.535061682;0.113730176;0.14216272;1.488286802;0.37228104;0.053486201;11.40880385;-75.04849815;-71.67073924
Model_iteration_25;['YX_C', 'YX_N'];[0.35, 10.0];[0.8, 15.0];;;;;;;0.467028588;11.1797529;;;;;;;;;;;;;221.8467481;984.5393935;;;;;;;0.303233245;0.3091091;27.09497505;0.671957238;0.251779394;13.5856576;0.032522477;0.256384505;2.96188042;0.113747415;0.142184268;1.488577714;0.373320612;0.053635558;11.28277269;-74.82541433;-71.44765542
Model_iteration_45;['YX_C', 'Xmax', 'pH_UL'];[0.35, 1.15, 5.5];[0.8, 1.2, 21.0];;;;;;;0.77363643;;1.15762549;;;8.262181065;;;;;;;;;156.7559734;;11049.50547;;;245839.0516;;;0.235127192;0.239683332;25.56321862;0.680841652;0.255108344;14.71015786;0.041214538;0.324906646;3.787910914;0.128893607;0.161117008;1.262548451;0.36644998;0.052648444;11.33095896;-74.31145979;-69.24482143
Model_iteration_6;['YX_C', 'YX_N', 'mu_max'];[0.35, 10.0, 0.08];[0.8, 15.0, 0.16];;;;;;;0.466876038;13.20801586;;0.143513904;;;;;;;;;;;215.9174526;789.8166476;;22582.5879;;;;;0.298831646;0.30462221;26.10887356;0.661215709;0.24775459;13.29481693;0.026187192;0.20644154;2.151221314;0.111396251;0.139245314;1.432107619;0.36728785;0.052768822;10.74675485;-74.12875238;-69.06211402
Model_iteration_47;['YX_C', 'YX_N', 'Xmax'];[0.35, 10.0, 1.15];[0.8, 15.0, 1.2];;;;;;;0.364137592;10.96294191;1.19951542;;;;;;;;;;;;227.877968;791.4816537;11149.27353;;;;;;0.118501274;0.120797514;10.06960036;0.725083891;0.271685715;15.01554514;0.024711987;0.194812056;2.027184273;0.046067583;0.057584479;0.597569784;0.3682805;0.052911437;6.927474888;-73.91283231;-68.84619395
Model_iteration_12;['YX_N', 'pH_UL'];[10.0, 5.5];[15.0, 21.0];;;;;;;;13.39429081;;;;6.317134092;;;;;;;;;;847.6547268;;;;2125198.336;;;0.330715165;0.337123547;42.83636871;0.667243754;0.250013272;13.35064339;0.019273896;0.151941944;1.595838879;0.164824402;0.206030503;2.10365119;0.381485686;0.054808647;14.97162554;-73.09455596;-69.71679705
Model_iteration_37;['YX_C'];[0.35];[0.8];;;;;;;0.458369902;;;;;;;;;;;;;;226.278232;;;;;;;;0.30340156;0.309280676;27.11661454;0.712798308;0.267082361;14.56072812;0.036064755;0.284309349;3.139083231;0.11382257;0.142278212;1.489854297;0.391915226;0.056307076;11.57657005;-72.93677779;-71.24789833
Model_iteration_5;['YX_C', 'YX_N', 'Xmax', 'mu_max'];[0.35, 10.0, 1.15, 0.08];[0.8, 15.0, 1.2, 0.16];;;;;;;0.759072927;13.35618876;1.159473873;0.096845334;;;;;;;;;;;69.56322562;356.0001349;3550.843665;7389.844042;;;;;0.117302359;0.119575368;9.175769153;0.713971232;0.267521851;15.40067944;0.033101868;0.260952018;2.691050832;0.073601167;0.092001459;0.846742572;0.364014982;0.052298604;7.028560499;-72.84482013;-66.08930232
Model_iteration_16;['YX_C', 'YX_N', 'mu_max', 'pH_UL'];[0.35, 10.0, 0.08, 5.5];[0.8, 15.0, 0.16, 21.0];;;;;;;0.790681838;12.21295905;;0.105357782;;9.077631315;;;;;;;;;278.5334666;1157.992183;;9.767798672;;88.38633667;;;0.454456377;0.463262534;59.84475291;0.530127367;0.198636371;9.838096236;0.025387301;0.200135761;2.258416785;0.226052701;0.282565876;2.704256404;0.367188631;0.052754567;18.66138058;-72.15036658;-65.39484877
Model_iteration_46;['YX_C', 'YX_N', 'mu_max'];[0.35, 10.0, 0.08];[0.8, 15.0, 0.16];;;;;;;0.448923873;10.37875435;;0.118018891;;;;;;;;;;;190.3132512;749.1746926;;19277.74499;;;;;0.280753194;0.286193446;21.4959463;0.691402765;0.259065546;13.58346112;0.037765973;0.297720565;3.24632926;0.104307563;0.130384454;1.270294657;0.377215613;0.054195159;9.899007834;-71.99506693;-66.92842857
Model_iteration_42;['YX_C', 'mu_max'];[0.35, 0.08];[0.8, 0.16];;;;;;;0.460081956;;;0.154208905;;;;;;;;;;;228.4299719;;;24242.76237;;;;;0.30609669;0.312028031;27.73272881;0.711622794;0.266641901;14.55125058;0.035852222;0.28263389;3.120224658;0.11540966;0.144262075;1.524212352;0.392016249;0.05632159;11.7321041;-70.91615916;-67.53840026
Model_iteration_44;['YX_C', 'YX_N'];[0.35, 10.0];[0.8, 15.0];;;;;;;0.457950447;12.86458296;;;;;;;;;;;;;226.3303794;856.6190496;;;;;;;0.303273995;0.30915064;27.10028634;0.714474154;0.267710293;14.60124556;0.026414676;0.208234866;2.23902223;0.113765723;0.142207154;1.488890803;0.392456624;0.056384859;11.35736123;-70.82634075;-67.44858184
Model_iteration_20;['YX_C', 'YX_N', 'mu_max'];[0.35, 10.0, 0.08];[0.8, 15.0, 0.16];;;;;;;0.444393668;13.32094507;;0.114890153;;;;;;;;;;;186.7427479;560.2483302;;18904.0469;;;;;0.27917461;0.284584272;21.12173905;0.707061676;0.264932871;13.88148207;0.028154574;0.221951008;2.388044786;0.104090457;0.130113071;1.258220611;0.383895226;0.05515483;9.662371631;-70.59084892;-65.52421056
Model_iteration_11;['YX_C', 'YX_N', 'mu_max'];[0.35, 10.0, 0.08];[0.8, 15.0, 0.16];;;;;;;0.434363783;12.41795803;;0.095110174;;;;;;;;;;;147.8510389;441.6062769;;16521.64178;;;;;0.272164806;0.277438637;22.30002164;0.71563277;0.268144421;14.14435731;0.031076084;0.244982152;2.79567072;0.108805936;0.13600742;1.44131426;0.386978164;0.05559776;10.17034098;-69.9509609;-64.88432253
Model_iteration_21;['YX_C', 'mu_max'];[0.35, 0.08];[0.8, 0.16];;;;;;;0.452586614;;;0.145682692;;;;;;;;;;;225.001759;;;22908.43193;;;;;0.30047138;0.306293718;26.46179036;0.733047737;0.274669732;15.01768676;0.036296868;0.286139168;3.159827247;0.112229011;0.140286263;1.452566992;0.400485595;0.057538394;11.52296784;-69.20619839;-65.82843948
Model_iteration_46;['YX_C', 'Xmax', 'mu_max', 'pH_UL'];[0.35, 1.15, 0.08, 5.5];[0.8, 1.2, 0.16, 21.0];;;;;;;0.773038607;;1.188252163;0.127484019;;6.109688485;;;;;;;;;316.9333807;;5501.541166;299.1600818;;14865.8053;;;0.275549465;0.280888881;40.46878217;0.687774091;0.257705898;14.83539145;0.039334257;0.310083825;3.545855228;0.184676314;0.230845392;1.705647435;0.382300024;0.054925644;15.13891907;-68.9239661;-62.16844828
Model_iteration_8;['YX_C', 'YX_N', 'mu_max'];[0.35, 10.0, 0.08];[0.8, 15.0, 0.16];;;;;;;0.434907013;10.92949327;;0.103092883;;;;;;;;;;;165.9996336;571.3435133;;17538.42444;;;;;0.274670238;0.279992617;21.53108417;0.73001853;0.273534702;14.11919468;0.035099407;0.276699223;3.203749592;0.105522816;0.13190352;1.35242219;0.393934584;0.0565972;10.05161266;-68.52563308;-63.45899472
Model_iteration_14;['pH_UL'];[5.5];[21.0];;;;;;;;;;;;6.259634472;;;;;;;;;;;;;;2514021.156;;;0.356391375;0.363297293;48.15779179;0.726113883;0.272071648;14.30783123;0.03222692;0.254054541;2.7946312;0.184584825;0.230731032;2.288943843;0.415140433;0.059643877;16.88729952;-68.33107393;-66.64219447
Model_iteration_1;['YX_C', 'pH_UL'];[0.35, 5.5];[0.8, 21.0];;;;;;;0.572682945;;;;;8.635559246;;;;;;;;;342.8381995;;;;;1561671.632;;;0.448006529;0.456687706;56.76510092;0.640723385;0.240076208;10.36755856;0.029969628;0.236259626;2.510772864;0.216854797;0.271068497;2.619740339;0.405943496;0.058322539;18.06579317;-68.12330412;-64.74554521
Model_iteration_50;['YX_C', 'Xmax'];[0.35, 1.15];[0.8, 1.2];;;;;;;0.352156577;;1.199320426;;;;;;;;;;;;235.7814344;;11148.56941;;;;;;0.118476178;0.120771931;10.07430183;0.800718671;0.300025731;16.80110723;0.043622901;0.3438925;4.047691998;0.046064172;0.057580215;0.59811119;0.405959315;0.058324812;7.880303063;-68.12018678;-64.74242788
Model_iteration_24;['Xmax', 'mu_max', 'pH_UL'];[1.15, 0.08, 5.5];[1.2, 0.16, 21.0];;;;;;;;;1.165356804;0.147160107;;9.142780641;;;;;;;;;;;11059.84079;6.342900336;;57.06036048;;;0.320404648;0.326613239;47.39015588;0.694689869;0.26029721;9.962313261;0.039176354;0.30883903;3.47775082;0.210658622;0.263323277;1.858943355;0.397229466;0.057070581;15.67229083;-67.85929322;-62.79265486
Model_iteration_48;['YX_N', 'Xmax', 'mu_max', 'pH_UL'];[10.0, 1.15, 0.08, 5.5];[15.0, 1.2, 0.16, 21.0];;;;;;;;14.70483793;1.178375541;0.148294108;;9.074898892;;;;;;;;;;749.6890339;10481.58626;10.44150182;;94.56767361;;;0.315944229;0.322066389;46.19258028;0.682547868;0.255747656;10.01888314;0.022638513;0.178466233;1.63509743;0.205726789;0.257158486;1.855363419;0.390041139;0.056037823;14.92548107;-67.32024479;-60.56472698
Model_iteration_41;['YX_C', 'YX_N', 'Xmax', 'mu_max', 'pH_UL'];[0.35, 10.0, 1.15, 0.08, 5.5];[0.8, 15.0, 1.2, 0.16, 21.0];;;;;;;0.570455639;12.67391976;1.193860321;0.158511308;;5.998298385;;;;;;;;;580.1039926;1041.442847;9636.931918;210.3270203;;10997.85857;;;0.346348671;0.353059988;51.87894524;0.642565345;0.240766382;10.07137869;0.018467352;0.145583711;1.513976088;0.224654587;0.280818234;1.982331933;0.38198768;0.054880769;16.36165799;-66.98935374;-58.54495647
Model_iteration_43;['Xmax', 'mu_max', 'pH_UL'];[1.15, 0.08, 5.5];[1.2, 0.16, 21.0];;;;;;;;;1.191289852;0.159946742;;9.01884507;;;;;;;;;;;11116.65861;13.25347103;;120.6742118;;;0.327259121;0.333600533;47.99549255;0.703936409;0.263761847;10.34442792;0.038205248;0.301183503;3.379783616;0.211316912;0.264146141;1.910370485;0.402721827;0.057859677;15.90751864;-66.76073693;-61.69409857
Model_iteration_15;['YX_C', 'mu_max'];[0.35, 0.08];[0.8, 0.16];;;;;;;0.447056294;;;0.146512175;;;;;;;;;;;228.5743096;;;23032.43781;;;;;0.301040426;0.30687379;26.58880754;0.762159343;0.285577722;15.70932782;0.036251387;0.285780627;3.155757867;0.112529423;0.140661779;1.459857106;0.413971387;0.059475919;11.72843758;-66.5566737;-63.17891479
Model_iteration_21;['YX_C', 'YX_N', 'Xmax', 'mu_max', 'pH_UL'];[0.35, 10.0, 1.15, 0.08, 5.5];[0.8, 15.0, 1.2, 0.16, 21.0];;;;;;;0.796710281;12.44195241;1.156835851;0.105859209;;6.51731286;;;;;;;;;89.37919919;491.8401083;727.2465177;381.2022357;;11288.69075;;;0.085680746;0.087341012;9.429620822;0.765638684;0.286881415;16.63613178;0.028096058;0.221489704;2.346769345;0.05293311;0.066166388;0.622613333;0.386372581;0.055510755;7.25878382;-66.07625106;-57.63185379
Model_iteration_2;['YX_C', 'mu_max'];[0.35, 0.08];[0.8, 0.16];;;;;;;0.446406687;;;0.152490808;;;;;;;;;;;234.0933763;;;23964.57277;;;;;0.305002099;0.31091223;27.48213679;0.776081492;0.290794289;16.07020539;0.035938093;0.283310833;3.127833179;0.114752227;0.143440283;1.510321068;0.421244698;0.060520887;12.04762411;-65.16331066;-61.78555176
Model_iteration_6;['YX_N', 'mu_max', 'pH_UL'];[10.0, 0.08, 5.5];[15.0, 0.16, 21.0];;;;;;;;11.28621119;;0.091711476;;6.14750123;;;;;;;;;;1020.514706;;1174.090903;;56205.9615;;;0.351265892;0.358072492;49.45630859;0.717627468;0.268891826;13.88204921;0.025534796;0.201298509;2.060494965;0.190682886;0.238353607;2.284703902;0.410910239;0.059036119;16.92088917;-65.15043877;-60.08380041
Model_iteration_41;['YX_C', 'Xmax', 'pH_UL'];[0.35, 1.15, 5.5];[0.8, 1.2, 21.0];;;;;;;0.402605293;;1.174764781;;;8.30150175;;;;;;;;;311.9876688;;11078.04526;;;251253.1476;;;0.246043811;0.250811486;27.02715759;0.771957177;0.289248927;13.28720098;0.040498345;0.319260681;3.707923019;0.134066406;0.167583008;1.327904972;0.411117185;0.059065851;11.33754664;-65.11015877;-60.04352041
Model_iteration_19;['YX_C', 'Xmax', 'mu_max', 'pH_UL'];[0.35, 1.15, 0.08, 5.5];[0.8, 1.2, 0.16, 21.0];;;;;;;0.770001129;;1.151918512;0.102759253;;6.938653545;;;;;;;;;57.04400902;;389.783948;548.1445301;;4707.088237;;;0.127805716;0.130282252;7.708868476;0.785820733;0.294443539;17.1717613;0.049922454;0.393553778;4.728155986;0.09258046;0.115725575;0.946550722;0.40153204;0.057688738;7.638834122;-64.99743577;-58.24191796
Model_iteration_44;['YX_C', 'YX_N', 'Xmax', 'pH_UL'];[0.35, 10.0, 1.15, 5.5];[0.8, 15.0, 1.2, 21.0];;;;;;;0.381084194;13.5283023;1.198593994;;;7.876303681;;;;;;;;;272.6876771;818.5326422;10502.61674;;;187380.1567;;;0.189426012;0.193096585;19.89888891;0.779274383;0.291990651;15.48065713;0.023213831;0.183001635;1.894104989;0.097590066;0.121987582;1.077935777;0.404108117;0.058058847;9.587896702;-64.48582561;-57.7303078
Model_iteration_28;['YX_C', 'Xmax', 'pH_UL'];[0.35, 1.15, 5.5];[0.8, 1.2, 21.0];;;;;;;0.63905252;;1.167146402;;;18.4144604;;;;;;;;;609.9586223;;181084.1032;;;1722.816749;;;0.375723982;0.383004515;56.92412221;0.703023953;0.263419954;12.08423946;0.038724968;0.305280612;3.335382459;0.241682695;0.302103369;2.038420606;0.416929651;0.059900937;18.59554118;-63.98702186;-58.92038349
Model_iteration_21;['YX_N', 'mu_max', 'pH_UL'];[10.0, 0.08, 5.5];[15.0, 0.16, 21.0];;;;;;;;14.62853269;;0.127390188;;7.987073019;;;;;;;;;;955.1634372;;688.3865345;;5587.83463;;;0.364059254;0.371113756;38.82260947;0.733918616;0.274996047;14.4254325;0.021023096;0.165731412;1.7018832;0.158242269;0.197802837;2.018914879;0.417330283;0.059958497;14.24221001;-63.91018595;-58.84354759
Model_iteration_17;['YX_C', 'Xmax', 'pH_UL'];[0.35, 1.15, 5.5];[0.8, 1.2, 21.0];;;;;;;0.620999849;;1.176748182;;;19.01409305;;;;;;;;;634.112101;;73220.88478;;;1135.852743;;;0.381340551;0.388729918;57.80387924;0.700338137;0.26241359;11.44293185;0.038346877;0.302300006;3.290721452;0.243826724;0.304783405;2.068850244;0.41737755;0.059965288;18.6515957;-63.90112577;-58.8344874
Model_iteration_7;['YX_C', 'Xmax', 'pH_UL'];[0.35, 1.15, 5.5];[0.8, 1.2, 21.0];;;;;;;0.63315701;;1.178711684;;;5.507750356;;;;;;;;;623.4228946;;296473.541;;;150.2741203;;;0.382513217;0.389925307;57.98495706;0.700999402;0.262661363;11.73010557;0.038258868;0.301606206;3.280288461;0.244333829;0.305417287;2.075948496;0.417995001;0.060053998;18.7678249;-63.78286446;-58.7162261
Model_iteration_32;['YX_C', 'Xmax', 'pH_UL'];[0.35, 1.15, 5.5];[0.8, 1.2, 21.0];;;;;;;0.59739947;;1.179365961;;;11.6734242;;;;;;;;;660.0115592;;311243.6934;;;701.1529305;;;0.382846386;0.390264932;58.03617916;0.702839476;0.263350831;10.82968605;0.03829046;0.301855255;3.284103133;0.244133589;0.305166987;2.07322148;0.418814414;0.060171724;18.55579746;-63.62619067;-58.55955231
Model_iteration_11;['YX_C', 'Xmax', 'pH_UL'];[0.35, 1.15, 5.5];[0.8, 1.2, 21.0];;;;;;;0.638746668;;1.183453259;;;20.37985311;;;;;;;;;620.3131106;;210341.302;;;8.536719883;;;0.385342633;0.392809549;58.41834558;0.701324049;0.262783007;11.7995419;0.038082644;0.300216981;3.259406727;0.245345149;0.306681436;2.090041488;0.418923888;0.060187452;18.89183392;-63.60528215;-58.53864379
Model_iteration_5;['YX_C', 'Xmax', 'pH_UL'];[0.35, 1.15, 5.5];[0.8, 1.2, 21.0];;;;;;;0.623956915;;1.194851084;;;10.14450688;;;;;;;;;635.3916866;;327947.0946;;;29535.45991;;;0.392139719;0.399738345;59.468455;0.700438138;0.26245106;11.25297461;0.0377413;0.29752606;3.220764133;0.24728753;0.309109413;2.116933984;0.420405362;0.060400298;19.01478193;-63.32287094;-58.25623258
Model_iteration_8;['YX_C', 'mu_max', 'pH_UL'];[0.35, 0.08, 5.5];[0.8, 0.16, 21.0];;;;;;;0.523542157;;;0.113801107;;8.297275381;;;;;;;;;266.7637797;;;158.8377745;;1403.725859;;;0.419669477;0.427801556;46.10553244;0.706036236;0.264548643;12.18624499;0.031472548;0.248107594;2.672489157;0.187349553;0.234186942;2.257062653;0.421515128;0.06055974;15.80533231;-63.11196893;-58.04533057
Model_iteration_9;['YX_C', 'Xmax', 'pH_UL'];[0.35, 1.15, 5.5];[0.8, 1.2, 21.0];;;;;;;0.592365369;;1.191207786;;;14.60021631;;;;;;;;;673.9111957;;186561.7825;;;31.63206796;;;0.390035088;0.397592932;59.12682227;0.70686578;0.264859469;10.68991337;0.037794693;0.297946976;3.225912201;0.24701274;0.308765925;2.113012397;0.422560745;0.060709965;18.78891506;-62.91376536;-57.847127
Model_iteration_42;['YX_C', 'Xmax', 'pH_UL'];[0.35, 1.15, 5.5];[0.8, 1.2, 21.0];;;;;;;0.674250537;;1.19769984;;;15.47551745;;;;;;;;;596.7527134;;56814.85519;;;675.5917544;;;0.394040455;0.401675912;59.80071085;0.706962364;0.264895659;12.48885536;0.037537843;0.29592215;3.20156749;0.248521098;0.310651373;2.133498833;0.423743876;0.060879948;19.40615814;-62.69008576;-57.6234474
Model_iteration_47;['Xmax', 'pH_UL'];[1.15, 5.5];[1.2, 21.0];;;;;;;;;1.157551443;;;9.337052412;;;;;;;;;;;11421.13824;;;44681.9804;;;0.350970729;0.35777161;52.87480207;0.760268639;0.284869283;10.35958452;0.039298868;0.309804843;3.436670057;0.229141904;0.28642738;1.944467676;0.434522516;0.062428532;17.15388108;-62.68060116;-59.30284225
Model_iteration_39;['YX_C', 'Xmax', 'pH_UL'];[0.35, 1.15, 5.5];[0.8, 1.2, 21.0];;;;;;;0.536131005;;1.150119935;;;17.05189447;;;;;;;;;713.8359712;;132931.4554;;;1648.638395;;;0.366109151;0.373203374;55.36393903;0.72591378;0.27199667;10.58104855;0.039399938;0.310601605;3.414706116;0.237942077;0.297427596;1.983758556;0.424015186;0.060918927;17.83586306;-62.63888059;-57.57224223
Model_iteration_13;['YX_C', 'Xmax', 'mu_max', 'pH_UL'];[0.35, 1.15, 0.08, 5.5];[0.8, 1.2, 0.16, 21.0];;;;;;;0.61593457;;1.157675244;0.131537645;;11.60149192;;;;;;;;;624.6824471;;49857.633;0.811887697;;5.134109664;;;0.370264753;0.377439501;56.04743891;0.700478839;0.262466311;11.66054206;0.039150067;0.308631795;3.385464335;0.239295632;0.29911954;2.003873786;0.4142951;0.059522427;18.27432977;-62.49414063;-55.73862281
Model_iteration_46;['YX_C', 'YX_N', 'Xmax', 'pH_UL'];[0.35, 10.0, 1.15, 5.5];[0.8, 15.0, 1.2, 21.0];;;;;;;0.614338897;13.26810725;1.159952427;;;14.83250595;;;;;;;;;628.8577782;821.1326399;179589.5417;;;29.43178211;;;0.371598189;0.378798775;56.26362951;0.700309598;0.262402897;11.55956251;0.021077979;0.166164073;1.617101768;0.240035234;0.300044042;2.01462065;0.414300598;0.059523217;17.86372861;-62.49307896;-55.73756114
Model_iteration_29;['YX_C', 'Xmax', 'pH_UL'];[0.35, 1.15, 5.5];[0.8, 1.2, 21.0];;;;;;;0.563678555;;1.188489413;;;9.608736253;;;;;;;;;690.4901896;;33473.26355;;;19846.91169;;;0.38591446;0.393392457;58.47617768;0.716117506;0.26832605;10.58083776;0.038027389;0.299781387;3.257442669;0.244553329;0.305691661;2.088433587;0.425148993;0.061081823;18.60072293;-62.42524794;-57.35860957
Model_iteration_18;['YX_C', 'YX_N', 'Xmax', 'pH_UL'];[0.35, 10.0, 1.15, 5.5];[0.8, 15.0, 1.2, 21.0];;;;;;;0.606931561;11.5826167;1.163341636;;;12.20669301;;;;;;;;;638.5146197;943.5271203;170903.4396;;;90.57874504;;;0.373502289;0.380739771;56.5700615;0.700201073;0.262362233;11.304433;0.020764791;0.163695119;1.708984535;0.240635139;0.300793924;2.023375515;0.414765581;0.059590022;17.90171364;-62.40334268;-55.64782486
Model_iteration_16;['YX_C', 'YX_N', 'Xmax', 'pH_UL'];[0.35, 10.0, 1.15, 5.5];[0.8, 15.0, 1.2, 21.0];;;;;;;0.632480262;12.91062558;1.158235724;;;5.67565809;;;;;;;;;610.534945;843.9722598;22398.91355;;;355.3294222;;;0.370586076;0.37776705;56.09973319;0.702814665;0.263341535;12.06470483;0.020630176;0.162633908;1.633335934;0.239759559;0.299699449;2.010603097;0.415088167;0.059636368;17.95209426;-62.34114656;-55.58562874
Model_iteration_25;['YX_C', 'Xmax', 'mu_max', 'pH_UL'];[0.35, 1.15, 0.08, 5.5];[0.8, 1.2, 0.16, 21.0];;;;;;;0.608958299;;1.164634161;0.135891408;;18.41367104;;;;;;;;;638.1477901;;287591.1767;5.727419933;;920.2161681;;;0.374276395;0.381528878;56.69382439;0.70025026;0.262380663;11.32362088;0.038824805;0.306067655;3.347148569;0.241122075;0.301402594;2.030361552;0.41535541;0.059674764;18.34873885;-62.28965721;-55.53413939
Model_iteration_50;['YX_C', 'Xmax', 'mu_max', 'pH_UL'];[0.35, 1.15, 0.08, 5.5];[0.8, 1.2, 0.16, 21.0];;;;;;;0.596968317;;1.164678418;0.142890154;;12.90986229;;;;;;;;;650.045676;;33927.15943;2.519324456;;14.83668972;;;0.374277434;0.381529936;56.69400221;0.701168907;0.262724876;10.99154424;0.038848909;0.30625768;3.350019212;0.240978505;0.301223131;2.028329383;0.415722657;0.059727527;18.26597376;-62.21895443;-55.46343661
Model_iteration_14;['YX_C', 'YX_N', 'Xmax', 'mu_max', 'pH_UL'];[0.35, 10.0, 1.15, 0.08, 5.5];[0.8, 15.0, 1.2, 0.16, 21.0];;;;;;;0.711279119;12.15273176;1.154141319;0.107156541;;5.945440659;;;;;;;;;462.1668148;880.7559636;9736.403345;153.1169592;;9378.091674;;;0.331849512;0.338279874;49.80149975;0.70651279;0.264727205;14.41141658;0.018715206;0.147537621;1.542307676;0.220153146;0.275191433;1.882824666;0.405617458;0.058275697;16.90951217;-62.18758291;-53.74318564
Model_iteration_48;['YX_C', 'Xmax', 'pH_UL'];[0.35, 1.15, 5.5];[0.8, 1.2, 21.0];;;;;;;0.53034605;;1.150566775;;;17.3055075;;;;;;;;;721.0919549;;195986.8724;;;15.50550648;;;0.366356016;0.373455023;55.40495186;0.731437607;0.274066424;10.56036365;0.039381645;0.310457396;3.412562305;0.238042101;0.297552627;1.985247645;0.426448314;0.061268499;17.84078136;-62.18112839;-57.11449002
Model_iteration_7;['YX_C', 'Xmax', 'mu_max', 'pH_UL'];[0.35, 1.15, 0.08, 5.5];[0.8, 1.2, 0.16, 21.0];;;;;;;0.621335915;;1.173088667;0.101261459;;15.32370485;;;;;;;;;630.4403058;;153310.5019;2.920762122;;12.2746474;;;0.379168725;0.386516008;57.46620002;0.700357165;0.26242072;11.5225641;0.038506534;0.303558629;3.309620697;0.242912015;0.303640019;2.055965185;0.416760747;0.059876671;18.5885875;-62.01943761;-55.26391979
Model_iteration_3;['YX_C', 'YX_N', 'Xmax', 'pH_UL'];[0.35, 10.0, 1.15, 5.5];[0.8, 15.0, 1.2, 21.0];;;;;;;0.647716314;11.03543967;1.170844663;;;9.770688148;;;;;;;;;594.365678;996.8736183;113083.7804;;;22310.22669;;;0.377150658;0.384458836;57.14687123;0.704084439;0.263817313;12.28517918;0.022190385;0.174933502;1.783021058;0.241498666;0.301873332;2.038352841;0.4173702;0.059964232;18.31335608;-61.90253455;-55.14701673
Model_iteration_47;['YX_C', 'YX_N', 'Xmax', 'pH_UL'];[0.35, 10.0, 1.15, 5.5];[0.8, 15.0, 1.2, 21.0];;;;;;;0.654895795;14.53296545;1.160044216;;;20.73835652;;;;;;;;;590.9656242;937.1724173;292366.5555;;;1340.931844;;;0.371661425;0.378863236;56.27383731;0.708660444;0.265531922;12.70046053;0.023569598;0.185806257;1.843437053;0.240135913;0.300169892;2.016066732;0.417897303;0.060039961;18.20845041;-61.80156512;-55.04604731
Model_iteration_48;['YX_C', 'Xmax', 'mu_max', 'pH_UL'];[0.35, 1.15, 0.08, 5.5];[0.8, 1.2, 0.16, 21.0];;;;;;;0.585934813;;1.170372778;0.150484496;;14.91454816;;;;;;;;;666.5481283;;12298.47631;5.140787063;;27.9456626;;;0.3775871;0.384903735;57.21832794;0.704556957;0.263994364;10.71936454;0.038608355;0.304361321;3.321638577;0.242336932;0.302921165;2.047785729;0.418088004;0.06006736;18.3267792;-61.76506653;-55.00954872
Model_iteration_23;['YX_C', 'Xmax', 'mu_max', 'pH_UL'];[0.35, 1.15, 0.08, 5.5];[0.8, 1.2, 0.16, 21.0];;;;;;;0.656262673;;1.161547502;0.080682569;;11.81243848;;;;;;;;;587.0341995;;18393.34028;0.696692224;;4.423060327;;;0.372425877;0.379642501;56.397245;0.709116097;0.265702653;12.75459378;0.039015255;0.307569033;3.369653353;0.240034416;0.30004302;2.014724327;0.418534761;0.060131546;18.63405411;-61.67962659;-54.92410877
Model_iteration_4;['YX_C', 'Xmax', 'pH_UL'];[0.35, 1.15, 5.5];[0.8, 1.2, 21.0];;;;;;;0.71029638;;1.18875343;;;20.18113225;;;;;;;;;565.4541217;;236384.9785;;;875.0368467;;;0.388549525;0.396078583;58.90388093;0.723595875;0.271128162;13.83701569;0.037875858;0.298586822;3.2348417;0.24654401;0.308180013;2.106576027;0.429179524;0.061660896;19.52057859;-61.67039823;-56.60375987
Model_iteration_35;['YX_C', 'Xmax', 'mu_max', 'pH_UL'];[0.35, 1.15, 0.08, 5.5];[0.8, 1.2, 0.16, 21.0];;;;;;;0.601882632;;1.181081772;0.139643181;;11.02503501;;;;;;;;;654.3246075;;35083.38626;6.355975816;;44.52445447;;;0.383840679;0.391278492;58.18878156;0.702031098;0.263047935;10.89127627;0.038243928;0.301488426;3.278622432;0.244392419;0.305490524;2.076881241;0.418739651;0.060160983;18.60889038;-61.64047281;-54.88495499
Model_iteration_2;['YX_C', 'Xmax', 'pH_UL'];[0.35, 1.15, 5.5];[0.8, 1.2, 21.0];;;;;;;0.711234602;;1.163208736;;;14.66028887;;;;;;;;;545.5633017;;12876.91206;;;95.31430739;;;0.373450968;0.380687456;56.56182017;0.73388693;0.274984174;14.43057883;0.038891649;0.306594613;3.35503172;0.240744765;0.300930957;2.024925299;0.429396744;0.061692104;19.093089;-61.62991816;-56.5632798
Model_iteration_44;['YX_C', 'pH_UL'];[0.35, 5.5];[0.8, 21.0];;;;;;;0.530743366;;;;;8.435920574;;;;;;;;;312.8856488;;;;;1012581.052;;;0.440869687;0.449412571;52.33451945;0.733766499;0.274939049;12.47546436;0.030547821;0.240817695;2.568379369;0.204396483;0.255495604;2.479607454;0.440309677;0.063259982;17.46449266;-61.62215899;-58.24440008
Model_iteration_6;['YX_C', 'YX_N', 'Xmax', 'pH_UL'];[0.35, 10.0, 1.15, 5.5];[0.8, 15.0, 1.2, 21.0];;;;;;;0.662527412;12.00563625;1.154660232;;;11.21336614;;;;;;;;;579.1200424;902.5086521;317145.9982;;;5630.957409;;;0.368569263;0.375711157;55.77039915;0.713192961;0.267230236;13.12126616;0.020252542;0.159656906;1.677241759;0.238614856;0.29826857;1.993848909;0.418877881;0.060180842;18.14068899;-61.6140684;-54.85855058
Model_iteration_30;['YX_C', 'Xmax', 'pH_UL'];[0.35, 1.15, 5.5];[0.8, 1.2, 21.0];;;;;;;0.712675227;;1.190811995;;;15.77333337;;;;;;;;;560.5946434;;298637.1113;;;416.7620592;;;0.389797933;0.397351182;59.09131953;0.724112266;0.271321651;13.86887748;0.03780475;0.298026255;3.226867755;0.246955777;0.308694722;2.112227297;0.429737524;0.061741064;19.57482302;-61.56645328;-56.49981492
Model_iteration_26;['YX_C', 'Xmax', 'mu_max', 'pH_UL'];[0.35, 1.15, 0.08, 5.5];[0.8, 1.2, 0.16, 21.0];;;;;;;0.7901751;;1.195180795;0.145943115;;9.191680663;;;;;;;;;404.8940167;;11147.0171;4.889889027;;43.74621103;;;0.345678285;0.352376612;51.41499931;0.730513718;0.273720247;15.53867741;0.037932139;0.299030504;3.324254703;0.222452246;0.278065307;1.979956022;0.419543686;0.0602765;18.06447186;-61.48700959;-54.73149177
Model_iteration_17;['YX_C', 'Xmax', 'mu_max', 'pH_UL'];[0.35, 1.15, 0.08, 5.5];[0.8, 1.2, 0.16, 21.0];;;;;;;0.596842245;;1.182598937;0.093346991;;20.88583605;;;;;;;;;662.9625711;;122023.5144;8.084846495;;10.98656673;;;0.384825803;0.392282705;58.33953534;0.703752148;0.263692805;10.77748454;0.038119445;0.300507095;3.263777203;0.245131663;0.306414579;2.087082186;0.419791796;0.060312146;18.61696982;-61.43971315;-54.68419533
Model_iteration_43;['YX_C', 'YX_N', 'Xmax', 'pH_UL'];[0.35, 10.0, 1.15, 5.5];[0.8, 15.0, 1.2, 21.0];;;;;;;0.61790025;11.11136419;1.191022862;;;18.262517;;;;;;;;;646.8225925;1180.124849;89867.52324;;;938.6006255;;;0.389932329;0.397488182;59.1114607;0.700980459;0.262654266;11.10891276;0.022902819;0.180549834;1.837776206;0.247043386;0.308804233;2.113418325;0.419814185;0.060315363;18.542892;-61.43544662;-54.67992881
Model_iteration_48;['YX_C', 'YX_N', 'Xmax', 'pH_UL'];[0.35, 10.0, 1.15, 5.5];[0.8, 15.0, 1.2, 21.0];;;;;;;0.650930327;10.10134391;1.188852112;;;10.50973561;;;;;;;;;607.3107322;1111.052502;326946.2601;;;27427.67894;;;0.38850395;0.396032124;58.89679386;0.702837076;0.263349932;12.05487422;0.02781942;0.219308886;2.428768607;0.246045427;0.307556784;2.099846962;0.420186728;0.060368887;18.87007091;-61.36448605;-54.60896824
Model_iteration_15;['YX_C', 'YX_N'];[0.35, 10.0];[0.8, 15.0];;;;;;;0.436790041;14.69340746;;;;;;;;;;;;;237.4354479;751.1752099;;;;;;;0.303290896;0.309167867;27.10281914;0.821762052;0.307910592;17.12779297;0.025302931;0.199470645;2.130497463;0.113773805;0.142217256;1.489039674;0.441832252;0.063478733;11.96253731;-61.34599921;-57.9682403
Model_iteration_47;['YX_C', 'Xmax', 'mu_max', 'pH_UL'];[0.35, 1.15, 0.08, 5.5];[0.8, 1.2, 0.16, 21.0];;;;;;;0.612459728;;1.191425044;0.13561525;;17.951341;;;;;;;;;651.9308484;;9628.530434;1.590082261;;4.148883062;;;0.390176975;0.397737569;59.14807552;0.701701029;0.26292426;10.94904381;0.037776013;0.297799712;3.224150389;0.247124999;0.308906249;2.114535478;0.420452197;0.060407027;18.8589513;-61.31395909;-54.55844127
Model_iteration_9;['YX_C', 'YX_N', 'Xmax', 'pH_UL'];[0.35, 10.0, 1.15, 5.5];[0.8, 15.0, 1.2, 21.0];;;;;;;0.646166835;14.13407849;1.193914719;;;15.59245617;;;;;;;;;620.2727725;799.9676507;146402.3389;;;919.3779965;;;0.391701053;0.399291179;59.39056439;0.701487991;0.262844436;11.8192741;0.02171783;0.171208213;1.636317327;0.247658416;0.309573021;2.121808154;0.420512031;0.060415623;18.74199099;-61.30257519;-54.54705737
Model_iteration_22;['YX_C', 'Xmax', 'mu_max', 'pH_UL'];[0.35, 1.15, 0.08, 5.5];[0.8, 1.2, 0.16, 21.0];;;;;;;0.651391173;;1.191088812;0.108680427;;17.10709927;;;;;;;;;613.0965051;;156675.8922;5.962784518;;1752.343082;;;0.389966372;0.397522884;59.11654506;0.702544302;0.263240231;11.99868793;0.037793914;0.297940837;3.225841837;0.247018905;0.308773631;2.113091707;0.420740118;0.060448393;19.11354163;-61.25919466;-54.50367684
Model_iteration_27;['YX_C', 'YX_N', 'Xmax', 'pH_UL'];[0.35, 10.0, 1.15, 5.5];[0.8, 15.0, 1.2, 21.0];;;;;;;0.644058782;13.61929526;1.196349048;;;16.04115164;;;;;;;;;623.8929475;832.2133651;50909.19107;;;301.8893762;;;0.393205162;0.400824433;59.65463793;0.701092046;0.262696077;11.7235482;0.020865078;0.164485707;1.624635379;0.248224923;0.310281154;2.129492731;0.42077052;0.060452761;18.78307856;-61.25341426;-54.49789644
Model_iteration_23;['YX_N', 'Xmax', 'mu_max', 'pH_UL'];[10.0, 1.15, 0.08, 5.5];[15.0, 1.2, 0.16, 21.0];;;;;;;;11.13728427;1.168732889;0.0977465;;9.690858051;;;;;;;;;;978.1976244;11058.23221;31.60718891;;265.8015893;;;0.340616803;0.347217052;50.9999894;0.736520465;0.275970948;10.33039062;0.019597707;0.154494643;1.61158652;0.222513809;0.278142262;1.93080258;0.420826172;0.060460756;16.21819228;-61.24283396;-54.48731614
Model_iteration_11;['YX_C', 'Xmax', 'mu_max', 'pH_UL'];[0.35, 1.15, 0.08, 5.5];[0.8, 1.2, 0.16, 21.0];;;;;;;0.550651329;;1.155290553;0.102869764;;13.96553863;;;;;;;;;697.4465338;;155616.5102;5.785753428;;31.79173691;;;0.368958335;0.376107768;55.83411646;0.716887189;0.268614447;10.62077925;0.039216918;0.309158801;3.393274953;0.238937284;0.298671605;1.998549708;0.420917595;0.060473891;17.96168009;-61.22545609;-54.46993827
Model_iteration_35;['YX_N', 'mu_max', 'pH_UL'];[10.0, 0.08, 5.5];[15.0, 0.16, 21.0];;;;;;;;13.44068153;;0.083752498;;8.39580548;;;;;;;;;;1041.837562;;282.7489173;;2515.969871;;;0.376081269;0.383368726;40.31697573;0.759243906;0.284485321;14.72720986;0.021853073;0.172274374;1.693317706;0.165112046;0.206390057;2.068909247;0.431748762;0.062030022;14.70160313;-61.19291432;-56.12627596
Model_iteration_14;['YX_C', 'Xmax', 'pH_UL'];[0.35, 1.15, 5.5];[0.8, 1.2, 21.0];;;;;;;0.727022317;;1.192703756;;;14.54441853;;;;;;;;;550.5121206;;120960.6184;;;187.396986;;;0.39095191;0.398527519;59.26383157;0.730758831;0.273812089;14.25473528;0.03773673;0.297490036;3.22042349;0.247351489;0.309189361;2.117636402;0.432856409;0.06218916;19.71415668;-60.98793796;-55.9212996
Model_iteration_21;['YX_C', 'Xmax', 'pH_UL'];[0.35, 1.15, 5.5];[0.8, 1.2, 21.0];;;;;;;0.515661823;;1.151408628;;;10.43801347;;;;;;;;;736.2845724;;315933.9742;;;28084.23826;;;0.366720462;0.373826531;55.46565325;0.746571264;0.279736938;10.50768336;0.039429779;0.31083685;3.418311326;0.237748601;0.297185751;1.981040886;0.432992972;0.06220878;17.84317221;-60.9627026;-55.89606424
Model_iteration_35;['YX_C', 'YX_N', 'mu_max', 'pH_UL'];[0.35, 10.0, 0.08, 5.5];[0.8, 15.0, 0.16, 21.0];;;;;;;0.562396578;10.65923356;;0.102290314;;9.083581448;;;;;;;;;380.5197243;1326.994969;;8.51685356;;77.0661516;;;0.452701015;0.461473158;59.06370644;0.676480029;0.253474063;11.13363527;0.036624211;0.288719715;3.193006348;0.223702851;0.279628564;2.683646954;0.422477141;0.060697954;19.01849875;-60.92959509;-54.17407727
Model_iteration_8;['Xmax', 'pH_UL'];[1.15, 5.5];[1.2, 21.0];;;;;;;;;1.174878834;;;9.330859438;;;;;;;;;;;11436.56148;;;46064.74234;;;0.360381199;0.36736443;54.34190236;0.776900699;0.291101243;10.71040139;0.038613499;0.304401869;3.358101038;0.232747336;0.29093417;1.998225851;0.444159777;0.063813132;17.60215766;-60.92567385;-57.54791494
Model_iteration_40;['YX_C', 'YX_N', 'Xmax', 'pH_UL'];[0.35, 10.0, 1.15, 5.5];[0.8, 15.0, 1.2, 21.0];;;;;;;0.54385442;11.89747412;1.156513399;;;12.66610795;;;;;;;;;708.0328489;912.9690807;136659.4498;;;819.9535846;;;0.369640817;0.376803475;55.94571049;0.722291479;0.27063941;10.59646631;0.02032255;0.160208799;1.685335638;0.23918004;0.29897505;2.002127949;0.423071924;0.060783407;17.5574101;-60.81704647;-54.06152866
Model_iteration_29;['YX_C', 'Xmax', 'mu_max', 'pH_UL'];[0.35, 1.15, 0.08, 5.5];[0.8, 1.2, 0.16, 21.0];;;;;;;0.678404039;;1.181394614;0.092963594;;11.09541789;;;;;;;;;577.5591815;;9555.226236;31.82157889;;229.7566174;;;0.383988474;0.391429151;58.21135823;0.712439164;0.266947792;13.04676551;0.0382527;0.301557579;3.279697159;0.244332859;0.305416073;2.076095757;0.423136658;0.060792708;19.15347916;-60.80480665;-54.04928884
Model_iteration_14;['YX_C', 'YX_N', 'Xmax', 'pH_UL'];[0.35, 10.0, 1.15, 5.5];[0.8, 15.0, 1.2, 21.0];;;;;;;0.684924533;13.92007564;1.150328728;;;19.29604579;;;;;;;;;558.955444;775.9433166;68022.65937;;;1111.111054;;;0.366227335;0.373323848;55.38357357;0.724604689;0.271506159;13.91305703;0.022532663;0.177631784;1.716272828;0.238010823;0.297513529;1.984776809;0.423181784;0.060799191;18.24942006;-60.79627547;-54.04075765
Model_iteration_31;['YX_C', 'YX_N', 'Xmax', 'pH_UL'];[0.35, 10.0, 1.15, 5.5];[0.8, 15.0, 1.2, 21.0];;;;;;;0.679693125;10.2843414;1.188323849;;;14.16459813;;;;;;;;;586.1474566;1092.904587;305711.0662;;;1107.446379;;;0.38827299;0.395796689;58.86221219;0.710800335;0.266333729;12.88968822;0.026751751;0.210892133;2.30656793;0.246341037;0.307926296;2.103809542;0.423495157;0.060844214;19.04056947;-60.73705599;-53.98153817
Model_iteration_27;['YX_C', 'Xmax', 'mu_max', 'pH_UL'];[0.35, 1.15, 0.08, 5.5];[0.8, 1.2, 0.16, 21.0];;;;;;;0.592578669;;1.195100648;0.131460107;;16.18751398;;;;;;;;;676.3301416;;58376.27894;0.379164345;;1.620451431;;;0.392432123;0.400036416;59.51909142;0.70776723;0.265197238;10.68434834;0.037638079;0.296712337;3.211077729;0.247931571;0.309914463;2.125518517;0.423622506;0.06086251;18.885009;-60.71300284;-53.95748503
Model_iteration_32;['YX_C', 'YX_N', 'Xmax', 'mu_max', 'pH_UL'];[0.35, 10.0, 1.15, 0.08, 5.5];[0.8, 15.0, 1.2, 0.16, 21.0];;;;;;;0.587539501;11.14951991;1.154399798;0.111331517;;14.95118384;;;;;;;;;653.5028131;971.749948;72130.81012;7.738013661;;637.2625953;;;0.368470306;0.375610282;55.75406507;0.70159901;0.262886034;10.91155311;0.021442226;0.169035543;1.729956622;0.238796349;0.298495436;1.996454314;0.413973128;0.059476169;17.59800728;-60.55633722;-52.11193995
Model_iteration_24;['YX_C', 'YX_N', 'Xmax', 'pH_UL'];[0.35, 10.0, 1.15, 5.5];[0.8, 15.0, 1.2, 21.0];;;;;;;0.536515255;10.22163439;1.156134083;;;13.0792331;;;;;;;;;717.3661362;1251.704969;14689.83366;;;98.7433494;;;0.369433108;0.376591741;55.91178081;0.728353906;0.272910975;10.5723075;0.025132966;0.198130755;2.108578193;0.239125368;0.29890671;2.001314162;0.425673831;0.061157227;17.64849517;-60.32655049;-53.57103267
Model_iteration_38;['YX_C', 'Xmax', 'pH_UL'];[0.35, 1.15, 5.5];[0.8, 1.2, 21.0];;;;;;;0.742275192;;1.182156279;;;16.12409355;;;;;;;;;533.0740085;;197677.0588;;;20.58410985;;;0.384557208;0.392008905;58.29851294;0.743612852;0.278628434;14.90441779;0.038141499;0.300680953;3.266398488;0.245003081;0.306253851;2.08530055;0.436556297;0.062720728;19.63865744;-60.307035;-55.24039664
Model_iteration_37;['YX_C', 'YX_N', 'Xmax', 'mu_max', 'pH_UL'];[0.35, 10.0, 1.15, 0.08, 5.5];[0.8, 15.0, 1.2, 0.16, 21.0];;;;;;;0.642090623;10.25360283;1.150951093;0.131808405;;18.98072583;;;;;;;;;596.1074339;1041.593189;116473.1003;3.614680492;;927.9404542;;;0.366569443;0.373672585;55.44036434;0.706476209;0.264713499;12.47130358;0.024704629;0.194754049;2.052381655;0.238136199;0.297670248;1.986645526;0.415572183;0.059705908;17.98767378;-60.24791631;-51.80351904
Model_iteration_22;['YX_C', 'Xmax', 'pH_UL'];[0.35, 1.15, 5.5];[0.8, 1.2, 21.0];;;;;;;0.738269343;;1.151033379;;;15.50321722;;;;;;;;;518.443268;;31938.4868;;;21.35354262;;;0.366609239;0.373713152;55.44697673;0.755886732;0.283227402;15.44924767;0.03936862;0.310354713;3.411042441;0.238111466;0.297639332;1.986289301;0.437039484;0.062790149;19.07338904;-60.21853881;-55.15190044
Model_iteration_2;['YX_C', 'YX_N', 'Xmax', 'pH_UL'];[0.35, 10.0, 1.15, 5.5];[0.8, 15.0, 1.2, 21.0];;;;;;;0.710384203;13.13912718;1.190670837;;;5.835473916;;;;;;;;;553.8985992;854.6395332;15565.22356;;;35922.92425;;;0.386127933;0.393610066;58.50267067;0.720480575;0.269960872;13.81048534;0.020331741;0.160281255;1.63336116;0.24524252;0.30655315;2.100067071;0.426832611;0.061323711;19.01164606;-60.10906827;-53.35355045
Model_iteration_30;['YX_C', 'YX_N', 'mu_max', 'pH_UL'];[0.35, 10.0, 0.08, 5.5];[0.8, 15.0, 0.16, 21.0];;;;;;;0.552792179;13.52140782;;0.112379958;;8.934735052;;;;;;;;;363.9643021;1045.777661;;11.23908705;;102.6913723;;;0.449249653;0.457954918;57.40827362;0.692494856;0.259474748;11.56116439;0.020260152;0.159716891;1.694310396;0.218757346;0.273446682;2.638163162;0.427094728;0.06136137;18.32547789;-60.05995562;-53.30443781
Model_iteration_28;['YX_C', 'YX_N', 'Xmax', 'pH_UL'];[0.35, 10.0, 1.15, 5.5];[0.8, 15.0, 1.2, 21.0];;;;;;;0.70349659;14.4384716;1.160655258;;;19.5753102;;;;;;;;;550.0544527;755.890651;319867.192;;;12.91070546;;;0.372007088;0.379215597;56.32965514;0.730510756;0.273719137;14.24993114;0.02333395;0.183948573;1.816143592;0.240262167;0.300327709;2.01790662;0.427289603;0.061389368;18.60340912;-60.02346146;-53.26794364
Model_iteration_3;['YX_C', 'Xmax', 'pH_UL'];[0.35, 1.15, 5.5];[0.8, 1.2, 21.0];;;;;;;0.519545218;;1.166319589;;;14.85591065;;;;;;;;;748.3801932;;186068.7009;;;29.24209817;;;0.37523787;0.382508984;56.84695811;0.753553128;0.282353011;10.49402379;0.038768113;0.305620736;3.34048076;0.241436884;0.301796105;2.034906663;0.438303694;0.062971779;18.17909233;-59.98745957;-54.92082121
Model_iteration_18;['YX_C', 'YX_N', 'Xmax', 'mu_max', 'pH_UL'];[0.35, 10.0, 1.15, 0.08, 5.5];[0.8, 15.0, 1.2, 0.16, 21.0];;;;;;;0.633035331;13.09555199;1.176139701;0.129851882;;14.99096978;;;;;;;;;620.8396407;844.9748996;5055.790504;0.033183705;;0.152655006;;;0.380968673;0.388350834;57.74626776;0.701158319;0.262720909;11.78100862;0.020577185;0.162216158;1.636011592;0.243609971;0.304512463;2.065819193;0.417291672;0.059952949;18.30727679;-59.91758797;-51.4731907
Model_iteration_23;['YX_C', 'YX_N', 'Xmax', 'mu_max', 'pH_UL'];[0.35, 10.0, 1.15, 0.08, 5.5];[0.8, 15.0, 1.2, 0.16, 21.0];;;;;;;0.57714977;14.45545761;1.16352274;0.151016025;;20.48037794;;;;;;;;;672.5542525;767.5702168;66823.84448;9.13743819;;327.4435762;;;0.373642467;0.380882665;56.59248184;0.706140064;0.264587547;10.68899776;0.023273494;0.183471982;1.809009052;0.24089913;0.301123913;2.027138356;0.417377686;0.059965307;17.77940675;-59.90109972;-51.45670245
Model_iteration_18;['YX_C', 'Xmax', 'mu_max', 'pH_UL'];[0.35, 1.15, 0.08, 5.5];[0.8, 1.2, 0.16, 21.0];;;;;;;0.557635208;;1.183154443;0.112694094;;18.14617857;;;;;;;;;710.0593976;;87784.27018;2.328922923;;8.532571574;;;0.385157452;0.39262078;58.39012063;0.724093156;0.271314491;10.59637667;0.038100474;0.300357542;3.261529935;0.245240275;0.306550344;2.088593102;0.428442412;0.061554994;18.58415509;-59.80791564;-53.05239782
Model_iteration_30;['YX_C', 'YX_N', 'Xmax', 'mu_max', 'pH_UL'];[0.35, 10.0, 1.15, 0.08, 5.5];[0.8, 15.0, 1.2, 0.16, 21.0];;;;;;;0.639889423;13.91258689;1.181228001;0.104332826;;14.93546276;;;;;;;;;617.5842312;801.3351941;67437.73116;8.970177052;;952.2039585;;;0.383989063;0.391429752;58.211593;0.701668579;0.262912101;11.87484226;0.021651969;0.170689011;1.629822965;0.24472431;0.305905388;2.081434883;0.418373395;0.060108362;18.44942328;-59.71047638;-51.26607911
Model_iteration_38;['YX_C', 'YX_N', 'Xmax', 'pH_UL'];[0.35, 10.0, 1.15, 5.5];[0.8, 15.0, 1.2, 21.0];;;;;;;0.563714613;11.79079028;1.190899801;;;18.14810586;;;;;;;;;708.9210206;956.1870007;328011.4017;;;439.0453045;;;0.389856873;0.397411264;59.10016038;0.722943174;0.270883598;10.6030689;0.021009187;0.165621764;1.717615399;0.247014026;0.308767533;2.11301732;0.428979175;0.061632111;18.3834655;-59.70775237;-52.95223455
Model_iteration_5;['mu_max', 'pH_UL'];[0.08, 5.5];[0.16, 21.0];;;;;;;;;;0.158725136;;6.216563198;;;;;;;;;;;;1202.069735;;46399.25988;;;0.384714382;0.392169125;53.63199742;0.789978021;0.296001257;15.29498011;0.031272803;0.246532948;2.678288739;0.20398237;0.254977963;2.465719496;0.451291819;0.064837804;18.51774644;-59.65128792;-56.27352901
Model_iteration_40;['pH_UL'];[5.5];[21.0];;;;;;;;;;;;6.184659937;;;;;;;;;;;;;;2917041.404;;;0.393962018;0.401595956;55.69847608;0.811015612;0.303883949;15.57442058;0.031007471;0.244441253;2.643189041;0.211165429;0.263956787;2.522329797;0.463277643;0.066559826;19.10960387;-59.55429958;-57.86542013
Model_iteration_25;['YX_C', 'Xmax', 'pH_UL'];[0.35, 1.15, 5.5];[0.8, 1.2, 21.0];;;;;;;0.759070389;;1.18661575;;;11.10828813;;;;;;;;;522.6010836;;297477.3781;;;8418.800476;;;0.38718111;0.394683651;58.69728302;0.752286995;0.281878597;15.29260501;0.03802154;0.299735278;3.252237693;0.245676602;0.307095752;2.094717022;0.440921638;0.063347904;19.83421069;-59.5110488;-54.44441044
Model_iteration_28;['YX_C', 'Xmax', 'mu_max', 'pH_UL'];[0.35, 1.15, 0.08, 5.5];[0.8, 1.2, 0.16, 21.0];;;;;;;0.714634159;;1.171913447;0.115063236;;17.40397232;;;;;;;;;547.7393775;;173236.9341;2.57788541;;7.553314734;;;0.378490423;0.385824562;57.36010662;0.732176517;0.27434329;14.3372701;0.038542564;0.303842666;3.313864204;0.242711049;0.303388811;2.053099688;0.430038264;0.061784272;19.26608515;-59.51048698;-52.75496916
Model_iteration_21;['YX_C', 'YX_N', 'Xmax', 'pH_UL'];[0.35, 10.0, 1.15, 5.5];[0.8, 15.0, 1.2, 21.0];;;;;;;0.717425247;12.63296669;1.163659846;;;13.25501261;;;;;;;;;540.9617954;866.8198953;314637.6794;;;381.6240017;;;0.373698957;0.380940251;56.60154049;0.737325528;0.276272601;14.60653229;0.020334705;0.160304621;1.650490579;0.240783282;0.300979103;2.025498859;0.43060711;0.061865999;18.72101555;-59.40473452;-52.64921671
Model_iteration_44;['YX_C', 'YX_N', 'Xmax', 'mu_max', 'pH_UL'];[0.35, 10.0, 1.15, 0.08, 5.5];[0.8, 15.0, 1.2, 0.16, 21.0];;;;;;;0.670788675;12.39585918;1.153522649;0.084494323;;17.00929283;;;;;;;;;571.993283;869.6494463;9694.882876;5.024176934;;119.0969866;;;0.367985217;0.375115793;55.6743052;0.716789082;0.268577686;13.39500357;0.020277669;0.15985499;1.656008679;0.238633072;0.29829134;1.994032998;0.420284616;0.06038295;18.17983761;-59.34585116;-50.90145389
Model_iteration_33;['YX_C', 'YX_N', 'Xmax', 'mu_max', 'pH_UL'];[0.35, 10.0, 1.15, 0.08, 5.5];[0.8, 15.0, 1.2, 0.16, 21.0];;;;;;;0.658886233;11.76515163;1.185509675;0.091359313;;18.93484997;;;;;;;;;602.5553728;950.7629516;21769.10884;0.083868929;;0.278080715;;;0.386575503;0.394066309;58.60569327;0.704919751;0.264130301;12.27558651;0.020933244;0.165023085;1.715094334;0.245767514;0.307209393;2.095894312;0.420473646;0.060410108;18.67306711;-59.30987803;-50.86548076
Model_iteration_43;['YX_C', 'YX_N', 'Xmax', 'mu_max', 'pH_UL'];[0.35, 10.0, 1.15, 0.08, 5.5];[0.8, 15.0, 1.2, 0.16, 21.0];;;;;;;0.643397514;12.79225117;1.195600291;0.145487781;;14.87310693;;;;;;;;;623.2893405;882.7194865;156377.6307;8.196821755;;30.84288867;;;0.392737112;0.400347314;59.57263014;0.7010697;0.262687704;11.72122398;0.020241768;0.159571964;1.664421539;0.24802038;0.310025475;2.126727424;0.420614135;0.060430293;18.77125077;-59.28315279;-50.83875552
Model_iteration_4;['YX_C', 'YX_N', 'Xmax', 'mu_max', 'pH_UL'];[0.35, 10.0, 1.15, 0.08, 5.5];[0.8, 15.0, 1.2, 0.16, 21.0];;;;;;;0.548723764;13.83724462;1.155617429;0.141654233;;10.45458044;;;;;;;;;694.640669;782.7228472;33341.84962;46.60459356;;358.9068937;;;0.369055966;0.376207291;55.85026281;0.717573057;0.268871438;10.61490055;0.022263615;0.175510802;1.686630861;0.238640641;0.298300801;1.994306204;0.420879562;0.060468427;17.53652511;-59.23268498;-50.78828771
Model_iteration_6;['YX_C', 'Xmax', 'pH_UL'];[0.35, 1.15, 5.5];[0.8, 1.2, 21.0];;;;;;;0.76662069;;1.199688908;;;9.887158316;;;;;;;;;518.6567876;;268265.8092;;;25306.36772;;;0.394974894;0.402628458;59.96564703;0.75127055;0.281497739;15.25304533;0.037569764;0.296173792;3.204225587;0.248226019;0.310282524;2.130216709;0.442560801;0.063583405;20.13828367;-59.21419369;-54.14755533
Model_iteration_39;['YX_C', 'Xmax', 'mu_max', 'pH_UL'];[0.35, 1.15, 0.08, 5.5];[0.8, 1.2, 0.16, 21.0];;;;;;;0.722473507;;1.17450549;0.08577185;;14.49580839;;;;;;;;;542.9802458;;41510.23672;0.957074936;;4.546073131;;;0.379990319;0.387353522;57.59429456;0.735658387;0.275647931;14.51963872;0.038460324;0.303194343;3.304172106;0.24317128;0.3039641;2.05964936;0.431913583;0.062053702;19.36943869;-59.16237999;-52.40686218
Model_iteration_16;['YX_C', 'Xmax', 'mu_max', 'pH_UL'];[0.35, 1.15, 0.08, 5.5];[0.8, 1.2, 0.16, 21.0];;;;;;;0.562337064;;1.197605277;0.085145235;;15.40569387;;;;;;;;;714.3575528;;81289.44951;3.940665534;;14.84914425;;;0.393969008;0.401603081;59.78828481;0.726916488;0.27237238;10.58788682;0.037552009;0.296033826;3.202904199;0.248433994;0.310542492;2.13233451;0.432073131;0.062076625;18.92785258;-59.13283364;-52.37731583
Model_iteration_8;['YX_C', 'YX_N', 'Xmax', 'mu_max', 'pH_UL'];[0.35, 10.0, 1.15, 0.08, 5.5];[0.8, 15.0, 1.2, 0.16, 21.0];;;;;;;0.676601354;13.60589839;1.151919026;0.155101918;;14.25265395;;;;;;;;;566.0505797;793.6513376;160108.4236;8.172006135;;31.53931559;;;0.367094204;0.374207515;55.52729478;0.720021525;0.269788868;13.62162416;0.021858526;0.172317358;1.650136847;0.238269985;0.297837481;1.988654926;0.421437875;0.060548641;18.19692768;-59.12663213;-50.68223486
Model_iteration_45;['YX_C', 'Xmax', 'mu_max', 'pH_UL'];[0.35, 1.15, 0.08, 5.5];[0.8, 1.2, 0.16, 21.0];;;;;;;0.554972873;;1.190912967;0.139086211;;18.69135127;;;;;;;;;719.5293901;;132408.0705;10.97707688;;14.83956665;;;0.389864986;0.397419534;59.10137538;0.730188135;0.273598252;10.57466463;0.037794336;0.297944161;3.225886134;0.247018506;0.308773133;2.113078815;0.432323945;0.06211266;18.75375124;-59.08640792;-52.3308901
Model_iteration_20;['Xmax', 'pH_UL'];[1.15, 5.5];[1.2, 21.0];;;;;;;;;1.150319476;;;15.22289722;;;;;;;;;;;42629.81532;;;639.1727735;;;0.366214141;0.373310399;55.38140127;0.796603602;0.298483833;10.56950461;0.039398067;0.310586855;3.414493993;0.237950302;0.297437877;1.9838914;0.454659941;0.065321707;17.83732282;-59.05644167;-55.67868276
Model_iteration_7;['YX_C', 'YX_N', 'Xmax', 'mu_max', 'pH_UL'];[0.35, 10.0, 1.15, 0.08, 5.5];[0.8, 15.0, 1.2, 0.16, 21.0];;;;;;;0.675259253;14.60640846;1.174819071;0.096126647;;18.63238081;;;;;;;;;581.2851594;757.2764387;103556.7145;4.122079377;;869.9715554;;;0.380196142;0.387563333;57.62632805;0.712502624;0.26697157;13.04687998;0.023235555;0.183172895;1.804502649;0.243363562;0.304204452;2.062335147;0.421892999;0.060614029;18.63501146;-59.04028433;-50.59588706
Model_iteration_12;['Xmax', 'pH_UL'];[1.15, 5.5];[1.2, 21.0];;;;;;;;;1.15167426;;;11.1145855;;;;;;;;;;;285054.1996;;;7957.583097;;;0.366905613;0.374015269;55.49621753;0.796604007;0.298483984;10.5702655;0.039394328;0.310557381;3.414121311;0.237952398;0.297440497;1.984020263;0.454799662;0.065341781;17.86615615;-59.03186086;-55.65410195
Model_iteration_8;['YX_C', 'Xmax', 'pH_UL'];[0.35, 1.15, 5.5];[0.8, 1.2, 21.0];;;;;;;0.763918705;;1.155445872;;;20.61782819;;;;;;;;;503.9438843;;55116.81015;;;189.8598468;;;0.369071239;0.376222859;55.8525557;0.770435624;0.288678808;16.02126499;0.039183553;0.308895781;3.389325876;0.239130224;0.29891278;2.001346082;0.443988526;0.063788528;19.31612316;-58.95652473;-53.88988636
Model_iteration_38;['Xmax', 'pH_UL'];[1.15, 5.5];[1.2, 21.0];;;;;;;;;1.151667619;;;13.52280255;;;;;;;;;;;275425.4243;;;856.4568715;;;0.366949189;0.37405969;55.50331709;0.797663001;0.298880785;10.59194637;0.039355206;0.310248967;3.409484722;0.238180762;0.297725952;1.987338217;0.45530124;0.065413844;17.8730216;-58.943681;-55.56592209
Model_iteration_24;['YX_C', 'YX_N', 'Xmax', 'mu_max', 'pH_UL'];[0.35, 10.0, 1.15, 0.08, 5.5];[0.8, 15.0, 1.2, 0.16, 21.0];;;;;;;0.672918927;11.06702511;1.193312906;0.110991256;;17.02819516;;;;;;;;;594.7292359;1018.547396;32450.42087;4.514010628;;71.35210872;;;0.391330662;0.39891361;59.32531948;0.707418513;0.265066576;12.5441569;0.023162677;0.182598374;1.86660737;0.247525977;0.309407472;2.120007815;0.422902547;0.060759073;18.96402289;-58.8490809;-50.40468363
Model_iteration_34;['YX_C', 'YX_N', 'mu_max'];[0.35, 10.0, 0.08];[0.8, 15.0, 0.16];;;;;;;0.405519021;14.24447198;;0.086522841;;;;;;;;;;;136.8330475;331.1760361;;15263.01114;;;;;0.267911291;0.2731027;22.67119753;0.839579089;0.314586557;17.19999738;0.031303264;0.246773081;2.625026931;0.114225734;0.142782167;1.518761262;0.444605701;0.063877199;11.00374578;-58.84539632;-53.77875796
Model_iteration_37;['Xmax', 'pH_UL'];[1.15, 5.5];[1.2, 21.0];;;;;;;;;1.152906157;;;19.14311254;;;;;;;;;;;92371.37369;;;323.9744431;;;0.36765376;0.374777913;55.61967228;0.799455834;0.299552552;10.62920766;0.039285753;0.309701452;3.401318461;0.238567832;0.29820979;1.993048311;0.456277574;0.065554115;17.91081168;-58.77231514;-55.39455623
Model_iteration_29;['Xmax', 'pH_UL'];[1.15, 5.5];[1.2, 21.0];;;;;;;;;1.153148838;;;20.34597527;;;;;;;;;;;120403.7818;;;212.8945966;;;0.367789719;0.374916507;55.64208195;0.799739879;0.299658982;10.6351112;0.039274675;0.30961412;3.400017609;0.238628985;0.298286231;1.993950397;0.456437138;0.06557704;17.91779029;-58.74434343;-55.36658452
Model_iteration_32;['YX_C', 'Xmax', 'mu_max', 'pH_UL'];[0.35, 1.15, 0.08, 5.5];[0.8, 1.2, 0.16, 21.0];;;;;;;0.734607713;;1.175053603;0.087072221;;14.4433613;;;;;;;;;534.3066473;;11065.28778;0.646603446;;3.192137473;;;0.380313161;0.38768262;57.64450947;0.742434325;0.278186845;14.85156872;0.03843888;0.303025293;3.301637058;0.243293281;0.304116602;2.061372743;0.43488964;0.062481277;19.464772;-58.61303853;-51.85752071
Model_iteration_9;['Xmax', 'pH_UL'];[1.15, 5.5];[1.2, 21.0];;;;;;;;;1.155117214;;;15.22578471;;;;;;;;;;;61051.17859;;;561.7628807;;;0.36887802;0.376025897;55.82092764;0.801416628;0.300287252;10.67006008;0.039208241;0.309090402;3.392237081;0.238990447;0.298738059;1.99930187;0.457436697;0.065720648;17.97063167;-58.56934176;-55.19158285
Model_iteration_48;['Xmax', 'pH_UL'];[1.15, 5.5];[1.2, 21.0];;;;;;;;;1.155137783;;;17.05275576;;;;;;;;;;;27224.60419;;;96.85255009;;;0.368894602;0.3760428;55.82363496;0.801602472;0.300356887;10.67383;0.039201396;0.309036441;3.391426567;0.239030179;0.298787723;1.999879875;0.457526482;0.065733548;17.97219285;-58.55364094;-55.17588204
Model_iteration_39;['Xmax', 'pH_UL'];[1.15, 5.5];[1.2, 21.0];;;;;;;;;1.155107912;;;19.86785206;;;;;;;;;;;233776.6015;;;967.9716217;;;0.368881566;0.37602951;55.8214927;0.801704308;0.300395044;10.67588044;0.039197738;0.309007602;3.3909917;0.239051753;0.298814691;2.000192356;0.457571199;0.065739972;17.9721393;-58.54582239;-55.16806348
Model_iteration_10;['YX_C', 'Xmax', 'mu_max', 'pH_UL'];[0.35, 1.15, 0.08, 5.5];[0.8, 1.2, 0.16, 21.0];;;;;;;0.731740131;;1.15023591;0.089930051;;17.98739185;;;;;;;;;522.5871492;;185285.49;4.643001363;;813.5051544;;;0.366168705;0.373264082;55.37384907;0.752068561;0.281796751;15.28839401;0.039399205;0.310595824;3.414625066;0.237944722;0.297430903;1.983805653;0.435274807;0.062536615;19.01516845;-58.54221664;-51.78669882
Model_iteration_2;['YX_C', 'Xmax', 'mu_max', 'pH_UL'];[0.35, 1.15, 0.08, 5.5];[0.8, 1.2, 0.16, 21.0];;;;;;;0.737028206;;1.174883276;0.13853226;;17.70874567;;;;;;;;;532.8271782;;15276.31917;1.932618998;;7.142332587;;;0.380236586;0.387604561;57.63261856;0.74371312;0.278666004;14.91056357;0.038423103;0.302900917;3.299742608;0.243390734;0.304238417;2.062716095;0.435432099;0.062559213;19.47641021;-58.51331284;-51.75779502
Model_iteration_28;['Xmax', 'pH_UL'];[1.15, 5.5];[1.2, 21.0];;;;;;;;;1.157378846;;;13.32968763;;;;;;;;;;;18380.56627;;;126.2336123;;;0.370134964;0.377307196;56.0262544;0.803378487;0.301022352;10.71065326;0.03913116;0.308482746;3.383203078;0.239411391;0.299264239;2.005514453;0.458602755;0.065888177;18.0314063;-58.36567213;-54.98791323
Model_iteration_44;['Xmax', 'pH_UL'];[1.15, 5.5];[1.2, 21.0];;;;;;;;;1.157531014;;;12.83812591;;;;;;;;;;;201923.0558;;;996.4205973;;;0.370215146;0.377388932;56.03931497;0.803391275;0.301027144;10.71098563;0.039130298;0.308475953;3.383108563;0.2394143;0.299267876;2.005566142;0.458624896;0.065891359;18.03474383;-58.36180978;-54.98405087
Model_iteration_33;['YX_C', 'Xmax', 'mu_max', 'pH_UL'];[0.35, 1.15, 0.08, 5.5];[0.8, 1.2, 0.16, 21.0];;;;;;;0.736285099;;1.156376008;0.15868689;;10.0191272;;;;;;;;;516.8476585;;8017.204151;0.620012557;;5.083496882;;;0.369437742;0.376596464;55.91277288;0.753022642;0.28215424;15.33195791;0.039251621;0.309432379;3.397493538;0.238706532;0.298383165;1.995401359;0.436477045;0.062709342;19.15940642;-58.32155956;-51.56604175
Model_iteration_27;['Xmax', 'pH_UL'];[1.15, 5.5];[1.2, 21.0];;;;;;;;;1.15910551;;;12.24324196;;;;;;;;;;;163407.9856;;;86.47148587;;;0.371094272;0.378285093;56.18210069;0.804777327;0.301546491;10.73947806;0.039076239;0.308049787;3.376768915;0.23971037;0.299637962;2.009917568;0.459446819;0.066009445;18.07706631;-58.21856643;-54.84080752
Model_iteration_12;['YX_N', 'Xmax', 'pH_UL'];[10.0, 1.15, 5.5];[15.0, 1.2, 21.0];;;;;;;;12.23210953;1.151578918;;;9.540622834;;;;;;;;;;879.2652438;17744.41888;;;21086.31886;;;0.362231251;0.36925033;54.74005896;0.785011393;0.294140283;10.47292884;0.020013095;0.15776927;1.645437272;0.23528455;0.294105688;1.965402041;0.448110954;0.064380804;17.20595678;-58.21715291;-53.15051455
Model_iteration_22;['Xmax', 'pH_UL'];[1.15, 5.5];[1.2, 21.0];;;;;;;;;1.15955695;;;17.67755785;;;;;;;;;;;99344.35738;;;14.70581569;;;0.371382036;0.378578434;56.2286594;0.806159927;0.302064545;10.76723605;0.039025442;0.307649344;3.370757807;0.240003298;0.300004123;2.014140245;0.460147534;0.066110118;18.09519838;-58.09664914;-54.71889023
Model_iteration_49;['YX_C', 'YX_N', 'Xmax', 'pH_UL'];[0.35, 10.0, 1.15, 5.5];[0.8, 15.0, 1.2, 21.0];;;;;;;0.521412071;10.20614596;1.171080427;;;9.903642052;;;;;;;;;740.1960391;1078.386484;260725.6357;;;25079.11935;;;0.377702999;0.385021879;57.23575811;0.752167602;0.281833861;10.4921189;0.025958142;0.20463587;2.212997606;0.24179555;0.302244437;2.040877653;0.438050959;0.062935469;17.99543807;-58.03360253;-51.27808472
Model_iteration_21;['Xmax', 'mu_max', 'pH_UL'];[1.15, 0.08, 5.5];[1.2, 0.16, 21.0];;;;;;;;;1.178727476;0.094418049;;9.878225484;;;;;;;;;;;11162.03675;32.01808407;;265.4241849;;;0.365160713;0.372236558;55.11210519;0.786298991;0.294622741;10.82898278;0.038453285;0.303138857;3.335018096;0.234924468;0.293655585;2.017429482;0.449521026;0.064583391;17.82338389;-57.96581204;-52.89917368
Model_iteration_50;['YX_C', 'Xmax', 'pH_UL'];[0.35, 1.15, 5.5];[0.8, 1.2, 21.0];;;;;;;0.788849125;;1.173902755;;;19.45899954;;;;;;;;;497.351625;;122748.4803;;;16.68804191;;;0.379662693;0.387019548;57.54327845;0.777222177;0.291221699;16.26837509;0.038457874;0.30317503;3.303849136;0.243194074;0.303992593;2.059932554;0.449677784;0.064605913;19.79385881;-57.937919;-52.87128064
Model_iteration_50;['YX_C', 'YX_N', 'Xmax', 'pH_UL'];[0.35, 10.0, 1.15, 5.5];[0.8, 15.0, 1.2, 21.0];;;;;;;0.74877722;11.36160546;1.165790197;;;17.66191945;;;;;;;;;519.8041434;966.5264192;147738.2056;;;1198.414207;;;0.374940663;0.382206017;56.79969164;0.755226916;0.282980172;15.41886992;0.021271141;0.167686824;1.725389679;0.241374382;0.301717977;2.033995379;0.438651983;0.063021819;18.99448665;-57.92391439;-51.16839658
Model_iteration_23;['Xmax', 'pH_UL'];[1.15, 5.5];[1.2, 21.0];;;;;;;;;1.161291738;;;20.90202816;;;;;;;;;;;206167.198;;;7.933684874;;;0.372369934;0.379585474;56.38814466;0.808082531;0.302784937;10.80612111;0.038952452;0.307073937;3.36216895;0.240410631;0.300513288;2.020061139;0.461240531;0.066267151;18.14412396;-57.90684903;-54.52909013
Model_iteration_44;['YX_C', 'Xmax', 'pH_UL'];[0.35, 1.15, 5.5];[0.8, 1.2, 21.0];;;;;;;0.782163906;;1.15278844;;;11.0952717;;;;;;;;;489.2643751;;317252.1748;;;8553.384338;;;0.36752269;0.374644304;55.59819674;0.785217234;0.294217411;16.55450801;0.039350803;0.31021426;3.409022272;0.238189908;0.297737385;1.98755487;0.449978319;0.064649091;19.38732047;-57.88447015;-52.81783178
Model_iteration_20;['YX_C', 'YX_N', 'Xmax', 'mu_max', 'pH_UL'];[0.35, 10.0, 1.15, 0.08, 5.5];[0.8, 15.0, 1.2, 0.16, 21.0];;;;;;;0.704893128;10.73661329;1.192637004;0.116710029;;12.55815479;;;;;;;;;567.0568377;1048.895721;93032.91725;1.487426893;;8.23208344;;;0.39088054;0.398454767;59.25310929;0.720061628;0.269803895;13.60931889;0.024522783;0.193320498;2.027265967;0.24717654;0.308970675;2.115285322;0.42806949;0.061501415;19.25124487;-57.87757891;-49.43318164
Model_iteration_46;['Xmax', 'pH_UL'];[1.15, 5.5];[1.2, 21.0];;;;;;;;;1.16233337;;;12.76354028;;;;;;;;;;;192036.4537;;;63.85605251;;;0.37293539;0.380161888;56.4791198;0.808311813;0.302870847;10.81109737;0.038941741;0.3069895;3.360946106;0.240460097;0.300575122;2.020826257;0.46146135;0.066298876;18.16799738;-57.86855819;-54.49079928
Model_iteration_3;['Xmax', 'pH_UL'];[1.15, 5.5];[1.2, 21.0];;;;;;;;;1.162942612;;;12.27369357;;;;;;;;;;;167181.1653;;;82.00944218;;;0.373275563;0.380508652;56.53372108;0.808755149;0.303036963;10.82011388;0.038924469;0.306853342;3.358922803;0.240553941;0.300692426;2.022199156;0.461736085;0.066338348;18.18373923;-57.82094363;-54.44318472
Model_iteration_42;['YX_C', 'Xmax', 'mu_max', 'pH_UL'];[0.35, 1.15, 0.08, 5.5];[0.8, 1.2, 0.16, 21.0];;;;;;;0.754472175;;1.191262758;0.139770478;;14.75027303;;;;;;;;;529.3063969;;13278.80661;4.34276615;;42.36230493;;;0.390068151;0.397626636;59.13176981;0.746839484;0.279837439;15.05061148;0.037792941;0.29793316;3.225745973;0.247022841;0.308778551;2.113152086;0.439423192;0.06313262;19.88031984;-57.78338713;-51.02786931
Model_iteration_4;['YX_C', 'YX_N', 'Xmax', 'pH_UL'];[0.35, 10.0, 1.15, 5.5];[0.8, 15.0, 1.2, 21.0];;;;;;;0.507083115;11.47879796;1.154308868;;;14.37916815;;;;;;;;;757.8749207;944.4209233;37547.8393;;;205.2327164;;;0.368422665;0.375561717;55.7462341;0.761549196;0.285349102;10.46910829;0.020764849;0.163695571;1.70898668;0.238789211;0.298486513;1.996343636;0.439643009;0.063164201;17.48016818;-57.74337789;-50.98786007
Model_iteration_2;['YX_C', 'YX_N', 'Xmax', 'mu_max', 'pH_UL'];[0.35, 10.0, 1.15, 0.08, 5.5];[0.8, 15.0, 1.2, 0.16, 21.0];;;;;;;0.70926244;12.71933944;1.155154796;0.10148888;;16.36445038;;;;;;;;;541.9966521;851.4939116;20803.2199;0.325154399;;1.288652682;;;0.368896749;0.376044988;55.82399971;0.736127153;0.275823576;14.54798558;0.020482982;0.161473529;1.640450209;0.238990861;0.298738576;1.999315133;0.428807702;0.061607475;18.50293766;-57.73973663;-49.29533936
Model_iteration_23;['YX_C'];[0.35];[0.8];;;;;;;0.424433697;;;;;;;;;;;;;;244.5480744;;;;;;;;0.303364283;0.309242677;27.11247725;0.890383983;0.333622925;18.72350432;0.036066492;0.284323046;3.13926167;0.11380698;0.142258726;1.489608884;0.474095546;0.068114051;12.61621303;-57.70771236;-56.01883291
Model_iteration_35;['YX_C', 'YX_N', 'Xmax', 'pH_UL'];[0.35, 10.0, 1.15, 5.5];[0.8, 15.0, 1.2, 21.0];;;;;;;0.753732826;11.93816241;1.166496752;;;18.15847973;;;;;;;;;516.7891935;920.5778139;274045.3176;;;1632.063135;;;0.375348611;0.38262187;56.8645496;0.758032438;0.284031389;15.5346283;0.020395382;0.160782952;1.690880924;0.241536245;0.301920306;2.03631964;0.439958943;0.063209592;19.03159462;-57.68590943;-50.93039162
Model_iteration_5;['YX_C', 'YX_N', 'Xmax', 'mu_max', 'pH_UL'];[0.35, 10.0, 1.15, 0.08, 5.5];[0.8, 15.0, 1.2, 0.16, 21.0];;;;;;;0.71086389;14.93179407;1.153814145;0.1592061;;14.44045004;;;;;;;;;539.9989562;724.6066294;20154.88193;1.64312806;;7.593369595;;;0.368148407;0.375282145;55.70115629;0.737652451;0.276395098;14.62493223;0.024758046;0.195175149;1.971016662;0.238689913;0.298362391;1.994873825;0.429316382;0.061680558;18.57299475;-57.64489159;-49.20049432
Model_iteration_13;['YX_C', 'YX_N', 'Xmax', 'pH_UL'];[0.35, 10.0, 1.15, 5.5];[0.8, 15.0, 1.2, 21.0];;;;;;;0.5173365;13.00616163;1.168926299;;;12.46352166;;;;;;;;;753.2314632;845.2455689;154994.6709;;;69.78343593;;;0.376724363;0.384024281;57.08239806;0.75799252;0.284016432;10.48155468;0.020590913;0.162324381;1.635180278;0.241890532;0.302363165;2.041444028;0.440286532;0.063256657;17.81014426;-57.62636438;-50.87084656
Model_iteration_25;['YX_C', 'YX_N', 'Xmax', 'mu_max', 'pH_UL'];[0.35, 10.0, 1.15, 0.08, 5.5];[0.8, 15.0, 1.2, 0.16, 21.0];;;;;;;0.712829256;11.18754363;1.163360454;0.111147154;;18.79373269;;;;;;;;;544.2019456;974.8700877;20718.98613;3.9470175;;45.37541654;;;0.373545137;0.380783449;56.57690063;0.734634122;0.275264144;14.46894643;0.021630404;0.170519002;1.737840049;0.240833285;0.301041607;2.026194068;0.429444935;0.061699028;18.7024703;-57.62094028;-49.17654301
Model_iteration_15;['YX_N', 'Xmax', 'pH_UL'];[10.0, 1.15, 5.5];[15.0, 1.2, 21.0];;;;;;;;12.49998294;1.167007531;;;9.444485684;;;;;;;;;;872.9561979;12853.28707;;;28023.88306;;;0.366231727;0.373328325;55.37395253;0.790599142;0.296233988;10.70690803;0.019822117;0.156263733;1.626109451;0.236308638;0.295385797;2.001972921;0.451499549;0.064867649;17.42723573;-57.61447247;-52.54783411
Model_iteration_32;['YX_C', 'YX_N', 'Xmax', 'pH_UL'];[0.35, 10.0, 1.15, 5.5];[0.8, 15.0, 1.2, 21.0];;;;;;;0.75961901;11.02265781;1.196091044;;;14.05034076;;;;;;;;;528.6969204;1027.743893;50750.86254;;;520.0192467;;;0.393036254;0.400652253;59.62509171;0.747754148;0.280180159;15.09083394;0.023453825;0.184893582;1.897700924;0.248105167;0.310131459;2.127880959;0.440374846;0.063269345;19.68537688;-57.61031945;-50.85480163
Model_iteration_44;['YX_C', 'Xmax', 'mu_max', 'pH_UL'];[0.35, 1.15, 0.08, 5.5];[0.8, 1.2, 0.16, 21.0];;;;;;;0.759769903;;1.189310844;0.131558024;;20.53261411;;;;;;;;;524.7031957;;90153.23433;1.520175221;;5.168319264;;;0.388888389;0.396424013;58.95484599;0.750768177;0.281309502;15.22443634;0.037854721;0.29842019;3.232328394;0.246666994;0.308333743;2.108264712;0.440784704;0.06332823;19.87996886;-57.53589783;-50.78038001
Model_iteration_38;['YX_C', 'YX_N', 'Xmax', 'mu_max', 'pH_UL'];[0.35, 10.0, 1.15, 0.08, 5.5];[0.8, 15.0, 1.2, 0.16, 21.0];;;;;;;0.535707941;12.16416783;1.170259406;0.145406312;;9.786040017;;;;;;;;;717.72223;901.0112399;12483.51434;50.30405103;;425.6642061;;;0.376676101;0.383975084;57.0715851;0.734028871;0.275037359;10.53790952;0.020221429;0.159411631;1.675851719;0.241297959;0.301622449;2.036042347;0.42991769;0.061766949;17.83034717;-57.53292062;-49.08852335
Model_iteration_46;['YX_C', 'Xmax', 'pH_UL'];[0.35, 1.15, 5.5];[0.8, 1.2, 21.0];;;;;;;0.49818937;;1.167225893;;;15.2088354;;;;;;;;;781.1557185;;175429.061;;;26.33753677;;;0.375762458;0.383043736;56.93022439;0.786855045;0.294831092;10.47244349;0.038730772;0.305326368;3.336077399;0.24164724;0.302059051;2.037924564;0.452833233;0.065059261;18.19416746;-57.37850881;-52.31187044
Model_iteration_28;['YX_C', 'YX_N', 'Xmax', 'mu_max', 'pH_UL'];[0.35, 10.0, 1.15, 0.08, 5.5];[0.8, 15.0, 1.2, 0.16, 21.0];;;;;;;0.558432667;13.66309694;1.191969993;0.154388561;;20.81625589;;;;;;;;;715.327355;1150.037297;131943.4774;2.533856877;;621.8140647;;;0.390515227;0.398082374;59.19866005;0.727752739;0.27268572;10.58418167;0.021001019;0.165557372;1.61999344;0.24728116;0.309101451;2.116661014;0.431194621;0.061950408;18.37987404;-57.29565866;-48.85126139
Model_iteration_20;['YX_C', 'Xmax', 'mu_max', 'pH_UL'];[0.35, 1.15, 0.08, 5.5];[0.8, 1.2, 0.16, 21.0];;;;;;;0.764734932;;1.183632027;0.109647147;;5.566336258;;;;;;;;;518.8216611;;127358.5023;1.850996927;;471.5598794;;;0.385451352;0.392920375;58.43494242;0.756426906;0.283429803;15.465214;0.038066728;0.300091508;3.257506297;0.245440122;0.306800152;2.091350285;0.442279419;0.063542978;19.81225325;-57.26507414;-50.50955632
Model_iteration_39;['YX_C', 'YX_N', 'mu_max', 'pH_UL'];[0.35, 10.0, 0.08, 5.5];[0.8, 15.0, 0.16, 21.0];;;;;;;0.664227133;13.42300157;;0.136893014;;9.219580488;;;;;;;;;588.3772535;1052.928826;;5.550190852;;49.39595703;;;0.52057653;0.530663921;79.21659895;0.658506799;0.246739574;9.783726638;0.021365497;0.168430664;1.825554534;0.280753578;0.350941972;3.092910747;0.442693513;0.063602472;23.47969772;-57.1902075;-50.43468968
Model_iteration_18;['Xmax', 'pH_UL'];[1.15, 5.5];[1.2, 21.0];;;;;;;;;1.174356685;;;5.834656374;;;;;;;;;;;16576.29426;;;33275.61424;;;0.376912917;0.384216489;57.09998487;0.815300924;0.305489636;11.01182882;0.038507765;0.303568339;3.31415109;0.24182087;0.302276087;2.050477001;0.465494126;0.066878272;18.36911044;-57.17246411;-53.7947052
Model_iteration_13;['YX_N', 'Xmax', 'pH_UL'];[10.0, 1.15, 5.5];[15.0, 1.2, 21.0];;;;;;;;12.90910865;1.15133918;;;11.31109051;;;;;;;;;;836.4203412;316183.3012;;;3808.381201;;;0.366727515;0.37383372;55.46670665;0.796418491;0.298414473;10.56626463;0.020762085;0.163673782;1.627627921;0.237911805;0.297389756;1.983402905;0.454368951;0.0652799;17.41100053;-57.10765948;-52.04102112
Model_iteration_17;['YX_C', 'YX_N', 'Xmax', 'pH_UL'];[0.35, 10.0, 1.15, 5.5];[0.8, 15.0, 1.2, 21.0];;;;;;;0.76761142;12.6221082;1.178853263;;;12.80819163;;;;;;;;;514.6582714;957.6990709;70681.93145;;;952.2193228;;;0.38256329;0.389976351;57.99263055;0.761059523;0.285165624;15.65566576;0.020248358;0.159623916;1.661475727;0.244130345;0.305162931;2.073147281;0.443163596;0.063670009;19.34572983;-57.10530295;-50.34978513
Model_iteration_32;['Xmax', 'mu_max', 'pH_UL'];[1.15, 0.08, 5.5];[1.2, 0.16, 21.0];;;;;;;;;1.150085789;0.124148575;;16.18206647;;;;;;;;;;;203526.8785;5.947147773;;23.6259262;;;0.36608578;0.37317955;55.36006492;0.796399724;0.29840744;10.56519015;0.039406264;0.310651477;3.41545312;0.237905903;0.297382379;1.983227767;0.45453916;0.065304354;17.83098399;-57.07769673;-52.01105836
Model_iteration_4;['YX_C', 'pH_UL'];[0.35, 5.5];[0.8, 21.0];;;;;;;0.670150362;;;;;9.231995871;;;;;;;;;654.4101966;;;;;1769271.963;;;0.544376835;0.554925412;84.38329846;0.697295882;0.261273671;10.13553488;0.028530753;0.22491654;2.256114395;0.293357355;0.366696694;3.170087384;0.466218894;0.0669824;24.98625878;-57.04800213;-53.67024323
Model_iteration_33;['YX_N', 'Xmax', 'pH_UL'];[10.0, 1.15, 5.5];[15.0, 1.2, 21.0];;;;;;;;13.63506803;1.150868659;;;18.91944229;;;;;;;;;;792.4499902;316581.9649;;;25.37536309;;;0.36652491;0.37362719;55.43297592;0.797407574;0.298785077;10.586317;0.021934566;0.172916808;1.657258327;0.238124417;0.297655521;1.986468681;0.454803175;0.065342286;17.41575498;-57.03124289;-51.96460453
Model_iteration_21;['YX_C', 'YX_N', 'mu_max'];[0.35, 10.0, 0.08];[0.8, 15.0, 0.16];;;;;;;0.418748768;10.76198793;;0.121490584;;;;;;;;;;;210.4729439;756.7729634;;19668.19637;;;;;0.282799676;0.288279582;22.19094502;0.857609184;0.321342353;17.56878898;0.035339338;0.278590667;3.067298962;0.104805965;0.131007456;1.285600885;0.454890736;0.065354866;11.02815846;-57.01584232;-51.94920395
Model_iteration_10;['Xmax', 'pH_UL'];[1.15, 5.5];[1.2, 21.0];;;;;;;;;1.170588006;;;15.20921108;;;;;;;;;;;177657.537;;;855.0071662;;;0.377713719;0.385032807;57.23823419;0.81755468;0.306334109;10.99424694;0.038598568;0.304284163;3.320481619;0.242392739;0.302990924;2.048578723;0.46671924;0.067054286;18.40038537;-56.96219204;-53.58443313
Model_iteration_4;['Xmax', 'pH_UL'];[1.15, 5.5];[1.2, 21.0];;;;;;;;;1.170605689;;;20.3698571;;;;;;;;;;;234607.5979;;;8.594444749;;;0.377733523;0.385052995;57.24134788;0.817909826;0.30646718;11.00106762;0.038586285;0.304187334;3.319017796;0.24246587;0.303082338;2.049604891;0.466888021;0.067078535;18.40275955;-56.93326669;-53.55550779
Model_iteration_17;['Xmax', 'pH_UL'];[1.15, 5.5];[1.2, 21.0];;;;;;;;;1.170837273;;;17.11363532;;;;;;;;;;;223724.446;;;16.37343222;;;0.377864479;0.385186489;57.26192169;0.818005249;0.306502935;11.00297754;0.038582476;0.304157306;3.318574294;0.242485807;0.303107259;2.049893997;0.466958811;0.067088705;18.40834188;-56.92113789;-53.54337898
Model_iteration_46;['YX_C', 'YX_N', 'Xmax', 'mu_max', 'pH_UL'];[0.35, 10.0, 1.15, 0.08, 5.5];[0.8, 15.0, 1.2, 0.16, 21.0];;;;;;;0.730489054;11.50009144;1.198976909;0.155986637;;14.24645155;;;;;;;;;550.9838629;981.6877952;11043.28236;4.106637686;;17.74098313;;;0.394828887;0.402479622;59.93822259;0.730196964;0.27360156;14.22198562;0.021916277;0.172772624;1.761536103;0.248778806;0.310973507;2.136981076;0.433430696;0.062271668;19.51468135;-56.88186927;-48.437472
Model_iteration_34;['Xmax', 'pH_UL'];[1.15, 5.5];[1.2, 21.0];;;;;;;;;1.17140282;;;15.19179486;;;;;;;;;;;10789.3181;;;42.26195053;;;0.378189051;0.38551735;57.3128652;0.818428;0.306661338;11.01127961;0.038566632;0.3040324;3.316711277;0.242573375;0.303216718;2.05114929;0.467220659;0.067126325;18.42300134;-56.87629042;-53.49853151
Model_iteration_6;['YX_C', 'YX_N', 'Xmax', 'mu_max', 'pH_UL'];[0.35, 10.0, 1.15, 0.08, 5.5];[0.8, 15.0, 1.2, 0.16, 21.0];;;;;;;0.727653517;11.8891726;1.155360349;0.084229103;;11.64048959;;;;;;;;;525.3014172;908.5523781;13835.88223;0.291049653;;1.896230698;;;0.368930853;0.376079753;55.82973971;0.747749417;0.280178387;15.10123033;0.020307638;0.160091239;1.684044876;0.238669599;0.298336999;1.994700516;0.433766856;0.062319965;18.65242886;-56.81984691;-48.37544964
Model_iteration_49;['Xmax', 'pH_UL'];[1.15, 5.5];[1.2, 21.0];;;;;;;;;1.173034946;;;11.24892607;;;;;;;;;;;322421.5194;;;4912.98448;;;0.37909059;0.386436359;57.45397437;0.818826692;0.306810726;11.01957159;0.038548947;0.30389299;3.314685191;0.242656937;0.303321172;2.052411679;0.467588291;0.067179143;18.46016071;-56.81336729;-53.43560838
Model_iteration_17;['Xmax', 'mu_max', 'pH_UL'];[1.15, 0.08, 5.5];[1.2, 0.16, 21.0];;;;;;;;;1.153486054;0.1486892;;12.07715636;;;;;;;;;;;64202.03552;0.455118134;;2.875635371;;;0.367938781;0.375068457;55.66671564;0.798994993;0.299379876;10.62010467;0.039301215;0.309823344;3.403179096;0.23846983;0.298087288;1.991663063;0.456120705;0.065531577;17.92041562;-56.79982399;-51.73318562
Model_iteration_39;['Xmax', 'mu_max', 'pH_UL'];[1.15, 0.08, 5.5];[1.2, 0.16, 21.0];;;;;;;;;1.153439758;0.137295242;;16.26395056;;;;;;;;;;;87220.54666;0.391152755;;1.618447844;;;0.367944575;0.375074364;55.66760299;0.799797084;0.299680416;10.63640708;0.039271853;0.309591874;3.399696676;0.238641803;0.298302253;1.994153905;0.456495009;0.065585354;17.92446516;-56.7342009;-51.66756254
Model_iteration_44;['Xmax', 'mu_max', 'pH_UL'];[1.15, 0.08, 5.5];[1.2, 0.16, 21.0];;;;;;;;;1.154251503;0.151530319;;11.80119281;;;;;;;;;;;38465.93162;3.854883968;;24.08672988;;;0.368359912;0.375497748;55.73598746;0.799642683;0.299622563;10.6336812;0.039275382;0.309619692;3.400155669;0.23860983;0.298262288;1.99374331;0.456507024;0.06558708;17.94089191;-56.73209544;-51.66545708
Model_iteration_20;['YX_C', 'YX_N', 'Xmax', 'pH_UL'];[0.35, 10.0, 1.15, 5.5];[0.8, 15.0, 1.2, 21.0];;;;;;;0.775124031;12.6676205;1.183023966;;;10.09651938;;;;;;;;;505.0511472;880.0757978;324169.2364;;;28689.61983;;;0.384927078;0.392385942;58.35460383;0.764678529;0.286521649;15.80052076;0.020249391;0.159632059;1.660413243;0.244593362;0.305741702;2.079824115;0.445291494;0.063975728;19.47384049;-56.72209352;-49.96657571
Model_iteration_39;['YX_C', 'YX_N', 'Xmax', 'pH_UL'];[0.35, 10.0, 1.15, 5.5];[0.8, 15.0, 1.2, 21.0];;;;;;;0.520868982;14.78059333;1.183674016;;;19.12342886;;;;;;;;;761.5229271;757.0718972;84563.22679;;;1060.053308;;;0.385474239;0.392943706;58.43838716;0.764994217;0.286639936;10.46772511;0.023320214;0.183840285;1.8145333;0.245385422;0.306731778;2.090601854;0.445691703;0.064033226;18.20281186;-56.65022513;-49.89470731
Model_iteration_36;['Xmax', 'pH_UL'];[1.15, 5.5];[1.2, 21.0];;;;;;;;;1.173900501;;;14.47368175;;;;;;;;;;;102865.028;;;1063.387606;;;0.379649049;0.387005639;57.54114719;0.821019141;0.307632227;11.06156559;0.038472252;0.303288379;3.305566155;0.243107666;0.303884583;2.058731378;0.468718274;0.06734149;18.49175258;-56.62027087;-53.24251196
Model_iteration_14;['YX_C', 'Xmax', 'mu_max', 'pH_UL'];[0.35, 1.15, 0.08, 5.5];[0.8, 1.2, 0.16, 21.0];;;;;;;0.779472954;;1.189453096;0.124819897;;16.63201464;;;;;;;;;511.5165523;;59373.20809;5.680296259;;13.64088382;;;0.388968108;0.396505277;58.96681291;0.763075304;0.285920928;15.73346454;0.037857275;0.298440327;3.232642226;0.246649396;0.308311745;2.108028011;0.446051904;0.064084977;20.01023692;-56.58559649;-49.83007867
Model_iteration_11;['Xmax', 'pH_UL'];[1.15, 5.5];[1.2, 21.0];;;;;;;;;1.174227369;;;16.14261116;;;;;;;;;;;145653.0246;;;1006.903247;;;0.379847904;0.387208348;57.5721333;0.821589946;0.307846105;11.0725075;0.03845209;0.303129431;3.30317372;0.243224703;0.304030879;2.060374304;0.469023264;0.067385308;18.5020472;-56.56823267;-53.19047376
Model_iteration_26;['YX_C', 'YX_N', 'Xmax', 'pH_UL'];[0.35, 10.0, 1.15, 5.5];[0.8, 15.0, 1.2, 21.0];;;;;;;0.522690717;14.85157305;1.187544543;;;14.77854886;;;;;;;;;761.3037836;753.9219743;30019.99138;;;61.16749722;;;0.387803035;0.395317627;58.79135909;0.765129312;0.286690556;10.46782746;0.023357743;0.18413614;1.818946093;0.246186687;0.307733358;2.1016817;0.446365189;0.064129987;18.29495359;-56.52942827;-49.77391045
Model_iteration_26;['YX_C', 'YX_N', 'Xmax', 'mu_max', 'pH_UL'];[0.35, 10.0, 1.15, 0.08, 5.5];[0.8, 15.0, 1.2, 0.16, 21.0];;;;;;;0.740820096;10.42350771;1.19105151;0.157820195;;19.70898811;;;;;;;;;539.5747616;1083.930023;48430.79644;6.153487594;;1553.990087;;;0.389951928;0.397508161;59.11439974;0.738842264;0.276840916;14.67385145;0.02613415;0.206023394;2.232949513;0.247065554;0.308831943;2.113718842;0.435796621;0.062611584;19.53372989;-56.4463688;-48.00197153
Model_iteration_5;['YX_N', 'Xmax', 'pH_UL'];[10.0, 1.15, 5.5];[15.0, 1.2, 21.0];;;;;;;;12.06195627;1.157606164;;;16.02942767;;;;;;;;;;900.8375672;187038.1712;;;21.13296942;;;0.370277135;0.377452122;56.04937286;0.80403523;0.301268431;10.72393321;0.020254421;0.159671715;1.677236532;0.239551119;0.299438898;2.007537579;0.458631875;0.065892361;17.61452005;-56.36059247;-51.29395411
Model_iteration_50;['YX_C', 'YX_N', 'Xmax', 'mu_max', 'pH_UL'];[0.35, 10.0, 1.15, 0.08, 5.5];[0.8, 15.0, 1.2, 0.16, 21.0];;;;;;;0.741675963;13.74693779;1.166160398;0.125509122;;15.82694011;;;;;;;;;524.4777488;796.9712703;27091.08463;5.501747763;;385.1505238;;;0.375147075;0.382416429;56.8325267;0.750660568;0.281269182;15.22458336;0.021736663;0.171356674;1.638318967;0.241411102;0.301763877;2.034533751;0.43674318;0.062747578;18.9324907;-56.27279573;-47.82839846
Model_iteration_2;['Xmax', 'mu_max', 'pH_UL'];[1.15, 0.08, 5.5];[1.2, 0.16, 21.0];;;;;;;;;1.158593921;0.137460317;;14.72798104;;;;;;;;;;;105618.9516;7.027467421;;1010.1989;;;0.370827656;0.378013311;56.13883569;0.804853854;0.301575165;10.74076126;0.039074804;0.308038474;3.376572704;0.239725953;0.299657441;2.010108382;0.459428517;0.066006816;18.06656951;-56.22175332;-51.15511496
Model_iteration_38;['Xmax', 'mu_max', 'pH_UL'];[1.15, 0.08, 5.5];[1.2, 0.16, 21.0];;;;;;;;;1.158483778;0.142388657;;20.05119526;;;;;;;;;;;45095.10145;4.803053994;;857.0032311;;;0.370777822;0.377962512;56.13073085;0.805145581;0.301684474;10.74654678;0.039064545;0.307957599;3.375349893;0.239787547;0.299734433;2.010986605;0.459554052;0.066024852;18.06590353;-56.19989698;-51.13325862
Model_iteration_12;['Xmax', 'mu_max', 'pH_UL'];[1.15, 0.08, 5.5];[1.2, 0.16, 21.0];;;;;;;;;1.159602683;0.088288417;;12.89054356;;;;;;;;;;;103699.2257;0.963869389;;5.122786603;;;0.371362583;0.378558604;56.22556725;0.805068293;0.301655515;10.7455455;0.039064435;0.307956738;3.375393619;0.239772589;0.299715736;2.010844142;0.459636283;0.066036666;18.08933763;-56.18558336;-51.11894499
Model_iteration_2;['YX_N', 'Xmax', 'pH_UL'];[10.0, 1.15, 5.5];[15.0, 1.2, 21.0];;;;;;;;10.82128086;1.160373566;;;11.28726836;;;;;;;;;;1007.48335;299087.0602;;;4256.453221;;;0.371787125;0.378991372;56.29421705;0.805526874;0.301827343;10.75504923;0.022622304;0.178338454;1.812900036;0.2398706;0.29983825;2.012297746;0.459659897;0.066040059;17.71861602;-56.18147334;-51.11483497
Model_iteration_34;['Xmax', 'mu_max', 'pH_UL'];[1.15, 0.08, 5.5];[1.2, 0.16, 21.0];;;;;;;;;1.158865526;0.152012859;;19.88862346;;;;;;;;;;;181225.4603;6.827474717;;783.4151354;;;0.370993718;0.378182591;56.16575431;0.805546658;0.301834756;10.75471934;0.039049166;0.307836366;3.373542225;0.239872817;0.299841021;2.012232133;0.459784069;0.066057899;18.076562;-56.15986512;-51.09322676
Model_iteration_1;['YX_C', 'Xmax', 'pH_UL'];[0.35, 1.15, 5.5];[0.8, 1.2, 21.0];;;;;;;0.511287482;;1.198843245;;;12.3471328;;;;;;;;;786.3448951;;165101.779;;;78.77144797;;;0.394723963;0.402372665;59.92004099;0.792394153;0.296906571;10.52799468;0.037518825;0.295772225;3.199743863;0.248624754;0.310780942;2.134926927;0.460140585;0.06610912;18.94567661;-56.09785738;-51.03121902
Model_iteration_7;['Xmax', 'pH_UL'];[1.15, 5.5];[1.2, 21.0];;;;;;;;;1.178976546;;;13.95307885;;;;;;;;;;;198712.9715;;;38.81480233;;;0.382647892;0.390062591;58.00567114;0.826473435;0.309675926;11.16603961;0.038276646;0.301746359;3.282428251;0.244223053;0.305278817;2.074432039;0.471854784;0.067792117;18.63214276;-56.08672016;-52.70896125
Model_iteration_7;['Xmax', 'mu_max', 'pH_UL'];[1.15, 0.08, 5.5];[1.2, 0.16, 21.0];;;;;;;;;1.160035711;0.092507416;;17.13678564;;;;;;;;;;;16124.11687;0.230014991;;0.855136935;;;0.371645693;0.378847199;56.2713088;0.806446668;0.302171986;10.7731517;0.039013976;0.307558948;3.369418982;0.24006445;0.300080562;2.015043117;0.460334058;0.066136916;18.10723065;-56.06422719;-50.99758883
Model_iteration_2;['Xmax', 'pH_UL'];[1.15, 5.5];[1.2, 21.0];;;;;;;;;1.180411847;;;10.94787032;;;;;;;;;;;324939.4706;;;13669.97532;;;0.383442572;0.39087267;58.1277419;0.826595501;0.309721664;11.16888915;0.038269044;0.30168643;3.281595635;0.244248834;0.305311043;2.074870329;0.472072648;0.067823418;18.66327425;-56.0497912;-52.67203229
Model_iteration_3;['YX_C', 'Xmax', 'mu_max', 'pH_UL'];[0.35, 1.15, 0.08, 5.5];[0.8, 1.2, 0.16, 21.0];;;;;;;0.520580498;;1.189844771;0.097637651;;16.78535205;;;;;;;;;765.2838872;;108490.3211;4.374723195;;17.51057684;;;0.389203326;0.396745053;59.00213685;0.770080427;0.288545717;10.45583751;0.037845051;0.298343963;3.231192318;0.246719737;0.308399671;2.109001506;0.449111893;0.06452461;18.69954205;-56.0386574;-49.28313959
Model_iteration_35;['Xmax', 'pH_UL'];[1.15, 5.5];[1.2, 21.0];;;;;;;;;1.179032761;;;20.91240392;;;;;;;;;;;82584.54431;;;867.5876442;;;0.382698223;0.390113898;58.01343583;0.827114209;0.309916022;11.17802659;0.038255098;0.301576488;3.279852307;0.244352799;0.305440999;2.076222903;0.472161939;0.067836247;18.63688441;-56.03466084;-52.65690193
Model_iteration_14;['YX_N', 'Xmax', 'pH_UL'];[10.0, 1.15, 5.5];[15.0, 1.2, 21.0];;;;;;;;13.2850547;1.161013168;;;14.14547707;;;;;;;;;;822.0870855;47206.57616;;;329.3097742;;;0.372196395;0.379408573;56.36019947;0.807292939;0.30248908;10.79036635;0.021083381;0.166206658;1.616938495;0.240244122;0.300305153;2.017667659;0.460546901;0.066167496;17.69629299;-56.02724637;-50.96060801
Model_iteration_45;['YX_C', 'YX_N', 'Xmax', 'mu_max', 'pH_UL'];[0.35, 10.0, 1.15, 0.08, 5.5];[0.8, 15.0, 1.2, 0.16, 21.0];;;;;;;0.743387724;10.22649546;1.155361614;0.153891446;;10.41544863;;;;;;;;;512.9735765;1057.723066;20717.69907;7.425557468;;57.50489407;;;0.36891978;0.376068465;55.8279498;0.757918867;0.283988834;15.53463886;0.024972171;0.196863161;2.087962095;0.238605718;0.298257148;1.993778535;0.438206319;0.062957789;18.86108232;-56.00523455;-47.56083728
Model_iteration_41;['YX_N', 'Xmax', 'pH_UL'];[10.0, 1.15, 5.5];[15.0, 1.2, 21.0];;;;;;;;13.14672292;1.161436874;;;15.60472895;;;;;;;;;;822.8593025;14259.01226;;;136.4238292;;;0.372444144;0.379661122;56.40010312;0.807940622;0.302731764;10.80337044;0.020873294;0.164550477;1.623852625;0.240380976;0.30047622;2.019645601;0.460896245;0.066217687;17.71174295;-55.96658604;-50.89994768
Model_iteration_34;['YX_C', 'YX_N'];[0.35, 10.0];[0.8, 15.0];;;;;;;0.42484796;11.29206221;;;;;;;;;;;;;244.0840313;974.338049;;;;;;;0.303191737;0.309066788;27.0904249;0.887539409;0.332557076;18.65816879;0.031923691;0.251664092;2.906678632;0.113730195;0.142162744;1.488308051;0.472653444;0.067906862;12.53589509;-55.95142693;-52.57366802
Model_iteration_45;['YX_C', 'YX_N', 'Xmax', 'pH_UL'];[0.35, 10.0, 1.15, 5.5];[0.8, 15.0, 1.2, 21.0];;;;;;;0.510544846;12.56467943;1.179044345;;;13.67604577;;;;;;;;;771.4668596;884.0828282;221508.9983;;;39.67653504;;;0.382686051;0.39010149;58.01153994;0.776439616;0.290928477;10.43734227;0.020236985;0.159534263;1.664801343;0.244225302;0.305281628;2.074465927;0.449822917;0.064626764;18.04703737;-55.9121034;-49.15658558
Model_iteration_13;['YX_C', 'YX_N'];[0.35, 10.0];[0.8, 15.0];;;;;;;0.424722965;14.18358387;;;;;;;;;;;;;244.2534162;777.2316085;;;;;;;0.303266785;0.30914329;27.09996798;0.888460665;0.332902266;18.67926012;0.025185402;0.198544129;2.085375838;0.11376351;0.142204387;1.48887162;0.472998292;0.067956407;12.33836889;-55.89308013;-52.51532122
Model_iteration_45;['Xmax', 'pH_UL'];[1.15, 5.5];[1.2, 21.0];;;;;;;;;1.180530135;;;17.56085645;;;;;;;;;;;123317.7481;;;66.33067724;;;0.383587241;0.391020143;58.15003057;0.828628773;0.310483522;11.20670925;0.038201309;0.301152449;3.273484617;0.244660069;0.305825086;2.080520288;0.473044053;0.067962981;18.67768618;-55.88534081;-52.5075819
Model_iteration_8;['YX_N', 'Xmax', 'pH_UL'];[10.0, 1.15, 5.5];[15.0, 1.2, 21.0];;;;;;;;11.33388592;1.162144839;;;19.63329197;;;;;;;;;;963.3033424;183478.408;;;9.710695526;;;0.372854638;0.380079571;56.46612276;0.80893083;0.30310279;10.82322972;0.021237192;0.167419199;1.724420609;0.240589746;0.300737182;2.022662616;0.461444502;0.066296456;17.75910893;-55.87147904;-50.80484068
Model_iteration_33;['YX_C', 'Xmax', 'pH_UL'];[0.35, 1.15, 5.5];[0.8, 1.2, 21.0];;;;;;;0.477924983;;1.153295478;;;12.83727272;;;;;;;;;801.6128155;;62442.18196;;;54.12857593;;;0.367845293;0.374973157;55.65129311;0.811280286;0.303983121;10.87124014;0.039297678;0.309795463;3.402749923;0.238493232;0.29811654;1.991987568;0.461494635;0.066303658;17.97931769;-55.8627881;-50.79614974
Model_iteration_15;['YX_N', 'Xmax', 'mu_max', 'pH_UL'];[10.0, 1.15, 0.08, 5.5];[15.0, 1.2, 0.16, 21.0];;;;;;;;10.46824207;1.15050942;0.115532348;;9.941441793;;;;;;;;;;1024.944848;28311.00061;6.994580457;;58.23106376;;;0.363979237;0.371032188;55.02108969;0.788982961;0.295628412;10.49857828;0.023328413;0.183904923;1.892337325;0.236228651;0.295285814;1.968511712;0.450367402;0.064704991;17.34512925;-55.81532637;-49.05980855
Model_iteration_33;['Xmax', 'pH_UL'];[1.15, 5.5];[1.2, 21.0];;;;;;;;;1.180995559;;;5.577828343;;;;;;;;;;;21323.7482;;;46.60995243;;;0.383869752;0.391308128;58.19337663;0.829545873;0.310827155;11.22390388;0.038169882;0.300904701;3.269742845;0.244845202;0.306056502;2.083086647;0.473526254;0.06803226;18.6925275;-55.80383365;-52.42607474
Model_iteration_14;['Xmax', 'pH_UL'];[1.15, 5.5];[1.2, 21.0];;;;;;;;;1.182613726;;;11.35242768;;;;;;;;;;;324401.5934;;;3189.764126;;;0.384777733;0.392233703;58.33211298;0.829395405;0.310770776;11.2216599;0.038171041;0.300913838;3.26996525;0.244816352;0.30602044;2.082771641;0.473640876;0.068048728;18.72662744;-55.78447126;-52.40671235
Model_iteration_41;['Xmax', 'pH_UL'];[1.15, 5.5];[1.2, 21.0];;;;;;;;;1.183457862;;;10.42340409;;;;;;;;;;;325912.7193;;;28810.05233;;;0.385233919;0.392698729;58.40160101;0.829335862;0.310748465;11.22095002;0.038170754;0.300911579;3.269982022;0.244804795;0.306005994;2.082671511;0.473706011;0.068058086;18.74380114;-55.77347046;-52.39571155
Model_iteration_46;['YX_N', 'Xmax', 'pH_UL'];[10.0, 1.15, 5.5];[15.0, 1.2, 21.0];;;;;;;;14.52194359;1.163146617;;;19.91323606;;;;;;;;;;1276.69857;158437.4638;;;12.81024798;;;0.37342687;0.380662891;56.5579517;0.809986389;0.303498303;10.8444229;0.023437209;0.184762596;1.828203806;0.240812326;0.301015407;2.025884159;0.46207831;0.066387516;17.81411564;-55.7616721;-50.69503374
Model_iteration_3;['YX_N', 'Xmax', 'pH_UL'];[10.0, 1.15, 5.5];[15.0, 1.2, 21.0];;;;;;;;13.29097374;1.163677691;;;17.15640733;;;;;;;;;;823.78015;35555.34468;;;27.70435011;;;0.373727042;0.380968879;56.60602317;0.810410584;0.303657247;10.85296567;0.021031092;0.16579445;1.618639413;0.240901719;0.301127149;2.027182795;0.462307571;0.066420454;17.77620276;-55.72198967;-50.65535131
Model_iteration_8;['Xmax', 'mu_max', 'pH_UL'];[1.15, 0.08, 5.5];[1.2, 0.16, 21.0];;;;;;;;;1.163402584;0.108621145;;20.58853218;;;;;;;;;;;75362.70285;2.547882587;;5.281700536;;;0.373571293;0.380810112;56.5810875;0.810202541;0.303579295;10.84877423;0.038872104;0.306440528;3.35271685;0.240857857;0.301072321;2.026545745;0.462468165;0.066443527;18.20228108;-55.6942045;-50.62756614
Model_iteration_40;['YX_N', 'Xmax', 'mu_max', 'pH_UL'];[10.0, 1.15, 0.08, 5.5];[15.0, 1.2, 0.16, 21.0];;;;;;;;10.03767236;1.153710132;0.123776796;;9.819172227;;;;;;;;;;1071.623093;9725.214595;30.17528142;;253.3264978;;;0.365008011;0.372080897;55.19341237;0.790520383;0.296204478;10.52812339;0.025615395;0.201933896;2.185202745;0.23654419;0.295680237;1.976683957;0.451321013;0.064841998;17.47085562;-55.64611299;-48.89059518
Model_iteration_45;['Xmax', 'mu_max', 'pH_UL'];[1.15, 0.08, 5.5];[1.2, 0.16, 21.0];;;;;;;;;1.16415955;0.154089468;;15.28172869;;;;;;;;;;;17694.86396;2.996805599;;20.27405899;;;0.373998405;0.3812455;56.64942449;0.810755438;0.303786463;10.85992244;0.038850778;0.306272413;3.350215778;0.240974389;0.301217987;2.028240413;0.462811308;0.066492827;18.22195078;-55.63486804;-50.56822968
Model_iteration_24;['Xmax', 'pH_UL'];[1.15, 5.5];[1.2, 21.0];;;;;;;;;1.183494164;;;19.10163296;;;;;;;;;;;84262.8797;;;360.7108981;;;0.385365977;0.392833346;58.42190003;0.832019502;0.311754013;11.27035524;0.038082639;0.30021694;3.259408075;0.245344661;0.306680826;2.090036065;0.474975704;0.068240505;18.76042485;-55.55933006;-52.18157115
Model_iteration_4;['YX_N', 'Xmax', 'pH_UL'];[10.0, 1.15, 5.5];[15.0, 1.2, 21.0];;;;;;;;12.55494062;1.165992418;;;12.44801284;;;;;;;;;;874.049782;293461.9877;;;759.31669;;;0.375027804;0.382294847;56.81356856;0.812020572;0.304260503;10.88542286;0.020280199;0.159874932;1.655971984;0.241240605;0.301550756;2.032115466;0.463311876;0.066564744;17.84676972;-55.54838826;-50.4817499
Model_iteration_43;['YX_C', 'Xmax', 'pH_UL'];[0.35, 1.15, 5.5];[0.8, 1.2, 21.0];;;;;;;0.502277698;;1.197551891;;;9.650755093;;;;;;;;;784.7064121;;43508.36221;;;20497.7818;;;0.392235509;0.399835991;59.50147265;0.801932724;0.300480631;10.72248124;0.03767089;0.296970996;3.213639239;0.246984668;0.308730834;2.118728529;0.463509793;0.066593179;18.88908041;-55.51422135;-50.44758299
Model_iteration_6;['Xmax', 'pH_UL'];[1.15, 5.5];[1.2, 21.0];;;;;;;;;1.184252637;;;15.79452739;;;;;;;;;;;193399.0584;;;22.49821899;;;0.385816205;0.393292298;58.49040654;0.832637201;0.311985462;11.28194667;0.038060685;0.300043871;3.25681187;0.24546914;0.306836425;2.091769698;0.475353176;0.068294737;18.78023369;-55.49577785;-52.11801894
Model_iteration_14;['Xmax', 'mu_max', 'pH_UL'];[1.15, 0.08, 5.5];[1.2, 0.16, 21.0];;;;;;;;;1.166082565;0.088587879;;14.49638795;;;;;;;;;;;111848.2044;4.189780507;;15.93319882;;;0.375085951;0.38235412;56.82281278;0.812337131;0.304379116;10.891634;0.038790486;0.305797113;3.343134268;0.241306693;0.301633366;2.033055873;0.463765756;0.066629954;18.27265923;-55.47005523;-50.40341687
Model_iteration_5;['YX_C', 'Xmax', 'mu_max', 'pH_UL'];[0.35, 1.15, 0.08, 5.5];[0.8, 1.2, 0.16, 21.0];;;;;;;0.797997555;;1.177158867;0.086081426;;11.34710642;;;;;;;;;489.3346178;;158855.8748;0.461187003;;3.148808317;;;0.381474787;0.388866755;57.82455119;0.782676417;0.293265378;16.46375771;0.038413514;0.30282533;3.298721922;0.243415544;0.30426943;2.063203589;0.452446713;0.065003729;19.9125586;-55.4468228;-48.69130498
Model_iteration_10;['YX_C', 'YX_N', 'Xmax', 'mu_max', 'pH_UL'];[0.35, 10.0, 1.15, 0.08, 5.5];[0.8, 15.0, 1.2, 0.16, 21.0];;;;;;;0.753314851;13.33367386;1.150050466;0.118291051;;10.88726204;;;;;;;;;503.8268106;807.8513986;89673.24033;5.123009087;;36.9450349;;;0.365976277;0.373067925;55.34209458;0.767218169;0.287473241;15.90248754;0.021448927;0.169088365;1.617045685;0.237483089;0.296853861;1.97706174;0.441424011;0.06342008;18.70967239;-55.41995124;-46.97555397
Model_iteration_19;['YX_N', 'Xmax', 'pH_UL'];[10.0, 1.15, 5.5];[15.0, 1.2, 21.0];;;;;;;;13.70427395;1.168385752;;;11.25357128;;;;;;;;;;802.3195162;321127.5052;;;4841.930874;;;0.376380365;0.383673617;57.02805717;0.813864261;0.304951325;10.92229255;0.021630678;0.170521165;1.627786422;0.241626832;0.30203354;2.037709562;0.464458994;0.066729552;17.90396143;-55.35056043;-50.28392206
Model_iteration_35;['YX_N', 'Xmax', 'pH_UL'];[10.0, 1.15, 5.5];[15.0, 1.2, 21.0];;;;;;;;13.21574084;1.167662212;;;16.24785438;;;;;;;;;;831.6917431;126679.9742;;;26.74075046;;;0.37601807;0.383304301;56.97072506;0.814542909;0.305205611;10.93509333;0.020850621;0.164371738;1.624752843;0.241766962;0.302208702;2.039634862;0.464692305;0.066763073;17.89255152;-55.31038423;-50.24374587
Model_iteration_32;['YX_N', 'Xmax', 'pH_UL'];[10.0, 1.15, 5.5];[15.0, 1.2, 21.0];;;;;;;;12.31283424;1.168155779;;;13.60515231;;;;;;;;;;892.035486;183613.1512;;;43.88495135;;;0.376291024;0.383582545;57.01392547;0.814672461;0.305254154;10.93779511;0.020231858;0.159493844;1.67066409;0.241794359;0.302242949;2.040047743;0.464801031;0.066778693;17.9156081;-55.29166841;-50.22503005
Model_iteration_20;['YX_N', 'Xmax', 'pH_UL'];[10.0, 1.15, 5.5];[15.0, 1.2, 21.0];;;;;;;;13.45593796;1.169052006;;;11.31963337;;;;;;;;;;817.7460039;320754.5537;;;3689.013023;;;0.376769239;0.384070027;57.08948164;0.814622185;0.305235316;10.9372314;0.021194551;0.167083043;1.613611171;0.24178483;0.302231038;2.039970816;0.464885329;0.066790805;17.92007376;-55.27716059;-50.21052223
Model_iteration_31;['YX_N', 'Xmax', 'pH_UL'];[10.0, 1.15, 5.5];[15.0, 1.2, 21.0];;;;;;;;14.90837573;1.168398292;;;16.03168563;;;;;;;;;;737.7002988;184847.7947;;;21.16483297;;;0.37644372;0.383738199;57.0380663;0.815305763;0.305491449;10.9501295;0.024151098;0.190390394;1.907742373;0.241925813;0.302407266;2.041909057;0.465173284;0.066832176;17.98446181;-55.22762315;-50.16098479
Model_iteration_40;['YX_C', 'mu_max', 'pH_UL'];[0.35, 0.08, 5.5];[0.8, 0.16, 21.0];;;;;;;0.494786854;;;0.123305785;;8.228133211;;;;;;;;;282.6299553;;;182.6753784;;1596.825253;;;0.419690989;0.427823485;46.15363684;0.809020807;0.303136504;14.62769555;0.031465043;0.248048433;2.671868741;0.187427256;0.23428407;2.259074589;0.465503549;0.066879625;16.42806893;-55.17084462;-50.10420626
Model_iteration_47;['Xmax', 'mu_max', 'pH_UL'];[1.15, 0.08, 5.5];[1.2, 0.16, 21.0];;;;;;;;;1.170108193;0.082152936;;12.04712465;;;;;;;;;;;321196.0151;48.04353092;;298.0903714;;;0.377364592;0.384676916;57.18331474;0.815476845;0.305555553;10.9542123;0.038671149;0.304856339;3.329121009;0.241962914;0.302453642;2.042541815;0.46568445;0.066905616;18.37729747;-55.13976155;-50.07312318
Model_iteration_39;['YX_C', 'YX_N', 'Xmax', 'mu_max', 'pH_UL'];[0.35, 10.0, 1.15, 0.08, 5.5];[0.8, 15.0, 1.2, 0.16, 21.0];;;;;;;0.764823956;12.79097994;1.165449266;0.100902202;;18.65300157;;;;;;;;;508.362051;856.8209893;27554.6507;0.88299753;;3.293996513;;;0.37474188;0.382003383;56.7680457;0.765822615;0.286950334;15.84432785;0.020425927;0.16102375;1.644022135;0.241285864;0.301607331;2.03272531;0.443156812;0.063669035;19.07228025;-55.10652746;-46.66213019
Model_iteration_45;['YX_N', 'Xmax', 'pH_UL'];[10.0, 1.15, 5.5];[15.0, 1.2, 21.0];;;;;;;;11.06806412;1.169924464;;;15.23926567;;;;;;;;;;996.2907782;145581.4294;;;1924.446802;;;0.37732734;0.384638941;57.17745476;0.81684694;0.306068922;10.98040798;0.022203632;0.175037932;1.783370961;0.242246078;0.302807598;2.046489055;0.466044796;0.066957387;17.99693069;-55.0778816;-50.01124323
Model_iteration_36;['YX_N', 'Xmax', 'pH_UL'];[10.0, 1.15, 5.5];[15.0, 1.2, 21.0];;;;;;;;13.83332058;1.17008158;;;18.52688202;;;;;;;;;;797.466815;279580.5063;;;48.85699947;;;0.377426304;0.384739824;57.19303274;0.817275904;0.306229653;10.98871167;0.021786506;0.1717496;1.643145957;0.242334648;0.30291831;2.047739655;0.466259384;0.066988217;17.96815751;-55.04105455;-49.97441619
Model_iteration_31;['Xmax', 'mu_max', 'pH_UL'];[1.15, 0.08, 5.5];[1.2, 0.16, 21.0];;;;;;;;;1.170437801;0.134484282;;13.66745828;;;;;;;;;;;61580.53089;9.851572723;;35.39845881;;;0.377614392;0.384931556;57.22261836;0.81705245;0.306145925;10.98455718;0.038616211;0.304423248;3.322579004;0.242288999;0.302861249;2.04711809;0.466466104;0.067017917;18.39421816;-55.00559369;-49.93895533
Model_iteration_43;['Xmax', 'pH_UL'];[1.15, 5.5];[1.2, 21.0];;;;;;;;;1.188697683;;;5.557396871;;;;;;;;;;;298752.6786;;;70.05480712;;;0.388519461;0.396047936;58.89938793;0.838238708;0.314084322;11.38549107;0.037868659;0.298530072;3.233973756;0.246588993;0.308236241;2.107186565;0.478495473;0.068746195;18.90650983;-54.96868239;-51.59092348
Model_iteration_19;['Xmax', 'pH_UL'];[1.15, 5.5];[1.2, 21.0];;;;;;;;;1.189852673;;;12.21638901;;;;;;;;;;;167072.387;;;97.56202834;;;0.389181667;0.396722974;58.99882588;0.838096466;0.314031025;11.38324261;0.037870675;0.298545961;3.234274248;0.24656168;0.3082021;2.106867293;0.478564234;0.068756075;18.93080251;-54.95718689;-51.57942798
Model_iteration_6;['pH_UL'];[5.5];[21.0];;;;;;;;;;;;8.092727842;;;;;;;;;;;;;;476369.3785;;;0.424667034;0.432895953;47.01277577;0.863717339;0.323631052;15.92884653;0.031340662;0.247067897;2.655052526;0.190083703;0.237604629;2.288355051;0.490780955;0.07051127;16.97125747;-54.94058966;-53.2517102
Model_iteration_9;['YX_N', 'Xmax', 'mu_max', 'pH_UL'];[10.0, 1.15, 0.08, 5.5];[15.0, 1.2, 0.16, 21.0];;;;;;;;12.96106172;1.151811527;0.148622914;;18.28220326;;;;;;;;;;1144.472891;41928.11754;7.524452474;;368.4270786;;;0.367045471;0.374157838;55.51920988;0.798319215;0.299126665;10.60546699;0.02079861;0.163961722;1.626429649;0.238322163;0.297902703;1.989407218;0.455320212;0.065416569;17.43512843;-54.94034757;-48.18482975
Model_iteration_21;['YX_N', 'Xmax', 'mu_max', 'pH_UL'];[10.0, 1.15, 0.08, 5.5];[15.0, 1.2, 0.16, 21.0];;;;;;;;11.84237178;1.152147851;0.137018876;;15.09717434;;;;;;;;;;907.6456879;13421.34623;7.701561577;;126.5851539;;;0.367222853;0.374338657;55.54855995;0.798372101;0.299146481;10.60670771;0.020326096;0.160236748;1.685664358;0.238334021;0.297917526;1.989601297;0.455375365;0.065424493;17.45763333;-54.93065785;-48.17514003
Model_iteration_12;['YX_C', 'YX_N'];[0.35, 10.0];[0.8, 15.0];;;;;;;0.422528706;14.25646684;;;;;;;;;;;;;245.5344793;773.2392633;;;;;;;0.303265557;0.309142038;27.09985788;0.901062687;0.337624188;18.97109302;0.025185596;0.198545656;2.09205381;0.11376302;0.142203774;1.488864735;0.478920741;0.068807294;12.41296736;-54.8976131;-51.51985419
Model_iteration_40;['Xmax', 'pH_UL'];[1.15, 5.5];[1.2, 21.0];;;;;;;;;1.190147602;;;13.16544526;;;;;;;;;;;9202.760446;;;54.34867015;;;0.389375801;0.396920869;59.02799526;0.838813941;0.314299859;11.3962991;0.037846944;0.298358883;3.23143477;0.246704226;0.308380283;2.108803149;0.478935723;0.068809447;18.94113307;-54.89511042;-51.51735151
Model_iteration_37;['Xmax', 'mu_max', 'pH_UL'];[1.15, 0.08, 5.5];[1.2, 0.16, 21.0];;;;;;;;;1.172398665;0.114206395;;12.61480586;;;;;;;;;;;15098.67963;1.357461879;;7.882947853;;;0.378739336;0.386078298;57.39906523;0.818662598;0.30674924;11.01616746;0.038556162;0.303949866;3.31551273;0.242622578;0.303278223;2.051891868;0.467440966;0.067157977;18.44565932;-54.83857716;-49.7719388
Model_iteration_17;['YX_N', 'Xmax', 'pH_UL'];[10.0, 1.15, 5.5];[15.0, 1.2, 21.0];;;;;;;;11.03898944;1.172477538;;;13.74507094;;;;;;;;;;999.2682994;169929.8819;;;41.81714657;;;0.378809339;0.386149658;57.41002542;0.819333607;0.307000664;11.02897678;0.022387607;0.176488261;1.796706755;0.242760597;0.303450746;2.053817816;0.467503472;0.067166957;18.07238169;-54.82788023;-49.76124187
Model_iteration_30;['Xmax', 'pH_UL'];[1.15, 5.5];[1.2, 21.0];;;;;;;;;1.191892541;;;10.9134982;;;;;;;;;;;328122.0929;;;15050.77232;;;0.390386649;0.397951305;59.17924815;0.839458829;0.314541496;11.40852935;0.037822148;0.298163412;3.228546741;0.246832966;0.308541208;2.110631715;0.479439749;0.068881861;18.98173899;-54.8109638;-51.43320489
Model_iteration_8;['YX_N', 'Xmax', 'mu_max', 'pH_UL'];[10.0, 1.15, 0.08, 5.5];[15.0, 1.2, 0.16, 21.0];;;;;;;;12.84007474;1.15568956;0.110317971;;10.70107373;;;;;;;;;;843.6434278;60709.33592;6.203492556;;46.43837063;;;0.369082611;0.376234452;55.85464856;0.799706084;0.299646319;10.63596095;0.020623781;0.162583489;1.633202637;0.238625234;0.298281543;1.994104358;0.456376801;0.065568371;17.52947913;-54.75491949;-47.99940167
Model_iteration_35;['YX_N', 'Xmax', 'mu_max', 'pH_UL'];[10.0, 1.15, 0.08, 5.5];[15.0, 1.2, 0.16, 21.0];;;;;;;;11.48861905;1.154233057;0.104234825;;13.78864705;;;;;;;;;;1004.073741;20756.02437;8.385371845;;146.68036;;;0.368366222;0.375504181;55.7369912;0.800061893;0.299779639;10.64218517;0.020740993;0.163507509;1.708055841;0.238699617;0.298374521;1.995042153;0.456399058;0.065571569;17.52056859;-54.75101794;-47.99550012
Model_iteration_29;['YX_C', 'YX_N', 'Xmax', 'mu_max', 'pH_UL'];[0.35, 10.0, 1.15, 0.08, 5.5];[0.8, 15.0, 1.2, 0.16, 21.0];;;;;;;0.519526042;11.12788768;1.18178175;0.139080257;;12.14386174;;;;;;;;;759.6786624;999.6216769;211355.7525;10.59129277;;129.4449219;;;0.384296674;0.391743323;58.25863457;0.764582983;0.286485849;10.46682091;0.022427791;0.176805051;1.799594767;0.244714784;0.30589348;2.081334526;0.445157108;0.06395642;18.1515962;-54.74624064;-46.30184337
Model_iteration_30;['YX_N', 'Xmax', 'mu_max', 'pH_UL'];[10.0, 1.15, 0.08, 5.5];[15.0, 1.2, 0.16, 21.0];;;;;;;;11.11448927;1.153990255;0.107841094;;17.86328339;;;;;;;;;;973.4652879;17513.15832;4.767406062;;76.57337088;;;0.368251766;0.375387507;55.71813982;0.800391413;0.299903109;10.6487548;0.021528008;0.16971179;1.732170661;0.23876982;0.298462275;1.996043224;0.456538678;0.065591628;17.52377713;-54.72654837;-47.97103056
Model_iteration_31;['YX_C', 'pH_UL'];[0.35, 5.5];[0.8, 21.0];;;;;;;0.792815439;;;;;19.33811046;;;;;;;;;638.8886647;;;;;2803.712214;;;0.576543914;0.587715804;90.7566808;0.702229068;0.263122114;11.44349438;0.028556578;0.225120128;2.317108955;0.308927169;0.386158961;3.27879936;0.480046879;0.068969088;26.94902087;-54.70972129;-51.33196238
Model_iteration_9;['YX_C', 'pH_UL'];[0.35, 5.5];[0.8, 21.0];;;;;;;0.788022967;;;;;16.01656773;;;;;;;;;641.063142;;;;;42.27511542;;;0.576536271;0.587708012;90.75547416;0.702280107;0.263141238;11.34343248;0.028563856;0.225177503;2.317706561;0.308869565;0.386086956;3.277727616;0.480054091;0.068970125;26.9235852;-54.70851932;-51.33076042
Model_iteration_47;['YX_N', 'Xmax', 'pH_UL'];[10.0, 1.15, 5.5];[15.0, 1.2, 21.0];;;;;;;;14.9000925;1.173912703;;;18.76960742;;;;;;;;;;809.1437263;49545.83196;;;1623.896215;;;0.379667703;0.387024655;57.5440597;0.821423014;0.307783556;11.06923494;0.023927621;0.188628661;1.883513573;0.243190249;0.303987811;2.059881377;0.468667622;0.067334213;18.1391724;-54.62891651;-49.56227815
Model_iteration_50;['YX_N', 'Xmax', 'pH_UL'];[10.0, 1.15, 5.5];[15.0, 1.2, 21.0];;;;;;;;13.03678147;1.175557892;;;14.19048247;;;;;;;;;;849.4626776;172895.8226;;;36.04165386;;;0.380623461;0.387998932;57.69271583;0.822770453;0.308288435;11.0953107;0.02052737;0.161823456;1.638450351;0.243467134;0.304333917;2.063809587;0.469447296;0.06744623;18.12257162;-54.4959394;-49.42930104
Model_iteration_16;['YX_N', 'Xmax', 'pH_UL'];[10.0, 1.15, 5.5];[15.0, 1.2, 21.0];;;;;;;;11.78776914;1.175413385;;;20.24530343;;;;;;;;;;941.3394029;110367.4746;;;931.4119129;;;0.380552958;0.387927063;57.6817816;0.823115266;0.308417636;11.10177332;0.020698284;0.163170824;1.706374172;0.243537276;0.304421595;2.064775906;0.46959507;0.067467461;18.13867625;-54.47076073;-49.40412237
Model_iteration_17;['YX_C', 'pH_UL'];[0.35, 5.5];[0.8, 21.0];;;;;;;0.756116043;;;;;15.16208835;;;;;;;;;668.3409671;;;;;2106.483676;;;0.576532527;0.587704196;90.75488388;0.706213668;0.264615126;10.78596034;0.028567241;0.225204189;2.317984368;0.308842921;0.386053652;3.277230563;0.481489236;0.069176314;26.78401479;-54.4697123;-51.09195339
Model_iteration_11;['YX_C', 'YX_N', 'Xmax', 'mu_max', 'pH_UL'];[0.35, 10.0, 1.15, 0.08, 5.5];[0.8, 15.0, 1.2, 0.16, 21.0];;;;;;;0.780238373;10.00663685;1.183654938;0.152828726;;10.33630665;;;;;;;;;503.1659541;1187.162289;11446.9584;15.86523475;;124.617796;;;0.385346972;0.392813973;58.41881039;0.767513166;0.287583776;15.90897162;0.028077996;0.221347319;2.457576129;0.244830285;0.306037856;2.083034455;0.446737896;0.064183535;19.71709815;-54.46265746;-46.01826019
Model_iteration_29;['Xmax', 'mu_max', 'pH_UL'];[1.15, 0.08, 5.5];[1.2, 0.16, 21.0];;;;;;;;;1.175135288;0.088219232;;20.93368602;;;;;;;;;;;148541.025;3.299182194;;1655.396884;;;0.380384994;0.387755845;57.65568708;0.822701401;0.308262562;11.09386388;0.038412292;0.302815696;3.298463294;0.243452661;0.304315826;2.063588574;0.469647485;0.067474991;18.52790071;-54.46183177;-49.39519341
Model_iteration_5;['Xmax', 'mu_max', 'pH_UL'];[1.15, 0.08, 5.5];[1.2, 0.16, 21.0];;;;;;;;;1.175359423;0.097579937;;17.91592394;;;;;;;;;;;10783.94982;0.318969082;;1.165364277;;;0.380513312;0.38788665;57.67561896;0.822810671;0.308303505;11.09600429;0.038408085;0.302782532;3.297971297;0.243475151;0.304343939;2.063910688;0.469724151;0.067486006;18.53337631;-54.44877357;-49.38213521
Model_iteration_22;['Xmax', 'mu_max', 'pH_UL'];[1.15, 0.08, 5.5];[1.2, 0.16, 21.0];;;;;;;;;1.175907114;0.13131234;;13.23416075;;;;;;;;;;;16086.72215;0.315287153;;1.744525361;;;0.380817754;0.388196991;57.72285789;0.822825385;0.308309018;11.09647889;0.038406314;0.302768567;3.297786642;0.243478625;0.304348282;2.063986277;0.469792684;0.067495852;18.54527743;-54.43710241;-49.37046405
Model_iteration_23;['YX_N', 'Xmax', 'pH_UL'];[10.0, 1.15, 5.5];[15.0, 1.2, 21.0];;;;;;;;12.4853374;1.175810849;;;19.26835633;;;;;;;;;;887.4556435;209313.3632;;;10.42503947;;;0.380786581;0.388165214;57.71803973;0.82351402;0.308567047;11.10942955;0.020233126;0.159503843;1.66714782;0.243618861;0.304523577;2.065926846;0.46982265;0.067500157;18.14013599;-54.43199964;-49.36536128
Model_iteration_46;['Xmax', 'mu_max', 'pH_UL'];[1.15, 0.08, 5.5];[1.2, 0.16, 21.0];;;;;;;;;1.175653864;0.141636897;;16.3654079;;;;;;;;;;;68510.90696;3.875297805;;10.84291378;;;0.380688345;0.388065074;57.70279323;0.823143985;0.308428396;11.1023941;0.038396148;0.302688423;3.296558574;0.243543418;0.304429272;2.064872;0.469914167;0.067513306;18.54165448;-54.41641799;-49.34977963
Model_iteration_1;['Xmax', 'mu_max', 'pH_UL'];[1.15, 0.08, 5.5];[1.2, 0.16, 21.0];;;;;;;;;1.176194155;0.144466302;;18.8405358;;;;;;;;;;;17096.12818;5.273318482;;194.3320771;;;0.381012313;0.38839532;57.75304082;0.823905621;0.308713778;11.11693687;0.038369191;0.302475915;3.293362608;0.243699083;0.304623854;2.067056151;0.470332939;0.067573471;18.55759911;-54.34515639;-49.27851803
Model_iteration_32;['Xmax', 'pH_UL'];[1.15, 5.5];[1.2, 21.0];;;;;;;;;1.195041747;;;16.6640818;;;;;;;;;;;22166.56196;;;103.5857517;;;0.392398923;0.400002572;59.51324753;0.845053889;0.31663794;11.50963409;0.037637171;0.296705182;3.210993834;0.247937962;0.309922453;2.125601538;0.482437245;0.069312516;19.08986925;-54.31235435;-50.93459545
Model_iteration_49;['Xmax', 'mu_max', 'pH_UL'];[1.15, 0.08, 5.5];[1.2, 0.16, 21.0];;;;;;;;;1.178988274;0.105980079;;10.60514879;;;;;;;;;;;76222.74839;14.26339676;;108.4919385;;;0.382517754;0.389929932;57.98537577;0.823928501;0.308722351;11.11891116;0.038360362;0.302406318;3.292487937;0.243705626;0.304632032;2.067375199;0.470649008;0.067618882;18.61603752;-54.29141344;-49.22477508
Model_iteration_24;['YX_N', 'Xmax', 'pH_UL'];[10.0, 1.15, 5.5];[15.0, 1.2, 21.0];;;;;;;;13.59959882;1.178207833;;;11.57011075;;;;;;;;;;817.0786938;324130.3226;;;1169.957147;;;0.382154322;0.389559458;57.92957143;0.824687627;0.309006792;11.1323721;0.02121628;0.167254337;1.613119124;0.243859883;0.304824854;2.069386686;0.470656292;0.067619928;18.18611233;-54.29017537;-49.223537
Model_iteration_36;['YX_C', 'YX_N', 'Xmax', 'mu_max', 'pH_UL'];[0.35, 10.0, 1.15, 0.08, 5.5];[0.8, 15.0, 1.2, 0.16, 21.0];;;;;;;0.779093785;13.59947593;1.160101658;0.106991776;;14.54882557;;;;;;;;;495.9582952;800.8754808;164126.0012;4.877114325;;36.2247464;;;0.371673813;0.378875864;56.27586368;0.778456975;0.291684372;16.31497113;0.021631527;0.170527859;1.627883293;0.240020198;0.300025248;2.014416009;0.447832085;0.064340738;19.05828353;-54.26695426;-45.82255699
Model_iteration_39;['YX_C', 'mu_max', 'pH_UL'];[0.35, 0.08, 5.5];[0.8, 0.16, 21.0];;;;;;;0.441096138;;;0.158456141;;7.636994199;;;;;;;;;264.8535142;;;2142.280065;;13837.79782;;;0.332433302;0.338874977;33.647507;0.870276053;0.326088573;18.34803747;0.034012776;0.26813298;2.960624384;0.135831013;0.169788766;1.817320182;0.471035891;0.067674466;14.19337226;-54.22567895;-49.15904058
Model_iteration_36;['YX_N', 'Xmax', 'mu_max', 'pH_UL'];[10.0, 1.15, 0.08, 5.5];[15.0, 1.2, 0.16, 21.0];;;;;;;;13.1490299;1.15926903;0.103361522;;15.74165576;;;;;;;;;;828.6307588;98763.74729;9.903921084;;535.6308351;;;0.371208357;0.378401389;56.20055415;0.805552318;0.301836877;10.75500863;0.020919657;0.164915975;1.622203306;0.239874612;0.299843265;2.012280964;0.45953445;0.066022036;17.64751176;-54.20330938;-47.44779156
Model_iteration_1;['Xmax', 'pH_UL'];[1.15, 5.5];[1.2, 21.0];;;;;;;;;1.196772138;;;12.4989946;;;;;;;;;;;169427.0519;;;728.0731987;;;0.393440924;0.401064764;59.69602309;0.846205075;0.317069285;11.53057493;0.037597074;0.296389083;3.207171738;0.248164527;0.310205659;2.128704773;0.483181633;0.069419463;19.14061863;-54.18901152;-50.81125261
Model_iteration_14;['YX_N', 'Xmax', 'mu_max', 'pH_UL'];[10.0, 1.15, 0.08, 5.5];[15.0, 1.2, 0.16, 21.0];;;;;;;;11.4417346;1.159691964;0.125239908;;14.28589085;;;;;;;;;;952.3515499;80530.67039;9.159285316;;1039.583923;;;0.371443688;0.37864128;56.23865317;0.805855095;0.301950326;10.76122674;0.0209416;0.165088959;1.715308902;0.239939117;0.299923897;2.013227786;0.459723335;0.066049173;17.68210415;-54.17043337;-47.41491555
Model_iteration_9;['Xmax', 'mu_max', 'pH_UL'];[1.15, 0.08, 5.5];[1.2, 0.16, 21.0];;;;;;;;;1.178624244;0.135057184;;13.46817828;;;;;;;;;;;143098.5194;9.288890424;;247.0213142;;;0.382431357;0.389841861;57.9723131;0.825895377;0.309459331;11.15511767;0.038296774;0.301905028;3.28481998;0.24410555;0.305131938;2.072795272;0.471542967;0.067747318;18.62126151;-54.13960422;-49.07296586
Model_iteration_18;['Xmax', 'mu_max', 'pH_UL'];[1.15, 0.08, 5.5];[1.2, 0.16, 21.0];;;;;;;;;1.179577791;0.12907468;;11.70207084;;;;;;;;;;;12882.33393;2.019239395;;12.70637285;;;0.382964045;0.390384871;58.054265;0.826100231;0.309536089;11.1593212;0.038287601;0.301832717;3.283772906;0.244147795;0.305184744;2.073431985;0.471745996;0.067776487;18.64269777;-54.10516664;-49.03852828
Model_iteration_15;['YX_C', 'Xmax', 'mu_max', 'pH_UL'];[0.35, 1.15, 0.08, 5.5];[0.8, 1.2, 0.16, 21.0];;;;;;;0.486231378;;1.163134848;0.148938088;;15.95131526;;;;;;;;;796.5474672;;179237.8289;10.46032196;;20.84369757;;;0.373413568;0.380649332;56.55582347;0.805260317;0.301727465;10.74872271;0.038889051;0.30657413;3.354719236;0.240761139;0.300951424;2.025154062;0.460260838;0.066126397;18.17110487;-54.07695295;-47.32143513
Model_iteration_40;['YX_C', 'Xmax', 'pH_UL'];[0.35, 1.15, 5.5];[0.8, 1.2, 21.0];;;;;;;0.497486412;;1.198767406;;;18.54002518;;;;;;;;;808.9619946;;228409.5527;;;13.97814073;;;0.394710793;0.402359239;59.91760214;0.819596364;0.307099118;11.03275251;0.037488264;0.295531299;3.196865063;0.248816275;0.311020343;2.137471168;0.471924178;0.067802087;19.07117272;-54.07495575;-49.00831738
Model_iteration_25;['Xmax', 'pH_UL'];[1.15, 5.5];[1.2, 21.0];;;;;;;;;1.197428983;;;19.18464481;;;;;;;;;;;111004.5472;;;1937.48442;;;0.393880144;0.401512495;59.77267747;0.847997589;0.317740932;11.56251353;0.037539281;0.295933483;3.201709748;0.248515497;0.310644371;2.133413707;0.484099842;0.069551384;19.16757861;-54.03712863;-50.65936972
Model_iteration_28;['YX_N', 'Xmax', 'pH_UL'];[10.0, 1.15, 5.5];[15.0, 1.2, 21.0];;;;;;;;10.48452767;1.180421274;;;5.605639738;;;;;;;;;;1064.006442;8493.841606;;;32.29351036;;;0.38351918;0.390950763;58.13965583;0.828889593;0.31058125;11.21156548;0.025188957;0.198572151;2.115241674;0.244712304;0.30589038;2.081241306;0.472933271;0.067947065;18.38692607;-53.90407817;-48.8374398
Model_iteration_30;['YX_C', 'YX_N', 'pH_UL'];[0.35, 10.0, 5.5];[0.8, 15.0, 21.0];;;;;;;0.411802148;11.76238468;;;;6.48391121;;;;;;;;;273.4657598;810.7305166;;;;1077318.233;;;0.279031495;0.284438384;30.90240592;0.89543832;0.335516763;19.49362408;0.025461064;0.200717251;2.284446856;0.119955898;0.149944873;1.612219378;0.472944512;0.06794868;13.57317406;-53.90217674;-48.83553838
Model_iteration_28;['YX_N', 'Xmax', 'mu_max', 'pH_UL'];[10.0, 1.15, 0.08, 5.5];[15.0, 1.2, 0.16, 21.0];;;;;;;;12.5586757;1.165995333;0.107290437;;10.18542418;;;;;;;;;;867.3504122;10691.68018;13.43432254;;108.4662493;;;0.374282215;0.381534811;56.69324175;0.808137819;0.302805652;10.82543357;0.020263019;0.159739495;1.651940542;0.240404588;0.300505735;2.022853997;0.461350969;0.066283018;17.79836746;-53.88769637;-47.13217855
Model_iteration_30;['YX_C', 'Xmax', 'mu_max', 'pH_UL'];[0.35, 1.15, 0.08, 5.5];[0.8, 1.2, 0.16, 21.0];;;;;;;0.477490787;;1.152932942;0.092954192;;15.12287007;;;;;;;;;802.2355146;;81950.49914;6.412113066;;19.56792188;;;0.36765041;0.374774498;55.6191585;0.812035064;0.304265933;10.88622537;0.03930374;0.309843249;3.403450878;0.238462797;0.298078496;1.991524694;0.461783786;0.066345201;17.97508986;-53.81267954;-47.05716172
Model_iteration_29;['YX_N', 'Xmax', 'pH_UL'];[10.0, 1.15, 5.5];[15.0, 1.2, 21.0];;;;;;;;14.54461147;1.181916049;;;15.25603452;;;;;;;;;;767.3496683;245912.0605;;;40.07362222;;;0.384410216;0.391859065;58.27604351;0.82995584;0.310980768;11.23176104;0.022873247;0.180316713;1.760204236;0.244928731;0.306160914;2.084271358;0.473579766;0.068039948;18.33807004;-53.79479359;-48.72815523
Model_iteration_50;['Xmax', 'mu_max', 'pH_UL'];[1.15, 0.08, 5.5];[1.2, 0.16, 21.0];;;;;;;;;1.181660513;0.103747025;;16.76444991;;;;;;;;;;;10511.13764;0.248079813;;0.996773316;;;0.384256429;0.391702298;58.25252432;0.82968166;0.310878034;11.22660766;0.038163854;0.300857181;3.269053276;0.244873366;0.306091707;2.083501081;0.473667633;0.068052572;18.70792158;-53.77995205;-48.71331369
Model_iteration_42;['YX_C', 'pH_UL'];[0.35, 5.5];[0.8, 21.0];;;;;;;0.720784272;;;;;12.1287938;;;;;;;;;700.4515564;;;;;1158.944711;;;0.576496689;0.587667664;90.74922115;0.718791376;0.269327937;10.66738243;0.028594673;0.22542044;2.320233677;0.308625754;0.385782192;3.273191499;0.486075351;0.069835208;26.75250719;-53.71132995;-50.33357105
Model_iteration_13;['YX_N', 'Xmax', 'mu_max', 'pH_UL'];[10.0, 1.15, 0.08, 5.5];[15.0, 1.2, 0.16, 21.0];;;;;;;;13.92404594;1.168606152;0.10808034;;5.803470937;;;;;;;;;;786.8038121;10797.06221;34.33933283;;2909.084139;;;0.3741785;0.381429085;56.67398991;0.810522311;0.303699111;10.90315672;0.021987169;0.173331495;1.661699075;0.240851073;0.301063841;2.034213181;0.462452333;0.066441252;17.81826472;-53.69694333;-46.94142552
Model_iteration_48;['Xmax', 'mu_max', 'pH_UL'];[1.15, 0.08, 5.5];[1.2, 0.16, 21.0];;;;;;;;;1.183156258;0.108864767;;12.77226966;;;;;;;;;;;12288.08393;0.763986538;;4.346217229;;;0.38512224;0.392584886;58.38469719;0.830481919;0.311177888;11.24191627;0.038133974;0.300621627;3.265547898;0.245035557;0.306294446;2.085797277;0.474214082;0.068131081;18.74448966;-53.68771276;-48.62107439
Model_iteration_5;['YX_C', 'pH_UL'];[0.35, 5.5];[0.8, 21.0];;;;;;;0.720069798;;;;;13.02426489;;;;;;;;;701.5756815;;;;;2611.232973;;;0.576513725;0.587685029;90.75191301;0.719288577;0.269514236;10.66546644;0.028582486;0.225324367;2.319234907;0.308722319;0.385902899;3.274986175;0.486279385;0.069864522;26.75290013;-53.67775634;-50.29999743
Model_iteration_44;['YX_N', 'Xmax', 'pH_UL'];[10.0, 1.15, 5.5];[15.0, 1.2, 21.0];;;;;;;;14.37444656;1.183013961;;;19.10197641;;;;;;;;;;777.9723953;284695.1537;;;1505.894002;;;0.385077322;0.392539097;58.37790923;0.831481177;0.311552305;11.26028837;0.022476143;0.177186222;1.7086205;0.245236288;0.30654536;2.088532654;0.474418461;0.068160445;18.35883769;-53.65324136;-48.586603
Model_iteration_15;['YX_C', 'YX_N', 'Xmax', 'mu_max', 'pH_UL'];[0.35, 10.0, 1.15, 0.08, 5.5];[0.8, 15.0, 1.2, 0.16, 21.0];;;;;;;0.792735956;11.70977035;1.161628036;0.14852875;;5.513858804;;;;;;;;;488.6969124;931.5081845;75822.33252;0.166261443;;41.08899388;;;0.372567024;0.379786383;56.41986924;0.786525977;0.294707791;16.59711856;0.020575748;0.162204834;1.700981313;0.240535705;0.300669631;2.021867549;0.451583349;0.064879688;19.18495917;-53.59962542;-45.15522815
Model_iteration_12;['YX_C', 'pH_UL'];[0.35, 5.5];[0.8, 21.0];;;;;;;0.590482983;;;;;9.138475731;;;;;;;;;672.9952129;;;;;2053582.942;;;0.523716111;0.533864338;79.92630143;0.770051966;0.288535053;11.24845924;0.028514096;0.224785229;2.224760513;0.28253647;0.353170588;3.103986258;0.486800397;0.069939377;24.12587686;-53.59208821;-50.2143293
Model_iteration_4;['Xmax', 'mu_max', 'pH_UL'];[1.15, 0.08, 5.5];[1.2, 0.16, 21.0];;;;;;;;;1.184118591;0.114840378;;17.96784687;;;;;;;;;;;63661.43075;4.42941226;;349.4394977;;;0.385737407;0.393211974;58.47842716;0.832576345;0.31196266;11.28079006;0.038062971;0.300061888;3.257079654;0.245456838;0.306821048;2.091596077;0.475308996;0.068288389;18.77697324;-53.50321346;-48.4365751
Model_iteration_2;['YX_N', 'Xmax', 'mu_max', 'pH_UL'];[10.0, 1.15, 0.08, 5.5];[15.0, 1.2, 0.16, 21.0];;;;;;;;10.19726175;1.168875252;0.093247845;;10.75694321;;;;;;;;;;1076.719103;77202.88461;4.602670093;;34.35826994;;;0.376561357;0.383858116;57.05657301;0.812988609;0.304623222;10.90628271;0.025904097;0.204209814;2.205749351;0.241444225;0.301805282;2.035288191;0.4641431;0.066684168;18.05097332;-53.40498953;-46.64947171
Model_iteration_42;['YX_C', 'YX_N', 'Xmax', 'mu_max', 'pH_UL'];[0.35, 10.0, 1.15, 0.08, 5.5];[0.8, 15.0, 1.2, 0.16, 21.0];;;;;;;0.507874388;11.38408242;1.181144336;0.108635151;;18.27763255;;;;;;;;;777.6512609;978.1273786;109365.913;4.267864131;;9.282494986;;;0.383951972;0.391391941;58.20593093;0.782989551;0.293382708;10.43726651;0.021665847;0.170798415;1.740921108;0.244786327;0.305982909;2.082282717;0.453012557;0.065085025;18.11660032;-53.34683469;-44.90243742
Model_iteration_30;['Xmax', 'mu_max', 'pH_UL'];[1.15, 0.08, 5.5];[1.2, 0.16, 21.0];;;;;;;;;1.188800372;0.151541672;;9.932387061;;;;;;;;;;;9750.052575;2.129982124;;17.68164038;;;0.388335121;0.395860024;58.8701728;0.834318005;0.312615252;11.31636975;0.037989192;0.29948027;3.248641198;0.245804039;0.307255049;2.096905904;0.476642818;0.068480022;18.88302241;-53.27903026;-48.21239189
Model_iteration_41;['YX_N', 'Xmax', 'mu_max', 'pH_UL'];[10.0, 1.15, 0.08, 5.5];[15.0, 1.2, 0.16, 21.0];;;;;;;;11.03151222;1.168492392;0.08495492;;14.0043293;;;;;;;;;;995.5153079;37681.59897;8.697684245;;44.93684976;;;0.376471692;0.383766714;57.04249132;0.814725146;0.305273895;10.93897126;0.022247674;0.175385131;1.786587061;0.241805602;0.302257002;2.040227715;0.464885176;0.066790783;17.95206934;-53.277187;-46.52166918
Model_iteration_29;['YX_N', 'Xmax', 'mu_max', 'pH_UL'];[10.0, 1.15, 0.08, 5.5];[15.0, 1.2, 0.16, 21.0];;;;;;;;11.13609484;1.169746523;0.127831372;;10.79344665;;;;;;;;;;981.7664408;70284.05405;76.31739423;;581.6122888;;;0.377132686;0.384440516;57.1467911;0.814618689;0.305234006;10.93753717;0.021919524;0.172798226;1.76165195;0.24178473;0.302230912;2.040022985;0.464965857;0.066802374;17.9715008;-53.2633042;-46.50778639
Model_iteration_21;['YX_C', 'Xmax', 'mu_max', 'pH_UL'];[0.35, 1.15, 0.08, 5.5];[0.8, 1.2, 0.16, 21.0];;;;;;;0.44575323;;1.190082611;0.118927779;;5.973521392;;;;;;;;;730.7281817;;9344.838585;186.7833308;;10702.28521;;;0.340681885;0.347283395;51.03636889;0.835415802;0.313026591;12.70092933;0.038292455;0.301870982;3.360047476;0.222113121;0.277641401;1.958697;0.464968886;0.066802809;17.26401067;-53.26278306;-46.50726524
Model_iteration_44;['YX_N', 'Xmax', 'mu_max', 'pH_UL'];[10.0, 1.15, 0.08, 5.5];[15.0, 1.2, 0.16, 21.0];;;;;;;;11.23035675;1.168362095;0.134006806;;5.740335095;;;;;;;;;;975.0019765;11176.35587;8.42057704;;852.8746213;;;0.376192208;0.383481814;56.9987602;0.815106418;0.305416756;10.94716402;0.021665602;0.170796482;1.740960798;0.241880207;0.302350259;2.041422037;0.464998517;0.066807067;17.93207676;-53.25768504;-46.50216722
Model_iteration_3;['YX_N', 'Xmax', 'mu_max', 'pH_UL'];[10.0, 1.15, 0.08, 5.5];[15.0, 1.2, 0.16, 21.0];;;;;;;;10.7126776;1.168154284;0.158541167;;17.56760135;;;;;;;;;;1025.283825;100278.319;3.364845282;;19.59955162;;;0.376306232;0.383598047;57.01632815;0.81518047;0.305444503;10.94761745;0.023454827;0.18490148;1.897765845;0.24189961;0.302374512;2.041528663;0.465078254;0.066818523;17.97581003;-53.24396795;-46.48845013
Model_iteration_18;['pH_UL'];[5.5];[21.0];;;;;;;;;;;;8.178718697;;;;;;;;;;;;;;574203.1988;;;0.43303273;0.441423754;48.5340554;0.882634831;0.330719352;16.17609432;0.031120688;0.245333777;2.625502602;0.194716051;0.243395064;2.340633221;0.501359259;0.072031071;17.41907139;-53.23458805;-51.5457086
Model_iteration_6;['YX_N', 'Xmax', 'mu_max', 'pH_UL'];[10.0, 1.15, 0.08, 5.5];[15.0, 1.2, 0.16, 21.0];;;;;;;;14.35075231;1.168663696;0.119665386;;16.04858895;;;;;;;;;;766.6011018;55568.99845;8.793172419;;44.67374748;;;0.376594255;0.383891652;57.06185201;0.815498571;0.305563694;10.95395748;0.022881628;0.180382779;1.761272232;0.241966039;0.302457549;2.042490406;0.465277414;0.066847136;17.95489303;-53.20971705;-46.45419923
Model_iteration_38;['YX_N', 'Xmax', 'pH_UL'];[10.0, 1.15, 5.5];[15.0, 1.2, 21.0];;;;;;;;12.45678633;1.187239163;;;19.25171458;;;;;;;;;;901.6876653;312953.6701;;;1831.080068;;;0.387628366;0.395139574;58.76501052;0.836252176;0.313339977;11.34897213;0.020256065;0.159684678;1.676699085;0.246193222;0.307741528;2.10175786;0.477125472;0.068549365;18.4731099;-53.19806231;-48.13142395
Model_iteration_17;['YX_N', 'Xmax', 'mu_max', 'pH_UL'];[10.0, 1.15, 0.08, 5.5];[15.0, 1.2, 0.16, 21.0];;;;;;;;11.41100207;1.180879103;0.113744798;;5.835685761;;;;;;;;;;969.8466111;10752.01618;57.19061517;;4335.304067;;;0.377550037;0.384865953;57.17167965;0.815579378;0.305593972;11.09233147;0.021174696;0.166926523;1.712241608;0.241732722;0.302165902;2.061648234;0.465455913;0.066872781;18.00947524;-53.1790316;-46.42351378
Model_iteration_15;['Xmax', 'mu_max', 'pH_UL'];[1.15, 0.08, 5.5];[1.2, 0.16, 21.0];;;;;;;;;1.18719612;0.119348657;;19.46876751;;;;;;;;;;;82267.06586;9.639830648;;469.3917676;;;0.387600533;0.395111201;58.76080473;0.836151002;0.313302068;11.34711709;0.037939505;0.299088569;3.242411851;0.246173044;0.307716305;2.101482131;0.477342447;0.068580538;18.86295395;-53.16169028;-48.09505192
Model_iteration_5;['YX_N', 'Xmax', 'mu_max', 'pH_UL'];[10.0, 1.15, 0.08, 5.5];[15.0, 1.2, 0.16, 21.0];;;;;;;;11.11074763;1.169369309;0.118363116;;15.71248385;;;;;;;;;;988.8791891;16656.78356;3.699993695;;32.03674788;;;0.377002356;0.38430766;57.12625338;0.816206076;0.305828793;10.96786973;0.022047489;0.173807011;1.771627158;0.242113111;0.302641389;2.04459384;0.46567907;0.066904843;17.97758603;-53.14068581;-46.385168
Model_iteration_40;['YX_N', 'Xmax', 'pH_UL'];[10.0, 1.15, 5.5];[15.0, 1.2, 21.0];;;;;;;;11.49591073;1.18814729;;;15.09554372;;;;;;;;;;976.1044866;189492.6362;;;37.12846304;;;0.388170606;0.395692321;58.84679511;0.836950555;0.313601657;11.36193657;0.021585072;0.170161636;1.733970234;0.246332958;0.307916198;2.103692103;0.477574207;0.068613836;18.51159851;-53.12285789;-48.05621953
Model_iteration_40;['YX_C', 'pH_UL'];[0.35, 5.5];[0.8, 21.0];;;;;;;0.704641087;;;;;16.8527722;;;;;;;;;717.1535323;;;;;5840.350872;;;0.576538979;0.587710773;90.75590231;0.728596486;0.273001868;10.62703161;0.028561339;0.225157656;2.317499799;0.308889515;0.386111894;3.278098466;0.489764871;0.070365288;26.74463305;-53.10638864;-49.72862973
Model_iteration_49;['YX_N', 'Xmax', 'mu_max', 'pH_UL'];[10.0, 1.15, 0.08, 5.5];[15.0, 1.2, 0.16, 21.0];;;;;;;;10.47165819;1.1700909;0.109726823;;15.36449441;;;;;;;;;;1050.625635;11935.4711;0.405276554;;1.826678158;;;0.377418913;0.384732289;57.19186936;0.816891686;0.306085688;10.9813363;0.024643481;0.194271999;2.043877039;0.242255465;0.302819331;2.046629609;0.466114813;0.066967447;18.06592808;-53.06586369;-46.31034588
Model_iteration_40;['YX_C', 'Xmax', 'mu_max', 'pH_UL'];[0.35, 1.15, 0.08, 5.5];[0.8, 1.2, 0.16, 21.0];;;;;;;0.473634857;;1.155768703;0.099143888;;12.16138184;;;;;;;;;811.472437;;13103.7236;19.50463671;;116.2277574;;;0.36919279;0.376346765;55.87255337;0.822417587;0.308156218;11.08982959;0.039224672;0.309219929;3.394220884;0.238884657;0.298605821;1.997826423;0.466711489;0.067053172;18.08860757;-52.96352066;-46.20800285
Model_iteration_38;['YX_N', 'Xmax', 'mu_max', 'pH_UL'];[10.0, 1.15, 0.08, 5.5];[15.0, 1.2, 0.16, 21.0];;;;;;;;10.53507274;1.172971616;0.095221864;;11.07292612;;;;;;;;;;1047.66758;320864.2127;525.0023856;;3767.369246;;;0.378999887;0.386343898;57.43977502;0.817854187;0.306446332;11.00110958;0.024384703;0.192231973;2.009035212;0.242456544;0.30307068;2.049632414;0.466879581;0.067077322;18.12488806;-52.93471281;-46.17919499
Model_iteration_21;['YX_N', 'Xmax', 'pH_UL'];[10.0, 1.15, 5.5];[15.0, 1.2, 21.0];;;;;;;;12.3119229;1.189970458;;;20.06497559;;;;;;;;;;914.8135695;79524.11433;;;1163.573626;;;0.389291287;0.396834718;59.01536468;0.839397983;0.314518697;11.40680641;0.020341181;0.160355672;1.686624631;0.24681987;0.308524837;2.110358215;0.4789234;0.068807676;18.55478849;-52.89716888;-47.83053052
Model_iteration_3;['YX_C', 'YX_N', 'Xmax', 'mu_max', 'pH_UL'];[0.35, 10.0, 1.15, 0.08, 5.5];[0.8, 15.0, 1.2, 0.16, 21.0];;;;;;;0.493261924;13.40030844;1.166238849;0.081312006;;16.15237448;;;;;;;;;787.8357008;817.9456372;22987.63405;0.21461196;;0.869231358;;;0.375184875;0.382454961;56.83853793;0.79463627;0.297746682;10.54469122;0.021148699;0.166721577;1.615031837;0.241392397;0.301740496;2.034274247;0.455776274;0.065482093;17.75813381;-52.86025729;-44.41586002
Model_iteration_22;['YX_C', 'YX_N', 'Xmax', 'mu_max', 'pH_UL'];[0.35, 10.0, 1.15, 0.08, 5.5];[0.8, 15.0, 1.2, 0.16, 21.0];;;;;;;0.516734453;14.38966658;1.199216476;0.120777949;;11.67850207;;;;;;;;;777.3638587;787.7495934;61285.88839;0.710306827;;4.475506383;;;0.394926369;0.402578994;59.95541372;0.782925076;0.29335855;10.43799602;0.022079307;0.174057842;1.670306207;0.248577109;0.310721386;2.134314762;0.455855401;0.065493461;18.54950768;-52.84636981;-44.40197254
Model_iteration_49;['YX_N', 'Xmax', 'pH_UL'];[10.0, 1.15, 5.5];[15.0, 1.2, 21.0];;;;;;;;12.48917359;1.190492062;;;19.24254189;;;;;;;;;;902.2670955;240655.9836;;;45.5988235;;;0.389608967;0.397158554;59.06301431;0.839963031;0.314730418;11.41715027;0.02025939;0.15971089;1.677220688;0.246931976;0.30866497;2.111893922;0.479249122;0.068854473;18.5673198;-52.84277829;-47.77613993
Model_iteration_18;['YX_C', 'pH_UL'];[0.35, 5.5];[0.8, 21.0];;;;;;;0.697780803;;;;;17.68653064;;;;;;;;;724.2435124;;;;;884.1963268;;;0.576541085;0.58771292;90.75623542;0.733392142;0.274798779;10.60952229;0.02855938;0.225142213;2.317339062;0.308904991;0.386131238;3.278386413;0.491554063;0.070622344;26.7403708;-52.81466797;-49.43690906
Model_iteration_25;['YX_N', 'Xmax', 'pH_UL'];[10.0, 1.15, 5.5];[15.0, 1.2, 21.0];;;;;;;;11.73865077;1.190903481;;;19.67592496;;;;;;;;;;960.3516625;69331.86239;;;1238.431728;;;0.389860944;0.397415413;59.10077391;0.840452948;0.314913988;11.42609724;0.021112753;0.166438209;1.720855315;0.247029113;0.308786392;2.113221364;0.479536715;0.068895792;18.59023696;-52.79478544;-47.72814708
Model_iteration_25;['Xmax', 'mu_max', 'pH_UL'];[1.15, 0.08, 5.5];[1.2, 0.16, 21.0];;;;;;;;;1.190637065;0.118256011;;19.3989076;;;;;;;;;;;51082.96137;3.356858222;;52.76586253;;;0.389695696;0.397246964;59.07601054;0.840070609;0.314770727;11.41913083;0.037805473;0.298031956;3.226940031;0.246953467;0.308691833;2.112189445;0.479582274;0.068902338;18.95856771;-52.78718527;-47.72054691
Model_iteration_50;['YX_N', 'Xmax', 'mu_max', 'pH_UL'];[10.0, 1.15, 0.08, 5.5];[15.0, 1.2, 0.16, 21.0];;;;;;;;14.26729838;1.1732689;0.103225458;;13.22751606;;;;;;;;;;774.1817799;67906.79804;13.16490837;;135.4894637;;;0.379255235;0.386604194;57.47970198;0.819756619;0.307159165;11.03735542;0.022576983;0.177981174;1.722104642;0.242848236;0.303560295;2.055088025;0.467792805;0.067208526;18.07356252;-52.77838441;-46.0228666
Model_iteration_16;['YX_N', 'Xmax', 'mu_max', 'pH_UL'];[10.0, 1.15, 0.08, 5.5];[15.0, 1.2, 0.16, 21.0];;;;;;;;10.40474046;1.174054452;0.154255757;;11.07262699;;;;;;;;;;1056.4596;11611.9413;1.854875835;;12.7973467;;;0.379683666;0.387040927;57.54651052;0.819812763;0.307180202;11.03876255;0.02513962;0.198183211;2.10925258;0.242860457;0.303575572;2.055307009;0.467938526;0.067229462;18.18745816;-52.75346779;-45.99794997
Model_iteration_18;['YX_C', 'mu_max', 'pH_UL'];[0.35, 0.08, 5.5];[0.8, 0.16, 21.0];;;;;;;0.79522667;;;0.153882929;;16.64895853;;;;;;;;;635.2807152;;;7.894240654;;2023.08937;;;0.57653884;0.587710631;90.75587963;0.702238624;0.263125695;11.49689404;0.028561593;0.225159663;2.317520793;0.308887551;0.386109439;3.27806164;0.480042551;0.068968467;26.96208903;-52.71044249;-47.64380413
Model_iteration_34;['YX_C', 'mu_max', 'pH_UL'];[0.35, 0.08, 5.5];[0.8, 0.16, 21.0];;;;;;;0.783728226;;;0.137911783;;20.42575574;;;;;;;;;644.2732958;;;3.008668641;;263.8845605;;;0.576544387;0.587716286;90.75675548;0.702464342;0.26321027;11.24677352;0.02855589;0.225114699;2.317052367;0.30893253;0.386165663;3.278900158;0.480133921;0.068981594;26.89987038;-52.69521691;-47.62857855
Model_iteration_10;['Xmax', 'mu_max', 'pH_UL'];[1.15, 0.08, 5.5];[1.2, 0.16, 21.0];;;;;;;;;1.191474156;0.138293726;;20.06399805;;;;;;;;;;;54895.39071;3.041276195;;370.370889;;;0.390209983;0.397771216;59.15301995;0.84110376;0.315157844;11.4379704;0.037770543;0.29775659;3.223634761;0.247158067;0.308947584;2.114983099;0.480164839;0.068986036;18.98240205;-52.69006559;-47.62342723
Model_iteration_5;['YX_C', 'YX_N', 'pH_UL'];[0.35, 10.0, 5.5];[0.8, 15.0, 21.0];;;;;;;0.792815143;10.61931653;;;;19.3654543;;;;;;;;;638.6858468;1784.976488;;;;786.9293363;;;0.576543878;0.587715767;90.75667502;0.702229093;0.263122123;11.44347537;0.043754633;0.344930983;3.937625262;0.308927321;0.386159152;3.278803137;0.480332983;0.069010193;27.3541447;-52.66205601;-47.59541765
Model_iteration_47;['YX_C', 'YX_N', 'pH_UL'];[0.35, 10.0, 5.5];[0.8, 15.0, 21.0];;;;;;;0.778051438;10.67646496;;;;10.81473968;;;;;;;;;645.7292694;1331.871695;;;;21688.84223;;;0.576441936;0.58761185;90.74056306;0.702631076;0.263272745;11.15142222;0.043020076;0.33914025;3.874007513;0.308362412;0.385453014;3.268302853;0.480342024;0.069011492;27.25857391;-52.66055036;-47.59391199
Model_iteration_31;['YX_C', 'YX_N', 'pH_UL'];[0.35, 10.0, 5.5];[0.8, 15.0, 21.0];;;;;;;0.798917491;10.15653258;;;;5.50585429;;;;;;;;;632.7900043;1403.147876;;;;434.6658142;;;0.57654907;0.58772106;90.75749382;0.702336154;0.263162239;11.56867673;0.048528359;0.382563702;4.403038438;0.309010261;0.386262826;3.280344275;0.480501625;0.069034422;27.50238832;-52.63397348;-47.56733512
Model_iteration_28;['YX_C', 'mu_max', 'pH_UL'];[0.35, 0.08, 5.5];[0.8, 0.16, 21.0];;;;;;;0.76247058;;;0.140478836;;10.02812755;;;;;;;;;653.9837887;;;39.79047403;;325.634366;;;0.576334177;0.587502002;90.72286372;0.704347165;0.263915755;10.8917947;0.028671205;0.226023764;2.326457425;0.308008035;0.385010044;3.261838995;0.48061341;0.069050483;26.80073871;-52.61536428;-47.54872591
Model_iteration_27;['YX_C', 'YX_N', 'pH_UL'];[0.35, 10.0, 5.5];[0.8, 15.0, 21.0];;;;;;;0.766066431;11.19195298;;;;18.11838961;;;;;;;;;663.7581827;1610.550585;;;;1746.186705;;;0.576541862;0.587713712;90.75635721;0.70431972;0.263905472;10.91366554;0.038590026;0.304216829;3.482474203;0.308911621;0.386139526;3.278510279;0.480983983;0.069103724;27.10775181;-52.55370478;-47.48706642
Model_iteration_47;['YX_N', 'Xmax', 'mu_max', 'pH_UL'];[10.0, 1.15, 0.08, 5.5];[15.0, 1.2, 0.16, 21.0];;;;;;;;13.74637717;1.177284266;0.13298898;;10.13375916;;;;;;;;;;802.9651677;9433.983859;1.871107877;;15.1535116;;;0.381441169;0.388832486;57.8187951;0.821684341;0.307881474;11.07725287;0.021513151;0.169594662;1.620124985;0.24324367;0.304054588;2.061096425;0.469119607;0.06739915;18.14431735;-52.55180148;-45.79628367
Model_iteration_37;['YX_N', 'Xmax', 'pH_UL'];[10.0, 1.15, 5.5];[15.0, 1.2, 21.0];;;;;;;;11.70897236;1.193358322;;;16.9095867;;;;;;;;;;963.3313273;195508.179;;;17.05720265;;;0.391362372;0.398945935;59.33089192;0.843123533;0.315914644;11.47471866;0.021233305;0.167388557;1.724410626;0.24755761;0.309447013;2.120433902;0.481081444;0.069117726;18.66261378;-52.53749613;-47.47085777
Model_iteration_41;['Xmax', 'mu_max', 'pH_UL'];[1.15, 0.08, 5.5];[1.2, 0.16, 21.0];;;;;;;;;1.194281843;0.133295063;;11.55049492;;;;;;;;;;;14946.287;19.06988825;;123.3597751;;;0.391872956;0.399466413;59.42107407;0.84261367;0.315723601;11.46589137;0.037716131;0.297327649;3.218440357;0.247457583;0.309321979;2.119137688;0.481201614;0.069134991;19.05613587;-52.51751532;-47.45087695
Model_iteration_22;['YX_N', 'Xmax', 'mu_max', 'pH_UL'];[10.0, 1.15, 0.08, 5.5];[15.0, 1.2, 0.16, 21.0];;;;;;;;12.13013126;1.1758048;0.155614706;;14.87077447;;;;;;;;;;913.963211;75381.44209;6.85111671;;46.02495009;;;0.380773578;0.388151959;57.71601661;0.823173445;0.308439435;11.10300109;0.0203377;0.16032823;1.686460097;0.243549488;0.30443686;2.064963259;0.469662915;0.067477208;18.14261026;-52.45920352;-45.7036857
Model_iteration_41;['YX_C', 'pH_UL'];[0.35, 5.5];[0.8, 21.0];;;;;;;0.69004648;;;;;16.96320068;;;;;;;;;732.3274243;;;;;2127.272318;;;0.576539336;0.587711137;90.7559597;0.73931339;0.277017445;10.58943014;0.028561052;0.225155392;2.317476324;0.308891778;0.386114723;3.278139616;0.493764053;0.070939856;26.73525144;-52.45580015;-49.07804124
Model_iteration_19;['Xmax', 'mu_max', 'pH_UL'];[1.15, 0.08, 5.5];[1.2, 0.16, 21.0];;;;;;;;;1.193714208;0.14854521;;19.213975;;;;;;;;;;;185411.8409;2.260093917;;5.438499902;;;0.391584862;0.399172736;59.37007341;0.843671889;0.316120111;11.4846246;0.037683827;0.297072988;3.215419938;0.247665625;0.309582031;2.121898619;0.481632457;0.069196891;19.04800414;-52.44591954;-47.37928117
Model_iteration_42;['Xmax', 'mu_max', 'pH_UL'];[1.15, 0.08, 5.5];[1.2, 0.16, 21.0];;;;;;;;;1.196356714;0.144270791;;10.2579064;;;;;;;;;;;11799.16453;0.459160291;;3.64437884;;;0.393079619;0.400696458;59.63328226;0.843608527;0.316096369;11.48448765;0.037679305;0.297037333;3.214901897;0.247654014;0.309567517;2.121900975;0.481907453;0.0692364;19.1136432;-52.40025512;-47.33361676
Model_iteration_34;['YX_N', 'Xmax', 'pH_UL'];[10.0, 1.15, 5.5];[15.0, 1.2, 21.0];;;;;;;;12.73301885;1.196395434;;;10.76051214;;;;;;;;;;888.6453207;329296.1429;;;21655.26076;;;0.393150907;0.400769128;59.64551752;0.844467466;0.31641821;11.49963952;0.020234457;0.159514335;1.666865095;0.247823326;0.309779158;2.124139708;0.482057769;0.069257996;18.73404046;-52.37530551;-47.30866715
Model_iteration_45;['YX_C', 'YX_N'];[0.35, 10.0];[0.8, 15.0];;;;;;;0.416970767;10.03780834;;;;;;;;;;;;;248.696463;1094.574334;;;;;;;0.303134084;0.309008018;27.08329376;0.933286906;0.34969846;19.71610255;0.040350134;0.318092286;3.624761664;0.113704935;0.142131169;1.487886915;0.494335834;0.071022005;12.97801122;-52.36321333;-48.98545442
Model_iteration_13;['Xmax', 'mu_max', 'pH_UL'];[1.15, 0.08, 5.5];[1.2, 0.16, 21.0];;;;;;;;;1.195257254;0.086657413;;13.64074769;;;;;;;;;;;133944.575;6.214002955;;41.38107035;;;0.392498306;0.400103881;59.53084844;0.844380788;0.316385732;11.4977195;0.037657958;0.296869054;3.212942949;0.247805792;0.30975724;2.123845196;0.482146157;0.069270695;19.09133902;-52.36063839;-47.29400003
Model_iteration_24;['YX_N', 'Xmax', 'mu_max', 'pH_UL'];[10.0, 1.15, 0.08, 5.5];[15.0, 1.2, 0.16, 21.0];;;;;;;;11.02297632;1.178303884;0.097125859;;11.63284005;;;;;;;;;;1006.484387;22148.7235;0.495810818;;3.19664661;;;0.382181143;0.389586798;57.9336776;0.824244551;0.308840774;11.12415522;0.02262359;0.178348587;1.813106238;0.243769741;0.304712176;2.068156492;0.470472374;0.067593504;18.23477389;-52.32144302;-45.5659252
Model_iteration_26;['Xmax', 'mu_max', 'pH_UL'];[1.15, 0.08, 5.5];[1.2, 0.16, 21.0];;;;;;;;;1.194991641;0.11178978;;19.07300578;;;;;;;;;;;12782.08298;4.681814246;;27.22578243;;;0.392369158;0.39997223;59.50801558;0.845062461;0.316641152;11.50977787;0.037636995;0.296703795;3.210978339;0.247939552;0.30992444;2.125621459;0.482435147;0.069312215;19.08859831;-52.31270223;-47.24606386
Model_iteration_20;['YX_N', 'Xmax', 'mu_max', 'pH_UL'];[10.0, 1.15, 0.08, 5.5];[15.0, 1.2, 0.16, 21.0];;;;;;;;14.45090629;1.180543023;0.108883458;;10.35124059;;;;;;;;;;766.4875035;10421.32117;6.02953437;;47.57714906;;;0.383329155;0.390757056;58.10921271;0.825072173;0.30915088;11.14324415;0.022796408;0.179710968;1.750598921;0.24393474;0.304918426;2.071002794;0.471091596;0.067682469;18.26851464;-52.21621868;-45.46070087
Model_iteration_26;['YX_N', 'Xmax', 'pH_UL'];[10.0, 1.15, 5.5];[15.0, 1.2, 21.0];;;;;;;;12.94693197;1.19729347;;;11.61519463;;;;;;;;;;875.4331203;321084.5889;;;948.6104779;;;0.393743973;0.401373686;59.74910914;0.846309003;0.317108226;11.53257984;0.020279661;0.159870686;1.656935834;0.248185123;0.310231404;2.129005008;0.483032185;0.069397992;18.76690746;-52.21375942;-47.14712106
Model_iteration_12;['YX_C', 'mu_max', 'pH_UL'];[0.35, 0.08, 5.5];[0.8, 0.16, 21.0];;;;;;;0.740291071;;;0.09264979;;20.57518581;;;;;;;;;682.2864372;;;8.490018747;;24.57806325;;;0.576539598;0.587711404;90.75599993;0.71081923;0.266340809;10.71260124;0.028559231;0.225141037;2.317326582;0.308906003;0.386132504;3.278407179;0.483192621;0.069421042;26.76608373;-52.18719236;-47.120554
Model_iteration_45;['YX_C', 'mu_max', 'pH_UL'];[0.35, 0.08, 5.5];[0.8, 0.16, 21.0];;;;;;;0.616938499;;;0.08513215;;9.826190589;;;;;;;;;688.3929978;;;41.23551396;;338.9105103;;;0.537291297;0.547702575;82.89369026;0.74983642;0.280960377;10.59095348;0.028514817;0.224790907;2.238667631;0.289815802;0.362269752;3.148622943;0.483669021;0.069489487;24.71798358;-52.10835574;-47.04171738
Model_iteration_18;['YX_N', 'Xmax', 'pH_UL'];[10.0, 1.15, 5.5];[15.0, 1.2, 21.0];;;;;;;;11.68801485;1.197511318;;;19.26405011;;;;;;;;;;969.3039165;205466.4747;;;10.47318219;;;0.39393133;0.401564673;59.78161818;0.848097431;0.317778342;11.56430013;0.021395655;0.16866841;1.728911537;0.248535081;0.310668851;2.133677787;0.483910788;0.069524222;18.80212691;-52.06837686;-47.0017385
Model_iteration_23;['Xmax', 'mu_max', 'pH_UL'];[1.15, 0.08, 5.5];[1.2, 0.16, 21.0];;;;;;;;;1.197249466;0.096521703;;19.80544464;;;;;;;;;;;34844.22464;3.67708937;;33.2672793;;;0.393765224;0.401395348;59.75260941;0.847685208;0.317623884;11.55694106;0.037549472;0.29601382;3.202674801;0.248454346;0.310567933;2.132591819;0.483932017;0.069527272;19.16120427;-52.06486741;-46.99822905
Model_iteration_4;['YX_N', 'Xmax', 'mu_max', 'pH_UL'];[10.0, 1.15, 0.08, 5.5];[15.0, 1.2, 0.16, 21.0];;;;;;;;10.43283741;1.17942283;0.118828244;;16.614039;;;;;;;;;;1065.62716;41125.13484;6.791437448;;530.512411;;;0.38292153;0.390341533;58.04778412;0.827240863;0.309963478;11.18051532;0.025378361;0.200065279;2.139521919;0.244378805;0.305473507;2.076599225;0.472049099;0.067820035;18.36110515;-52.0537821;-45.29826428
Model_iteration_27;['Xmax', 'mu_max', 'pH_UL'];[1.15, 0.08, 5.5];[1.2, 0.16, 21.0];;;;;;;;;1.197549867;0.104128903;;18.26823331;;;;;;;;;;;245532.2163;4.149603771;;364.8656243;;;0.393949807;0.401583508;59.78486966;0.847968427;0.317730004;11.56202994;0.03753994;0.295938682;3.20176882;0.24850989;0.310637362;2.133343763;0.484100536;0.069551484;19.17050304;-52.037014;-46.97037564
Model_iteration_42;['YX_C', 'mu_max', 'pH_UL'];[0.35, 0.08, 5.5];[0.8, 0.16, 21.0];;;;;;;0.731588959;;;0.135091111;;13.15078224;;;;;;;;;690.101705;;;11.01364915;;46.12763741;;;0.576511156;0.587682411;90.75150913;0.713927677;0.267505531;10.69287061;0.028583808;0.225334785;2.319343216;0.308711793;0.385889741;3.274790856;0.484297906;0.06957984;26.75962845;-52.00440428;-46.93776592
Model_iteration_31;['YX_N', 'Xmax', 'mu_max', 'pH_UL'];[10.0, 1.15, 0.08, 5.5];[15.0, 1.2, 0.16, 21.0];;;;;;;;12.25066217;1.180130528;0.123507898;;15.64217287;;;;;;;;;;908.3756844;28032.76391;5.957322752;;169.4073371;;;0.383340677;0.390768801;58.11218538;0.827930657;0.310221941;11.19359878;0.020299437;0.160026593;1.68278788;0.244518855;0.305648568;2.078559308;0.472393053;0.067869451;18.26678284;-51.99551208;-45.23999426
Model_iteration_37;['YX_C', 'pH_UL'];[0.35, 5.5];[0.8, 21.0];;;;;;;0.680607889;;;;;19.80790403;;;;;;;;;742.5737265;;;;;813.5706946;;;0.576544505;0.587716406;90.75677403;0.747509783;0.280088597;10.56416659;0.028555969;0.225115325;2.317058908;0.308931922;0.386164902;3.278888644;0.496847265;0.071382826;26.72922204;-51.95780917;-48.58005026
Model_iteration_26;['YX_C', 'mu_max', 'pH_UL'];[0.35, 0.08, 5.5];[0.8, 0.16, 21.0];;;;;;;0.728395018;;;0.12901925;;11.32833573;;;;;;;;;691.4787735;;;616.6495104;;4360.641963;;;0.576456442;0.587626637;90.74285825;0.714957232;0.2678913;10.68589741;0.028618737;0.225610141;2.32220329;0.308434887;0.385543609;3.26964855;0.484617629;0.069625775;26.75515188;-51.95160744;-46.88496907
Model_iteration_43;['YX_N', 'Xmax', 'pH_UL'];[10.0, 1.15, 5.5];[15.0, 1.2, 21.0];;;;;;;;10.42808643;1.199124729;;;16.34594268;;;;;;;;;;1090.086069;47824.3023;;;321.4962822;;;0.394928845;0.402581517;59.95559566;0.849795332;0.318414538;11.5946743;0.026592406;0.209635966;2.287645047;0.248867039;0.311083798;2.138160145;0.484964653;0.069675633;18.99401879;-51.89434174;-46.82770338
Model_iteration_16;['YX_C', 'mu_max', 'pH_UL'];[0.35, 0.08, 5.5];[0.8, 0.16, 21.0];;;;;;;0.720758655;;;0.110836162;;12.86695179;;;;;;;;;700.0713769;;;23.87817268;;59.96634221;;;0.576495935;0.587666895;90.74910239;0.718820271;0.269338764;10.6672933;0.028593149;0.225408427;2.320108464;0.308637726;0.385797158;3.273416365;0.486087687;0.069836981;26.75248013;-51.70929958;-46.64266121
Model_iteration_1;['YX_C', 'YX_N', 'Xmax', 'pH_UL'];[0.35, 10.0, 1.15, 5.5];[0.8, 15.0, 1.2, 21.0];;;;;;;0.49176406;11.52703753;1.19504832;;;12.27850332;;;;;;;;;814.6578403;980.3398124;193127.8733;;;102.3597338;;;0.392371099;0.399974208;59.5085089;0.826682115;0.309754118;11.16959983;0.021696209;0.171037767;1.743529681;0.247750171;0.309687714;2.123088455;0.474133228;0.068119465;18.63618172;-51.701354;-44.94583618
Model_iteration_20;['YX_C', 'Xmax', 'pH_UL'];[0.35, 1.15, 5.5];[0.8, 1.2, 21.0];;;;;;;0.44554876;;1.166852591;;;9.370791934;;;;;;;;;815.0761934;;11676.48891;;;38670.27913;;;0.360039202;0.367015805;54.34673546;0.872757333;0.327018297;12.53758175;0.03891696;0.306794148;3.385844697;0.233179611;0.291474514;1.984805557;0.486626358;0.069914372;18.06374187;-51.62069457;-46.55405621
Model_iteration_28;['YX_C', 'pH_UL'];[0.35, 5.5];[0.8, 21.0];;;;;;;0.67454033;;;;;20.0267189;;;;;;;;;750.8624117;;;;;2222.807221;;;0.576544805;0.587716712;90.75682189;0.753248222;0.282238764;10.54760619;0.028555707;0.225113256;2.317037385;0.308934008;0.386167509;3.27892642;0.499009631;0.071693497;26.72509797;-51.6103907;-48.23263179
Model_iteration_36;['YX_C', 'pH_UL'];[0.35, 5.5];[0.8, 21.0];;;;;;;0.670525285;;;;;10.09092296;;;;;;;;;744.2863457;;;;;33660.87017;;;0.576372362;0.587540928;90.72946228;0.755252484;0.282989752;10.53820143;0.028662147;0.225952359;2.325745284;0.308088609;0.385110762;3.263239457;0.499587711;0.07177655;26.71416211;-51.5177679;-48.14000899
Model_iteration_35;['YX_N', 'pH_UL'];[10.0, 5.5];[15.0, 21.0];;;;;;;;14.70275115;;;;8.16260773;;;;;;;;;;958.1951017;;;;553682.0175;;;0.431851596;0.440219733;48.27627767;0.879879533;0.329686954;16.13609308;0.020332294;0.160285615;1.665757271;0.193980605;0.242475756;2.331473432;0.499681316;0.071789999;17.10240036;-51.5027801;-48.12502119
Model_iteration_24;['YX_C', 'YX_N', 'pH_UL'];[0.35, 10.0, 5.5];[0.8, 15.0, 21.0];;;;;;;0.710094203;12.25738876;;;;17.29548973;;;;;;;;;711.6668804;1162.269119;;;;5051.169718;;;0.576540117;0.587711933;90.75608323;0.72514766;0.271709609;10.64066484;0.030860989;0.243286495;2.749190306;0.30889815;0.386122688;3.278258823;0.488520241;0.07018647;26.8560493;-51.30994988;-46.24331151
Model_iteration_34;['YX_N', 'Xmax', 'mu_max', 'pH_UL'];[10.0, 1.15, 0.08, 5.5];[15.0, 1.2, 0.16, 21.0];;;;;;;;10.42595119;1.191681348;0.101144808;;10.1994098;;;;;;;;;;1077.84831;41910.22724;167.7082565;;1355.485584;;;0.389188534;0.396729974;58.98598443;0.835249487;0.312964274;11.35455779;0.025876838;0.203994929;2.206764294;0.245946782;0.307433478;2.10234486;0.477040054;0.068537093;18.66241284;-51.21238575;-44.45686794
Model_iteration_17;['YX_N', 'pH_UL'];[10.0, 5.5];[15.0, 21.0];;;;;;;;10.19175955;;;;8.181314676;;;;;;;;;;1382.575204;;;;576436.694;;;0.433059096;0.441450631;48.55736514;0.882721789;0.330751935;16.17865291;0.041485535;0.327042999;3.752078173;0.194765021;0.243456276;2.341551323;0.501595554;0.07206502;17.70741189;-51.19689222;-47.81913331
Model_iteration_42;['YX_N', 'Xmax', 'mu_max', 'pH_UL'];[10.0, 1.15, 0.08, 5.5];[15.0, 1.2, 0.16, 21.0];;;;;;;;12.62344597;1.189016288;0.087443098;;12.20187095;;;;;;;;;;888.0761029;51926.08164;0.715315829;;4.225440075;;;0.388638786;0.396169574;58.91716601;0.836482592;0.313426313;11.35376687;0.020232881;0.159501908;1.66785363;0.246240241;0.307800301;2.102486642;0.477437655;0.068594217;18.51031829;-51.14573541;-44.39021759
Model_iteration_49;['YX_C', 'mu_max', 'pH_UL'];[0.35, 0.08, 5.5];[0.8, 0.16, 21.0];;;;;;;0.703105861;;;0.154847783;;11.19150377;;;;;;;;;717.0681018;;;18.98521047;;128.3565743;;;0.57646676;0.587637155;90.74448784;0.728909335;0.273119091;10.62400738;0.028614047;0.225573172;2.321819884;0.308472218;0.385590273;3.270339975;0.489795012;0.070369618;26.74016377;-51.1014654;-46.03482704
Model_iteration_18;['YX_N', 'Xmax', 'mu_max', 'pH_UL'];[10.0, 1.15, 0.08, 5.5];[15.0, 1.2, 0.16, 21.0];;;;;;;;12.87648211;1.189121041;0.150685221;;19.26080766;;;;;;;;;;873.5815481;80094.43054;4.563826553;;485.3822135;;;0.388772488;0.396305866;58.93742067;0.83839626;0.314143356;11.38844733;0.020288355;0.159939225;1.655912716;0.246620668;0.308275835;2.107630313;0.478352826;0.068725701;18.52235276;-50.99253506;-44.23701724
Model_iteration_16;['YX_C', 'Xmax', 'pH_UL'];[0.35, 1.15, 5.5];[0.8, 1.2, 21.0];;;;;;;0.451766243;;1.155792544;;;15.3564244;;;;;;;;;851.8524033;;24399.16319;;;63.44397407;;;0.369256442;0.376411651;55.88287426;0.878257152;0.329079055;12.08660664;0.039180989;0.308875565;3.389037859;0.239140729;0.298925912;2.001517622;0.491530616;0.070618975;18.34000909;-50.81848412;-45.75184575
Model_iteration_43;['YX_N', 'Xmax', 'mu_max', 'pH_UL'];[10.0, 1.15, 0.08, 5.5];[15.0, 1.2, 0.16, 21.0];;;;;;;;11.35215979;1.191109511;0.094254233;;17.20766559;;;;;;;;;;990.9080541;65696.01423;5.466139805;;302.0314412;;;0.389976898;0.397533615;59.11811674;0.84036953;0.314882732;11.42465248;0.022086162;0.17411188;1.774684041;0.247012878;0.308766097;2.113011702;0.479532608;0.068895202;18.60761624;-50.79547064;-44.03995282
Model_iteration_27;['YX_N', 'Xmax', 'mu_max', 'pH_UL'];[10.0, 1.15, 0.08, 5.5];[15.0, 1.2, 0.16, 21.0];;;;;;;;11.77330524;1.191028752;0.122055273;;18.92041453;;;;;;;;;;957.6291462;37258.90969;6.660909162;;525.4694527;;;0.389934829;0.39749073;59.11183322;0.840504727;0.314933389;11.42706374;0.021045229;0.16590589;1.718764057;0.247039566;0.308799458;2.113366818;0.479575024;0.068901296;18.59275696;-50.78839467;-44.03287685
Model_iteration_1;['YX_N', 'Xmax', 'mu_max', 'pH_UL'];[10.0, 1.15, 0.08, 5.5];[15.0, 1.2, 0.16, 21.0];;;;;;;;13.22115433;1.192531762;0.149099903;;11.32904986;;;;;;;;;;851.2681511;59628.35931;0.691766263;;4.568014898;;;0.390796424;0.398369021;59.24050392;0.840574679;0.3149596;11.42879145;0.02050018;0.161609109;1.640021711;0.247054189;0.308817736;2.113636963;0.479776945;0.068930306;18.60573851;-50.75471855;-43.99920073
Model_iteration_7;['YX_N', 'Xmax', 'mu_max', 'pH_UL'];[10.0, 1.15, 0.08, 5.5];[15.0, 1.2, 0.16, 21.0];;;;;;;;11.45751278;1.199798106;0.104612005;;10.01629626;;;;;;;;;;983.1854258;11006.06626;41.23606049;;337.9844926;;;0.39231743;0.3999195;59.52724235;0.840352103;0.314876202;11.49091698;0.021762239;0.171558303;1.753674823;0.24685674;0.308570925;2.122027008;0.479978246;0.068959228;18.72346529;-50.72115971;-43.9656419
Model_iteration_46;['YX_C', 'YX_N', 'mu_max', 'pH_UL'];[0.35, 10.0, 0.08, 5.5];[0.8, 15.0, 0.16, 21.0];;;;;;;0.786703724;14.14463497;;0.148845802;;18.36785777;;;;;;;;;643.0460964;1009.719858;;8.642708885;;341.0082054;;;0.576542278;0.587714136;90.75642311;0.702331339;0.263160434;11.31252195;0.022548072;0.17775326;1.809364863;0.308914659;0.386143323;3.278565618;0.48000182;0.068962615;26.78921888;-50.71723067;-43.96171285
Model_iteration_21;['YX_C', 'YX_N', 'mu_max', 'pH_UL'];[0.35, 10.0, 0.08, 5.5];[0.8, 15.0, 0.16, 21.0];;;;;;;0.788907453;10.34188075;;0.081678475;;10.86430083;;;;;;;;;632.3839737;1373.357574;;38.49130237;;283.0257308;;;0.576340385;0.587508331;90.72409803;0.702052039;0.263055782;11.40392349;0.046233087;0.364469384;4.150522869;0.308052595;0.385065744;3.262632042;0.480124777;0.06898028;27.38529411;-50.69674059;-43.94122277
Model_iteration_29;['YX_C', 'mu_max', 'pH_UL'];[0.35, 0.08, 5.5];[0.8, 0.16, 21.0];;;;;;;0.694953578;;;0.087090044;;18.86855707;;;;;;;;;727.0323146;;;17.80700748;;769.2596221;;;0.576534982;0.587706698;90.75527087;0.735440598;0.275566327;10.60227966;0.02856301;0.225170833;2.3176368;0.308876293;0.386095366;3.277852859;0.492312367;0.07073129;26.73826005;-50.6913497;-45.62471133
Model_iteration_33;['YX_C', 'YX_N', 'mu_max', 'pH_UL'];[0.35, 10.0, 0.08, 5.5];[0.8, 15.0, 0.16, 21.0];;;;;;;0.780552961;12.16522424;;0.138007979;;14.01588871;;;;;;;;;647.0235555;1169.763761;;15.03062638;;292.2416575;;;0.576522112;0.58769358;90.7532386;0.702603998;0.263262599;11.18512653;0.031408547;0.247603054;2.804512713;0.308777822;0.385972277;3.276019337;0.480197971;0.068990796;27.0047243;-50.68454567;-43.92902785
Model_iteration_32;['YX_C', 'YX_N', 'mu_max', 'pH_UL'];[0.35, 10.0, 0.08, 5.5];[0.8, 15.0, 0.16, 21.0];;;;;;;0.776326982;13.34414935;;0.121176566;;17.53767195;;;;;;;;;650.5903334;1065.829326;;5.980679557;;707.3882239;;;0.576537359;0.587709121;90.75564632;0.702990393;0.263407379;11.08594738;0.025268246;0.199197212;2.121847285;0.308883589;0.386104486;3.277987492;0.480270334;0.069001193;26.81035712;-50.67249104;-43.91697323
Model_iteration_5;['YX_C', 'YX_N', 'mu_max', 'pH_UL'];[0.35, 10.0, 0.08, 5.5];[0.8, 15.0, 0.16, 21.0];;;;;;;0.788333289;10.24865693;;0.087947563;;13.5077205;;;;;;;;;640.3528345;1387.635376;;21.85019593;;330.7083766;;;0.576494769;0.587665707;90.748918;0.702217973;0.263117956;11.3616567;0.047412382;0.373766123;4.279552246;0.308645733;0.385807166;3.273566657;0.480355707;0.069013458;27.4159234;-50.65827141;-43.90275359
Model_iteration_38;['YX_C', 'pH_UL'];[0.35, 5.5];[0.8, 21.0];;;;;;;0.513624025;;;;;8.87324297;;;;;;;;;522.3600338;;;;;2174930.584;;;0.469711524;0.478813286;65.59022997;0.860547609;0.322443368;14.78406808;0.029111156;0.22949203;2.400631348;0.243272418;0.304090522;2.841220895;0.505272212;0.072593252;21.40403757;-50.61263694;-47.23487803
Model_iteration_32;['YX_N', 'Xmax', 'mu_max', 'pH_UL'];[10.0, 1.15, 0.08, 5.5];[15.0, 1.2, 0.16, 21.0];;;;;;;;10.38609784;1.192850118;0.081316888;;18.78546048;;;;;;;;;;1082.208883;28080.07916;5.016509685;;363.3695166;;;0.391045792;0.398623221;59.2778469;0.842444349;0.315660157;11.46242147;0.026446594;0.208486482;2.27045188;0.247423514;0.309279392;2.118611904;0.480766864;0.06907253;18.78233304;-50.58982536;-43.83430755
Model_iteration_7;['YX_C', 'YX_N', 'mu_max', 'pH_UL'];[0.35, 10.0, 0.08, 5.5];[0.8, 15.0, 0.16, 21.0];;;;;;;0.764184955;12.42536863;;0.089794376;;20.43692249;;;;;;;;;661.1592741;1350.389657;;5.023241402;;2920.380309;;;0.576538818;0.587710609;90.75587665;0.70462948;0.264021537;10.8896801;0.029851284;0.235326684;2.645198872;0.308901796;0.386127244;3.278328641;0.480939479;0.06909733;26.89227107;-50.56110718;-43.80558936
Model_iteration_19;['YX_N', 'Xmax', 'mu_max', 'pH_UL'];[10.0, 1.15, 0.08, 5.5];[15.0, 1.2, 0.16, 21.0];;;;;;;;10.10800526;1.193176407;0.155273893;;17.67780803;;;;;;;;;;1114.614953;20077.14258;10.15894225;;196.7629023;;;0.391252367;0.398833799;59.31149283;0.842980232;0.31586095;11.47210491;0.028217262;0.222445192;2.472562946;0.247529186;0.309411482;2.120044474;0.481082373;0.069117859;18.84405129;-50.53734164;-43.78182382
Model_iteration_10;['YX_N', 'Xmax', 'mu_max', 'pH_UL'];[10.0, 1.15, 0.08, 5.5];[15.0, 1.2, 0.16, 21.0];;;;;;;;10.9287868;1.195143594;0.104586475;;13.16189952;;;;;;;;;;1032.267421;29717.9954;0.331704415;;1.805162023;;;0.392429125;0.400033359;59.51869903;0.844246543;0.316335431;11.49528879;0.023781307;0.187475222;1.93135931;0.247779387;0.309724234;2.123485635;0.481848788;0.069227972;18.76720819;-50.40999454;-43.65447672
Model_iteration_37;['YX_N', 'Xmax', 'mu_max', 'pH_UL'];[10.0, 1.15, 0.08, 5.5];[15.0, 1.2, 0.16, 21.0];;;;;;;;11.71769096;1.19486164;0.158381792;;13.56712511;;;;;;;;;;963.4412649;139392.8261;9.91532898;;41.8756165;;;0.392274392;0.399875628;59.49143589;0.844394354;0.316390815;11.4978283;0.021242973;0.167464769;1.724678652;0.247808355;0.309760444;2.123859163;0.481856117;0.069229024;18.7094505;-50.40877783;-43.65326001
Model_iteration_38;['YX_C', 'YX_N', 'mu_max', 'pH_UL'];[0.35, 10.0, 0.08, 5.5];[0.8, 15.0, 0.16, 21.0];;;;;;;0.747733972;13.10223076;;0.133736292;;16.31946505;;;;;;;;;676.0767978;1110.117493;;11.73453027;;1090.525522;;;0.576535222;0.587706944;90.75530887;0.708405804;0.265436509;10.72952765;0.026317124;0.207465833;2.251998993;0.308865669;0.386082086;3.277654105;0.482266067;0.069287923;26.7536224;-50.34074484;-43.58522702
Model_iteration_29;['YX_C', 'pH_UL'];[0.35, 5.5];[0.8, 21.0];;;;;;;0.654755983;;;;;19.17057226;;;;;;;;;771.9142971;;;;;918.2262128;;;0.576543667;0.587715552;90.7566428;0.774889226;0.290347552;10.49151371;0.028556814;0.225121988;2.317128314;0.308925257;0.386156572;3.27876366;0.507224363;0.07287372;26.71101212;-50.30414738;-46.92638847
Model_iteration_46;['YX_N', 'Xmax', 'mu_max', 'pH_UL'];[10.0, 1.15, 0.08, 5.5];[15.0, 1.2, 0.16, 21.0];;;;;;;;14.99391164;1.197461669;0.140393288;;10.40636082;;;;;;;;;;754.9841631;49714.83372;5.547988688;;43.03788805;;;0.393776896;0.401407246;59.75519893;0.845079432;0.316647511;11.510927;0.023407499;0.184528382;1.824769385;0.247943818;0.309929773;2.125813812;0.482504802;0.069322222;18.80417728;-50.30115241;-43.54563459
Model_iteration_33;['YX_C', 'mu_max', 'pH_UL'];[0.35, 0.08, 5.5];[0.8, 0.16, 21.0];;;;;;;0.68498234;;;0.08051377;;18.47389792;;;;;;;;;737.5744181;;;17.99835802;;1268.756047;;;0.576532151;0.587703813;90.75482519;0.743479252;0.278578375;10.57607693;0.02856501;0.225186594;2.317800955;0.308860344;0.38607543;3.277557149;0.495318431;0.071163176;26.73156506;-50.20435429;-45.13771593
Model_iteration_36;['YX_C', 'YX_N', 'pH_UL'];[0.35, 10.0, 5.5];[0.8, 15.0, 21.0];;;;;;;0.68035772;10.11347705;;;;9.659197287;;;;;;;;;730.4067509;1403.478592;;;;97467.90566;;;0.575652922;0.586807547;90.59463726;0.744236127;0.278861972;10.55787079;0.048532634;0.382597407;4.406083394;0.307574983;0.384468728;3.257115687;0.495535439;0.071194354;27.20392678;-50.16931247;-45.10267411
Model_iteration_11;['YX_C', 'mu_max', 'pH_UL'];[0.35, 0.08, 5.5];[0.8, 0.16, 21.0];;;;;;;0.684082538;;;0.093427568;;17.41750321;;;;;;;;;738.493101;;;16.20337578;;1713.12502;;;0.576531853;0.587703509;90.75477756;0.744245197;0.278865371;10.57368655;0.028565863;0.225193318;2.317870991;0.308853632;0.38606704;3.277430902;0.495604799;0.071204319;26.7309415;-50.15811572;-45.09147736
Model_iteration_2;['mu_max', 'pH_UL'];[0.08, 5.5];[0.16, 21.0];;;;;;;;;;0.127622984;;8.450510362;;;;;;;;;;;;15.51128707;;140.7283962;;;0.437949552;0.446435851;50.24989906;0.895207718;0.335430357;16.41340193;0.030857364;0.243257919;2.597311977;0.199150833;0.248938541;2.404351206;0.508382213;0.07304007;17.91624104;-50.1217381;-46.74397919
Model_iteration_39;['YX_N', 'Xmax', 'mu_max', 'pH_UL'];[10.0, 1.15, 0.08, 5.5];[15.0, 1.2, 0.16, 21.0];;;;;;;;14.28776571;1.19746066;0.124983006;;20.76011471;;;;;;;;;;793.9922064;264341.5869;3.953192761;;186.0542639;;;0.393899906;0.40153264;59.77612916;0.848050549;0.317760775;11.56345992;0.021898098;0.172629319;1.65365236;0.248525883;0.310657354;2.133551707;0.483888291;0.06952099;18.78169829;-50.07209628;-43.31657846
Model_iteration_4;['YX_C', 'YX_N', 'mu_max'];[0.35, 10.0, 0.08];[0.8, 15.0, 0.16];;;;;;;0.415214835;11.15195697;;0.147058328;;;;;;;;;;;246.5474376;962.5345188;;23112.43767;;;;;0.301193851;0.307030188;26.64474334;0.938194898;0.351537463;19.80743297;0.032727536;0.25800105;2.973539478;0.112633853;0.140792316;1.4629912;0.496156447;0.071283575;12.72217675;-50.0691188;-45.00248043
Model_iteration_34;['YX_C', 'mu_max'];[0.35, 0.08];[0.8, 0.16];;;;;;;0.415123184;;;0.159684582;;;;;;;;;;;257.8048832;;;25143.81445;;;;;0.309340189;0.31533438;28.5028139;0.961661474;0.360330285;20.43308582;0.03559451;0.28060227;3.097615871;0.117509351;0.146886688;1.566133326;0.508812235;0.073101852;13.39991223;-50.05409771;-46.6763388
Model_iteration_40;['YX_C', 'YX_N'];[0.35, 10.0];[0.8, 15.0];;;;;;;0.411633494;12.92004633;;;;;;;;;;;;;252.0738073;852.4499885;;;;;;;0.303221485;0.309097112;27.09450994;0.965752022;0.361862994;20.46384548;0.026308622;0.207398807;2.218104822;0.113743908;0.142179885;1.488548584;0.509472781;0.073196754;12.81625221;-49.95030813;-46.57254922
Model_iteration_32;['YX_C', 'mu_max', 'pH_UL'];[0.35, 0.08, 5.5];[0.8, 0.16, 21.0];;;;;;;0.679946441;;;0.133424985;;16.31573363;;;;;;;;;742.9725335;;;13.44362716;;708.3049693;;;0.576535161;0.587706881;90.7552989;0.747968922;0.280260634;10.56252499;0.028564405;0.225181828;2.317751558;0.308865197;0.386081497;3.277646564;0.497007026;0.071405779;26.7283055;-49.93208932;-44.86545096
Model_iteration_19;['YX_C', 'YX_N', 'mu_max', 'pH_UL'];[0.35, 10.0, 0.08, 5.5];[0.8, 15.0, 0.16, 21.0];;;;;;;0.729738255;10.2621283;;0.097702594;;18.85769513;;;;;;;;;691.719292;1381.524084;;4.300198229;;634.85678;;;0.576536992;0.587708748;90.75558867;0.714920555;0.267877557;10.68817236;0.047354304;0.373308277;4.273032953;0.308887155;0.386108944;3.278054705;0.485067008;0.069690338;27.24871217;-49.87745899;-43.12194117
Model_iteration_27;['YX_C', 'mu_max', 'pH_UL'];[0.35, 0.08, 5.5];[0.8, 0.16, 21.0];;;;;;;0.67880958;;;0.125345469;;20.78698493;;;;;;;;;747.7309483;;;2.657004336;;573.0840092;;;0.576543784;0.587715671;90.75666104;0.74916155;0.280707507;10.55929523;0.028556234;0.225117413;2.317080625;0.308929751;0.386162188;3.278848415;0.497468294;0.07147205;26.72797133;-49.85787645;-44.79123809
Model_iteration_44;['YX_C', 'YX_N', 'pH_UL'];[0.35, 10.0, 5.5];[0.8, 15.0, 21.0];;;;;;;0.677348604;13.31065124;;;;11.29622322;;;;;;;;;744.4995663;1068.797617;;;;7034.297311;;;0.57646836;0.587638786;90.74474626;0.749532803;0.280846613;10.55626973;0.025334726;0.199721293;2.130524284;0.308483426;0.385604282;3.270548447;0.497473382;0.071472781;26.67552218;-49.85705813;-44.79041977
Model_iteration_28;['YX_C'];[0.35];[0.8];;;;;;;0.406785878;;;;;;;;;;;;;;255.2991658;;;;;;;;0.303340845;0.309218785;27.10990676;0.996165815;0.373258908;21.16254323;0.036067574;0.284331572;3.139372707;0.113797159;0.142246449;1.489455792;0.524073626;0.07529448;13.22531962;-49.68984771;-48.00096825
Model_iteration_33;['YX_C', 'pH_UL'];[0.35, 5.5];[0.8, 21.0];;;;;;;0.644413983;;;;;10.55903977;;;;;;;;;777.5265754;;;;;29479.17633;;;0.576423553;0.58759311;90.73765475;0.786218184;0.294592463;10.4931225;0.028638038;0.225762297;2.323781337;0.308281592;0.38535199;3.266802944;0.511434459;0.073478591;26.70534038;-49.64286694;-46.26510803
Model_iteration_8;['YX_C', 'YX_N', 'mu_max', 'pH_UL'];[0.35, 10.0, 0.08, 5.5];[0.8, 15.0, 0.16, 21.0];;;;;;;0.718078842;12.33313233;;0.09872792;;19.78278069;;;;;;;;;703.2802352;1152.950103;;5.098246075;;2334.585035;;;0.576539129;0.587710926;90.75592631;0.720584446;0.269999792;10.66027058;0.030399366;0.239647377;2.701991658;0.308901484;0.386126855;3.278321626;0.486822236;0.069942515;26.84912754;-49.58849925;-42.83298143
Model_iteration_44;['YX_C', 'YX_N', 'mu_max'];[0.35, 10.0, 0.08];[0.8, 15.0, 0.16];;;;;;;0.391160666;14.15731532;;0.095211734;;;;;;;;;;;164.5931346;388.1586664;;16523.802;;;;;0.272168471;0.277442373;22.28984974;0.954644498;0.357701055;18.8742269;0.03026479;0.238586474;2.571230202;0.108741511;0.135926888;1.440105856;0.499540406;0.071769754;11.29385317;-49.52534337;-44.45870501
Model_iteration_9;['YX_N', 'pH_UL'];[10.0, 5.5];[15.0, 21.0];;;;;;;;13.38507427;;;;8.418227957;;;;;;;;;;1054.907302;;;;989101.1248;;;0.440442225;0.448976825;52.02518755;0.902621838;0.338208395;16.61513155;0.021637134;0.170572058;1.847312552;0.203587271;0.254484088;2.468806978;0.51250158;0.073631906;18.23910966;-49.47611882;-46.09835991
Model_iteration_25;['YX_C', 'YX_N', 'mu_max'];[0.35, 10.0, 0.08];[0.8, 15.0, 0.16];;;;;;;0.385436219;14.3174068;;0.086240752;;;;;;;;;;;143.2437186;327.7610674;;15221.33299;;;;;0.267683874;0.272870876;22.66966557;0.95710956;0.358624702;19.53074592;0.031380952;0.24738552;2.630001377;0.114426776;0.143033471;1.520655217;0.500447704;0.071900107;11.58776702;-49.3801739;-44.31353554
Model_iteration_17;['YX_C', 'mu_max', 'pH_UL'];[0.35, 0.08, 5.5];[0.8, 0.16, 21.0];;;;;;;0.669097689;;;0.108280759;;12.81154199;;;;;;;;;755.0239081;;;28.6332725;;575.8281567;;;0.576493293;0.587664202;90.74868474;0.757999207;0.284018937;10.53317828;0.028594726;0.225420855;2.320237575;0.308625161;0.385781451;3.27318237;0.500743064;0.071942542;26.71882074;-49.33297254;-44.26633417
Model_iteration_30;['YX_C', 'YX_N'];[0.35, 10.0];[0.8, 15.0];;;;;;;0.409939238;12.02412683;;;;;;;;;;;;;253.0996745;915.3617922;;;;;;;0.303194917;0.309070029;27.0911711;0.976097417;0.365739368;20.70186414;0.02872447;0.226443667;2.573904572;0.113732179;0.142165223;1.488351541;0.514405829;0.073905493;12.96382284;-49.17942191;-45.801663
Model_iteration_22;['YX_C', 'pH_UL'];[0.35, 5.5];[0.8, 21.0];;;;;;;0.639511092;;;;;14.60989629;;;;;;;;;790.0056265;;;;;1506.257775;;;0.576529273;0.587700879;90.75436991;0.794561771;0.297718768;10.57332071;0.028570039;0.225226239;2.318213971;0.308820783;0.386025978;3.27681777;0.514757451;0.073956011;26.73068059;-49.12475667;-45.74699776
Model_iteration_25;['YX_C', 'YX_N', 'Xmax', 'pH_UL'];[0.35, 10.0, 1.15, 5.5];[0.8, 15.0, 1.2, 21.0];;;;;;;0.46415368;11.27474785;1.175980946;;;10.58728832;;;;;;;;;841.0227026;982.2928293;323791.3201;;;25452.79957;;;0.380789765;0.388168459;57.71845828;0.868686829;0.325493098;11.92521042;0.021732993;0.171327747;1.74655263;0.243175324;0.303969155;2.059800457;0.489699962;0.070355962;18.36250545;-49.1169918;-42.36147398
Model_iteration_45;['YX_C', 'pH_UL'];[0.35, 5.5];[0.8, 21.0];;;;;;;0.63851211;;;;;16.00389826;;;;;;;;;791.3725019;;;;;2070.11333;;;0.576536231;0.587707972;90.75546936;0.796125805;0.298304804;10.5879213;0.028563903;0.225177869;2.317710349;0.308869275;0.386086594;3.277721466;0.515370364;0.074044069;26.73470562;-49.02955865;-45.65179974
Model_iteration_14;['YX_C', 'YX_N', 'mu_max', 'pH_UL'];[0.35, 10.0, 0.08, 5.5];[0.8, 15.0, 0.16, 21.0];;;;;;;0.695046608;12.85674423;;0.140470211;;11.00520681;;;;;;;;;723.5085415;1106.109091;;353.8151497;;2600.434526;;;0.576446815;0.587616823;90.74133372;0.734455801;0.275197328;10.60352253;0.027395481;0.21596685;2.378245345;0.308387825;0.385484781;3.26877464;0.491825634;0.070661361;26.74796906;-48.77048223;-42.01496442
Model_iteration_34;['YX_C', 'YX_N', 'mu_max', 'pH_UL'];[0.35, 10.0, 0.08, 5.5];[0.8, 15.0, 0.16, 21.0];;;;;;;0.692229875;12.10091447;;0.080082847;;14.63049497;;;;;;;;;729.3253991;1175.719976;;7.014250021;;36.30344162;;;0.576507052;0.587678228;90.75085907;0.737230515;0.276237001;10.59552778;0.031805214;0.250730107;2.844154499;0.308715117;0.385893896;3.274855892;0.492997416;0.070829712;26.86634931;-48.58010772;-41.82458991
Model_iteration_34;['YX_C', 'Xmax', 'mu_max', 'pH_UL'];[0.35, 1.15, 0.08, 5.5];[0.8, 1.2, 0.16, 21.0];;;;;;;0.47167681;;1.190827052;0.155763602;;5.680105158;;;;;;;;;846.6709202;;17369.98836;0.784607271;;122.0900121;;;0.389739674;0.397291794;59.08283987;0.870722491;0.326255851;11.95943873;0.037792618;0.297930616;3.225714983;0.247031267;0.308789084;2.113289056;0.493078949;0.070841426;19.09532066;-48.56687827;-41.81136045
Model_iteration_43;['YX_C', 'pH_UL'];[0.35, 5.5];[0.8, 21.0];;;;;;;0.591761946;;;;;9.27769449;;;;;;;;;767.6483338;;;;;1503817.849;;;0.552653662;0.563362622;86.0812702;0.826251866;0.309592906;11.65800936;0.028561606;0.225159762;2.275991882;0.297316524;0.371645655;3.193917898;0.518972807;0.074561638;25.80229733;-48.47230339;-45.09454448
Model_iteration_50;['YX_C', 'mu_max', 'pH_UL'];[0.35, 0.08, 5.5];[0.8, 0.16, 21.0];;;;;;;0.655923885;;;0.154819232;;20.23112018;;;;;;;;;771.1460505;;;10.84602968;;2369.2821;;;0.576545302;0.587717218;90.75690007;0.773513065;0.289831911;10.49489103;0.02855524;0.225109578;2.316999045;0.308937736;0.38617217;3.278996208;0.506701311;0.072798572;26.71194659;-48.38668638;-43.32004802
Model_iteration_38;['YX_C', 'YX_N', 'pH_UL'];[0.35, 10.0, 5.5];[0.8, 15.0, 21.0];;;;;;;0.65549393;11.60560962;;;;14.79664659;;;;;;;;;770.7603846;1230.679482;;;;665.7281128;;;0.576530327;0.587701953;90.75453675;0.773733689;0.289914578;10.49389048;0.035290035;0.278202;3.179751158;0.30882868;0.38603585;3.27696555;0.506870689;0.072822907;26.92628598;-48.35994882;-43.29331045
Model_iteration_26;['YX_C', 'YX_N', 'mu_max', 'pH_UL'];[0.35, 10.0, 0.08, 5.5];[0.8, 15.0, 0.16, 21.0];;;;;;;0.687511671;11.98278152;;0.146476977;;16.15965325;;;;;;;;;734.8685109;1188.293145;;13.50467804;;550.4250221;;;0.576536306;0.587708049;90.75547975;0.741354901;0.27778239;10.58278369;0.032624632;0.257189826;2.924935656;0.308870977;0.386088722;3.277752745;0.494587416;0.07105815;26.88523796;-48.32250936;-41.56699154
Model_iteration_25;['YX_C', 'YX_N', 'pH_UL'];[0.35, 10.0, 5.5];[0.8, 15.0, 21.0];;;;;;;0.651212242;14.39952453;;;;15.14304606;;;;;;;;;776.0668906;989.1574647;;;;602.2789634;;;0.576532352;0.587704018;90.75485577;0.77903743;0.291901866;10.48129681;0.021909588;0.172719893;1.761749627;0.308842199;0.386052748;3.277217172;0.508712199;0.07308748;26.56877985;-48.06982782;-43.00318946
Model_iteration_3;['YX_C', 'YX_N', 'mu_max', 'pH_UL'];[0.35, 10.0, 0.08, 5.5];[0.8, 15.0, 0.16, 21.0];;;;;;;0.681705339;14.88551101;;0.122045575;;19.40831897;;;;;;;;;740.1627865;954.6605625;;3.08510845;;709.1324351;;;0.576541511;0.587713354;90.756302;0.746476755;0.279701526;10.56717053;0.021015776;0.165673706;1.718304125;0.308913464;0.386141831;3.278545118;0.49636097;0.071312959;26.58008044;-48.03614837;-41.28063055
Model_iteration_36;['YX_C', 'YX_N', 'Xmax', 'pH_UL'];[0.35, 10.0, 1.15, 5.5];[0.8, 15.0, 1.2, 21.0];;;;;;;0.470802872;13.74527362;1.194999887;;;15.94850937;;;;;;;;;852.1641134;822.6071615;17506.66461;;;99.41826276;;;0.392371089;0.399974199;59.50836832;0.877962192;0.328968535;12.08138961;0.021062776;0.166044224;1.618044035;0.24791447;0.309893088;2.125285269;0.49665831;0.071355679;18.83327181;-47.98823956;-41.23272175
Model_iteration_25;['YX_C', 'YX_N', 'mu_max', 'pH_UL'];[0.35, 10.0, 0.08, 5.5];[0.8, 15.0, 0.16, 21.0];;;;;;;0.680796582;13.652962;;0.095805945;;19.72593757;;;;;;;;;746.8419101;1208.925005;;11.84584087;;589.1963926;;;0.576538535;0.58771032;90.75583171;0.747264757;0.279996787;10.56475042;0.024083162;0.189854837;1.962222019;0.308898231;0.386122789;3.27826169;0.49668889;0.071360072;26.64026646;-47.98331393;-41.22779612
Model_iteration_18;['YX_C', 'YX_N', 'pH_UL'];[0.35, 10.0, 5.5];[0.8, 15.0, 21.0];;;;;;;0.646284743;12.76371928;;;;11.73860388;;;;;;;;;780.9843341;1114.916701;;;;2094.813245;;;0.576485327;0.587656082;90.74742473;0.784582701;0.293979655;10.47779133;0.027907662;0.220004529;2.435907372;0.308567225;0.385709031;3.272104612;0.510856613;0.073395571;26.73330701;-47.73330628;-42.66666791
Model_iteration_6;['YX_C', 'YX_N', 'mu_max', 'pH_UL'];[0.35, 10.0, 0.08, 5.5];[0.8, 15.0, 0.16, 21.0];;;;;;;0.67402447;11.64440965;;0.086722441;;12.57916689;;;;;;;;;747.6924762;1219.590779;;0.901589416;;4.999341375;;;0.57647053;0.587640998;90.74508635;0.752814295;0.282076174;10.54705689;0.034917472;0.275264972;3.144830094;0.308527769;0.385659711;3.27137605;0.498862769;0.071672397;26.92708734;-47.63393869;-40.87842087
Model_iteration_37;['YX_C', 'YX_N', 'Xmax', 'pH_UL'];[0.35, 10.0, 1.15, 5.5];[0.8, 15.0, 1.2, 21.0];;;;;;;0.459189811;13.2811767;1.18188008;;;9.941910705;;;;;;;;;850.4636044;838.193694;294762.3667;;;26057.82068;;;0.384147144;0.391590895;58.23466092;0.888546289;0.332934349;12.32995053;0.020729137;0.163414048;1.628713638;0.244241689;0.305302111;2.075235879;0.499291307;0.071733966;18.56714024;-47.56524581;-40.809728
Model_iteration_19;['YX_C', 'YX_N', 'Xmax', 'pH_UL'];[0.35, 10.0, 1.15, 5.5];[0.8, 15.0, 1.2, 21.0];;;;;;;0.464332978;11.60771904;1.188078839;;;19.30235653;;;;;;;;;858.4912731;968.4121866;117016.0222;;;351.7641014;;;0.388138302;0.395659391;58.84194402;0.88677506;0.332270678;12.27529148;0.021320852;0.168078711;1.726851421;0.246384159;0.307980199;2.104383578;0.499545063;0.071770423;18.73711763;-47.52459748;-40.76907966
Model_iteration_44;['YX_C', 'mu_max', 'pH_UL'];[0.35, 0.08, 5.5];[0.8, 0.16, 21.0];;;;;;;0.641367778;;;0.100228063;;12.55545648;;;;;;;;;786.8210289;;;3.581787343;;19.51080147;;;0.576481562;0.587652243;90.74682994;0.79120962;0.296462732;10.54139333;0.028601635;0.225475323;2.320803261;0.308570335;0.385712919;3.272164918;0.513414394;0.073763052;26.72029786;-47.33375797;-42.26711961
Model_iteration_17;['YX_C', 'YX_N', 'mu_max', 'pH_UL'];[0.35, 10.0, 0.08, 5.5];[0.8, 15.0, 0.16, 21.0];;;;;;;0.668109861;11.75474483;;0.081823424;;15.08470789;;;;;;;;;754.851653;1497.602032;;7.832075297;;833.1420794;;;0.576513053;0.587684344;90.75180587;0.759324311;0.284515448;10.53014753;0.034174912;0.269411145;3.074502378;0.308746924;0.385933655;3.275446693;0.501356484;0.072030673;26.90797562;-47.23503088;-40.47951307
Model_iteration_41;['YX_C', 'YX_N', 'pH_UL'];[0.35, 10.0, 5.5];[0.8, 15.0, 21.0];;;;;;;0.492019919;10.43470963;;;;8.703635777;;;;;;;;;430.5887403;1355.496789;;;;1697328.887;;;0.452125554;0.460886547;58.79862149;0.900244211;0.337317509;16.40594446;0.038697651;0.305065266;3.354678515;0.222906724;0.278633405;2.676532135;0.516246567;0.074169954;20.30894415;-46.89366276;-41.8270244
Model_iteration_10;['YX_C', 'mu_max', 'pH_UL'];[0.35, 0.08, 5.5];[0.8, 0.16, 21.0];;;;;;;0.635172941;;;0.102519844;;14.84105131;;;;;;;;;794.2129097;;;12.65751985;;78.36603154;;;0.576519588;0.587691006;90.75283921;0.800649279;0.29999973;10.63964957;0.028575931;0.225272691;2.31869701;0.308774113;0.385967641;3.27595173;0.517100604;0.074292655;26.74678438;-46.7614265;-41.69478814
Model_iteration_41;['YX_C', 'YX_N', 'Xmax', 'pH_UL'];[0.35, 10.0, 1.15, 5.5];[0.8, 15.0, 1.2, 21.0];;;;;;;0.4436027;10.23701213;1.1594111;;;18.96153172;;;;;;;;;871.4635697;1064.758916;204111.7285;;;978.7154733;;;0.371301213;0.378496045;56.21557636;0.907468315;0.340024348;12.80983918;0.025278666;0.199279356;2.127146462;0.239984522;0.299980653;2.013863767;0.504874964;0.072536178;18.29160644;-46.67555819;-39.92004037
Model_iteration_8;['YX_C', 'YX_N', 'pH_UL'];[0.35, 10.0, 5.5];[0.8, 15.0, 21.0];;;;;;;0.632790891;13.07476507;;;;14.91748948;;;;;;;;;798.4249079;1089.350844;;;;806.8500166;;;0.576531086;0.587702727;90.75465567;0.804371577;0.301394458;10.7173453;0.026437103;0.208411668;2.266383209;0.308833645;0.386042056;3.277058;0.518526486;0.074497514;26.75386055;-46.54113361;-41.47449524
Model_iteration_47;['YX_C', 'YX_N', 'mu_max'];[0.35, 10.0, 0.08];[0.8, 15.0, 0.16];;;;;;;0.405697641;14.69684487;;0.142318486;;;;;;;;;;;247.4933226;702.1810084;;22402.03836;;;;;0.297932875;0.303706023;25.91510246;0.986903593;0.369788395;20.88550574;0.025815419;0.203510745;2.183744225;0.110952736;0.13869092;1.420789383;0.518584527;0.074505853;12.60128545;-46.5321794;-41.46554104
Model_iteration_1;['YX_C', 'YX_N', 'mu_max', 'pH_UL'];[0.35, 10.0, 0.08, 5.5];[0.8, 15.0, 0.16, 21.0];;;;;;;0.654205997;13.6731203;;0.110188257;;17.52429423;;;;;;;;;771.3095485;1039.072042;;22.40804981;;14.95304993;;;0.576535603;0.587707331;90.75536895;0.775417979;0.290545674;10.49002368;0.024007806;0.18926078;1.954442683;0.308874038;0.386092547;3.277809659;0.507357342;0.072892825;26.61941124;-46.28317661;-39.5276588
Model_iteration_1;['YX_C', 'mu_max', 'pH_UL'];[0.35, 0.08, 5.5];[0.8, 0.16, 21.0];;;;;;;0.623854405;;;0.109351898;;20.70255866;;;;;;;;;808.5866491;;;2.999602245;;722.4488274;;;0.576542111;0.587713965;90.75639752;0.818622201;0.306734104;11.00504485;0.028557487;0.225127291;2.317183502;0.308919955;0.386149944;3.278665001;0.524115966;0.075300563;26.83932272;-45.68338486;-40.6167465
Model_iteration_19;['YX_C', 'YX_N', 'Xmax', 'mu_max', 'pH_UL'];[0.35, 10.0, 1.15, 0.08, 5.5];[0.8, 15.0, 1.2, 0.16, 21.0];;;;;;;0.444174673;11.30864198;1.156704752;0.156149875;;13.12396733;;;;;;;;;865.6578574;956.5517795;4424.373314;0.036293327;;0.202039134;;;0.369754967;0.376919837;55.9643252;0.900984925;0.337595051;12.64684773;0.021132146;0.16659109;1.721317082;0.239258123;0.299072654;2.003266255;0.501543514;0.072057544;18.08393907;-45.20519255;-36.76079528
Model_iteration_22;['YX_C', 'YX_N', 'mu_max', 'pH_UL'];[0.35, 10.0, 0.08, 5.5];[0.8, 15.0, 0.16, 21.0];;;;;;;0.638742576;10.85415631;;0.099518532;;16.53721111;;;;;;;;;789.8984326;1307.435187;;5.52264456;;259.8546821;;;0.576529515;0.587701125;90.75440788;0.795698911;0.298144849;10.58390916;0.041518691;0.327304379;3.742816054;0.308837319;0.386046649;3.277127715;0.515419084;0.074051069;27.0895652;-45.02199629;-38.26647847
Model_iteration_30;['YX_C', 'pH_UL'];[0.35, 5.5];[0.8, 21.0];;;;;;;0.597778869;;;;;10.98594214;;;;;;;;;841.8989797;;;;;16217.3068;;;0.576452914;0.58762304;90.74229861;0.863969675;0.323725601;11.84088329;0.028621869;0.22563483;2.322459637;0.308410084;0.385512605;3.269187345;0.541912713;0.07785745;27.04370722;-45.01202698;-41.63426807
Model_iteration_37;['YX_C', 'Xmax', 'mu_max', 'pH_UL'];[0.35, 1.15, 0.08, 5.5];[0.8, 1.2, 0.16, 21.0];;;;;;;0.44710679;;1.182444536;0.119425652;;12.4894483;;;;;;;;;884.3551562;;23000.47037;2.453467056;;14.23102465;;;0.384693798;0.392148142;58.31932611;0.928579334;0.347934554;13.33060677;0.038163069;0.300850997;3.268999935;0.244867483;0.306084354;2.083461634;0.517606367;0.074365319;19.25059861;-44.68321887;-37.92770105
Model_iteration_26;['YX_C', 'pH_UL'];[0.35, 5.5];[0.8, 21.0];;;;;;;0.594927079;;;;;19.64546412;;;;;;;;;849.5243291;;;;;944.9396916;;;0.576544294;0.587716191;90.75674112;0.871888864;0.326692886;11.97683182;0.028556174;0.225116939;2.317075727;0.30893032;0.3861629;3.278857918;0.545171283;0.078325614;27.08237665;-44.53242025;-41.15466134
Model_iteration_22;['YX_C', 'mu_max', 'pH_UL'];[0.35, 0.08, 5.5];[0.8, 0.16, 21.0];;;;;;;0.610764633;;;0.105854227;;11.96297128;;;;;;;;;825.7532492;;;27.41698344;;165.3987024;;;0.576466032;0.587636413;90.74437394;0.839551124;0.314576079;11.4041103;0.028611404;0.225552335;2.321602942;0.308492874;0.385616093;3.270727317;0.532246569;0.0764687;26.93520363;-44.45187368;-39.38523531
Model_iteration_16;['YX_C', 'pH_UL'];[0.35, 5.5];[0.8, 21.0];;;;;;;0.487551578;;;;;8.862207095;;;;;;;;;541.0715944;;;;;2125407.48;;;0.468166027;0.477237841;65.0703974;0.955765206;0.358120979;17.48894275;0.029151412;0.229809383;2.407049692;0.24173383;0.302167288;2.82976794;0.545882682;0.078427821;21.94903945;-44.42809562;-41.05033671
Model_iteration_10;['YX_C', 'YX_N', 'pH_UL'];[0.35, 10.0, 5.5];[0.8, 15.0, 21.0];;;;;;;0.608208065;11.94110188;;;;20.24606712;;;;;;;;;831.3124364;2300.451828;;;;1343.860139;;;0.57654496;0.58771687;90.75684689;0.845903526;0.316956295;11.51990002;0.032923513;0.259545993;2.954077056;0.30893592;0.3861699;3.278962432;0.53490238;0.076850264;27.1274466;-44.05368122;-38.98704286
Model_iteration_50;['YX_C', 'YX_N', 'mu_max', 'pH_UL'];[0.35, 10.0, 0.08, 5.5];[0.8, 15.0, 0.16, 21.0];;;;;;;0.625218274;10.80167947;;0.08477163;;10.54578457;;;;;;;;;796.6452637;1314.351254;;181.61121;;1347.623331;;;0.576158323;0.587322741;90.69052024;0.812771002;0.304541686;10.8943022;0.041698995;0.328725769;3.759056172;0.307870084;0.384837605;3.260022505;0.521794478;0.074967031;27.15097528;-44.03851907;-37.28300126
Model_iteration_11;['mu_max', 'pH_UL'];[0.08, 5.5];[0.16, 21.0];;;;;;;;;;0.121216569;;9.050758655;;;;;;;;;;;;18.13620865;;164.9526537;;;0.465555342;0.474576568;64.1670377;0.964525882;0.361403566;17.80811565;0.029224567;0.230386086;2.418228787;0.23904622;0.298807775;2.809439017;0.548873648;0.078857538;21.80070529;-43.9909611;-40.61320219
Model_iteration_10;['YX_C', 'pH_UL'];[0.35, 5.5];[0.8, 21.0];;;;;;;0.587798916;;;;;9.759230762;;;;;;;;;847.207468;;;;;41083.23204;;;0.576125604;0.587289387;90.6840954;0.882236592;0.330570134;12.1560597;0.028683301;0.226119119;2.327168853;0.307825963;0.384782453;3.2593979;0.549054112;0.078883466;27.10668046;-43.96466225;-40.58690334
Model_iteration_20;['YX_C', 'YX_N', 'pH_UL'];[0.35, 10.0, 5.5];[0.8, 15.0, 21.0];;;;;;;0.605801856;12.86334013;;;;12.47529947;;;;;;;;;833.1931069;1105.940751;;;;141.5996185;;;0.576504044;0.587675161;90.75038296;0.849380482;0.318259095;11.58294365;0.027421256;0.216170038;2.38108571;0.308668056;0.38583507;3.273978878;0.5361511;0.07702967;26.9970978;-43.86714033;-38.80050197
Model_iteration_9;['YX_C', 'YX_N', 'pH_UL'];[0.35, 10.0, 5.5];[0.8, 15.0, 21.0];;;;;;;0.602914197;13.28480949;;;;12.28812187;;;;;;;;;837.1418028;1070.889978;;;;163.0409073;;;0.576500138;0.587671179;90.74976592;0.854805291;0.320291747;11.67985103;0.025472724;0.200809172;2.148006092;0.308646056;0.38580757;3.27356948;0.538274034;0.077334675;26.96279813;-43.55099938;-38.48436102
Model_iteration_49;['YX_C', 'Xmax', 'mu_max', 'pH_UL'];[0.35, 1.15, 0.08, 5.5];[0.8, 1.2, 0.16, 21.0];;;;;;;0.442257938;;1.182130799;0.137776129;;17.08568739;;;;;;;;;893.5723771;;265049.8801;4.449913109;;1278.574204;;;0.384543214;0.39199464;58.29637609;0.945260892;0.354185059;13.73190663;0.03814073;0.300674889;3.266305189;0.245008135;0.306260169;2.085369948;0.525089359;0.075440412;19.34498946;-43.53494587;-36.77942805
Model_iteration_15;['YX_C', 'YX_N', 'mu_max', 'pH_UL'];[0.35, 10.0, 0.08, 5.5];[0.8, 15.0, 0.16, 21.0];;;;;;;0.621990911;12.02018241;;0.153792951;;16.76106982;;;;;;;;;811.3628198;1181.647233;;4.428444942;;566.2166454;;;0.576539071;0.587710866;90.75591659;0.821572472;0.307839557;11.06286881;0.032379654;0.255258585;2.90091076;0.30888987;0.386112338;3.278104107;0.525318956;0.075473399;26.99945007;-43.49997332;-36.7444555
Model_iteration_9;['YX_C', 'YX_N', 'Xmax', 'mu_max', 'pH_UL'];[0.35, 10.0, 1.15, 0.08, 5.5];[0.8, 15.0, 1.2, 0.16, 21.0];;;;;;;0.448820566;11.25762215;1.179766802;0.148701714;;11.32337839;;;;;;;;;876.693616;985.8456705;65972.59332;0.641014916;;4.239420832;;;0.383072878;0.390495813;58.07098881;0.918673786;0.344222988;13.08814497;0.021930161;0.172882078;1.762540805;0.244169601;0.305212001;2.073742389;0.512544164;0.073638024;18.74885424;-43.46947184;-35.02507457
Model_iteration_22;['YX_C', 'YX_N', 'pH_UL'];[0.35, 10.0, 5.5];[0.8, 15.0, 21.0];;;;;;;0.601324729;11.72905978;;;;19.30828266;;;;;;;;;840.4784379;1217.180962;;;;451.5586273;;;0.576543785;0.587715672;90.75666142;0.859004704;0.321865249;11.75376727;0.034409138;0.271257621;3.096727409;0.308926728;0.38615841;3.278791421;0.540118397;0.077599658;27.22148688;-43.27735283;-38.21071447
Model_iteration_19;['YX_C', 'YX_N'];[0.35, 10.0];[0.8, 15.0];;;;;;;0.396623879;11.35533926;;;;;;;;;;;;;261.6936137;968.5292786;;;;;;;0.303154474;0.309028803;27.08639317;1.061267811;0.397652337;22.65422511;0.03159877;0.249102647;2.87595877;0.113714836;0.142143544;1.488069056;0.555004853;0.079738418;13.52616153;-43.10227369;-39.72451479
Model_iteration_22;['YX_C', 'mu_max'];[0.35, 0.08];[0.8, 0.16];;;;;;;0.370237499;;;0.089286247;;;;;;;;;;;157.6820376;;;15677.67252;;;;;0.269570181;0.274793735;22.61704888;1.071060627;0.401321661;21.48297707;0.041174068;0.324587608;3.627843076;0.112270127;0.140337659;1.496716971;0.555459007;0.079803667;12.3061465;-43.0368374;-39.6590785
Model_iteration_37;['YX_C', 'mu_max', 'pH_UL'];[0.35, 0.08, 5.5];[0.8, 0.16, 21.0];;;;;;;0.596978376;;;0.140711417;;9.98724882;;;;;;;;;835.0830496;;;54.84323302;;450.4981943;;;0.576315005;0.587482459;90.71941012;0.863834567;0.323674977;11.83962362;0.028673741;0.22604376;2.326644168;0.307981527;0.384976908;3.261415662;0.541761929;0.077835786;27.03677339;-43.03428962;-37.96765125
Model_iteration_2;['YX_C', 'YX_N', 'mu_max', 'pH_UL'];[0.35, 10.0, 0.08, 5.5];[0.8, 15.0, 0.16, 21.0];;;;;;;0.616021871;11.31368627;;0.096539917;;15.29863248;;;;;;;;;818.7682061;1255.991327;;0.89201076;;3.57775039;;;0.576521108;0.587692556;90.75308054;0.831316732;0.311490689;11.2499944;0.03755076;0.296023976;3.38838467;0.308786499;0.385983124;3.276181944;0.529203;0.076031425;27.16691039;-42.91065428;-36.15513646
Model_iteration_40;['YX_C', 'YX_N', 'mu_max', 'pH_UL'];[0.35, 10.0, 0.08, 5.5];[0.8, 15.0, 0.16, 21.0];;;;;;;0.615938258;11.82955736;;0.096978623;;19.9826958;;;;;;;;;819.3553376;1218.432257;;7.409319262;;17.99052408;;;0.576539179;0.587710977;90.75593349;0.831882465;0.311702666;11.26055281;0.033686053;0.265557324;3.027749401;0.308902593;0.386128241;3.278342253;0.529382051;0.07605715;27.08064449;-42.88359155;-36.12807373
Model_iteration_36;['YX_C', 'mu_max', 'pH_UL'];[0.35, 0.08, 5.5];[0.8, 0.16, 21.0];;;;;;;0.570417994;;;0.105710211;;5.821577773;;;;;;;;;818.4650283;;;106.89401;;7256.800204;;;0.554647972;0.565395577;86.65444967;0.883724645;0.331127701;12.85137079;0.028592132;0.225400409;2.289992288;0.299633458;0.374541822;3.207460815;0.542955187;0.078007224;26.25081839;-42.85827931;-37.79164095
Model_iteration_44;['YX_C', 'YX_N', 'mu_max', 'pH_UL'];[0.35, 10.0, 0.08, 5.5];[0.8, 15.0, 0.16, 21.0];;;;;;;0.610823825;10.15836468;;0.088850812;;20.86585722;;;;;;;;;827.0574628;1398.991203;;8.007778377;;1221.366234;;;0.576539362;0.587711164;90.75596368;0.840987753;0.315114377;11.43013715;0.048471428;0.382114902;4.396776948;0.308905981;0.386132476;3.278404863;0.533251916;0.076613139;27.46532066;-42.30090636;-35.54538854
Model_iteration_48;['YX_C', 'pH_UL'];[0.35, 5.5];[0.8, 21.0];;;;;;;0.576964976;;;;;17.44458627;;;;;;;;;875.8812984;;;;;507.9517823;;;0.576540483;0.587712306;90.75613971;0.911429131;0.341508449;12.87734455;0.028559903;0.22514634;2.317381966;0.308900895;0.386126119;3.278309949;0.561101021;0.080614264;27.30729404;-42.22834539;-38.85058648
Model_iteration_17;['YX_C', 'YX_N', 'Xmax', 'mu_max', 'pH_UL'];[0.35, 10.0, 1.15, 0.08, 5.5];[0.8, 15.0, 1.2, 0.16, 21.0];;;;;;;0.440504592;13.89844416;1.174060885;0.115372523;;15.58066969;;;;;;;;;889.3884302;795.5595681;52276.5153;3.562610238;;14.25446965;;;0.379743681;0.387102105;57.55589436;0.938479564;0.351644126;13.57070683;0.02180908;0.171927559;1.645312176;0.243150901;0.303938627;2.059341179;0.520707968;0.074810931;18.70781364;-42.20527333;-33.76087606
Model_iteration_29;['YX_C'];[0.35];[0.8];;;;;;;0.389885741;;;;;;;;;;;;;;266.5387183;;;;;;;;0.303314877;0.309192314;27.10709103;1.107308024;0.4149034;23.70499582;0.036068761;0.284340933;3.13949504;0.113786634;0.142233293;1.489290876;0.577143684;0.082919139;13.86021819;-41.97312194;-40.28424249
Model_iteration_45;['YX_C', 'YX_N', 'pH_UL'];[0.35, 10.0, 5.5];[0.8, 15.0, 21.0];;;;;;;0.588477377;11.4796595;;;;15.90356062;;;;;;;;;858.6477519;1240.848819;;;;2262.603949;;;0.576535756;0.587707488;90.75539381;0.885251288;0.331699727;12.20463973;0.036259669;0.285845919;3.269944345;0.308866479;0.386083099;3.277668934;0.550630681;0.079109974;27.3769117;-41.73527724;-36.66863888
Model_iteration_2;['YX_C', 'pH_UL'];[0.35, 5.5];[0.8, 21.0];;;;;;;0.563721514;;;;;9.46081892;;;;;;;;;866.7624924;;;;;556126.5305;;;0.571234582;0.582303591;89.74886519;0.92826216;0.34781571;13.47133864;0.028667629;0.225995576;2.318234918;0.30562045;0.382025562;3.244061402;0.566172518;0.081342894;27.19562504;-41.50851567;-38.13075676
Model_iteration_2;['YX_C'];[0.35];[0.8];;;;;;;0.388474478;;;;;;;;;;;;;;267.521826;;;;;;;;0.303312532;0.309189923;27.1068382;1.117059988;0.418557418;23.92730603;0.036068865;0.284341752;3.139505525;0.1137855;0.142231875;1.489274261;0.581822484;0.083591349;13.915731;-41.32719107;-39.63831162
Model_iteration_23;['YX_C', 'YX_N', 'mu_max', 'pH_UL'];[0.35, 10.0, 0.08, 5.5];[0.8, 15.0, 0.16, 21.0];;;;;;;0.467781022;11.08030753;;0.132325226;;8.462660494;;;;;;;;;337.1974108;1273.677195;;14.9666209;;136.1435521;;;0.43890645;0.447411291;50.89378303;0.969414948;0.363235477;18.36187681;0.033772407;0.26623808;3.091155669;0.20072555;0.250906937;2.428232698;0.541718454;0.07782954;18.69376205;-41.04070958;-34.28519176
Model_iteration_11;['YX_C', 'YX_N', 'mu_max', 'pH_UL'];[0.35, 10.0, 0.08, 5.5];[0.8, 15.0, 0.16, 21.0];;;;;;;0.598222445;10.06898365;;0.12697333;;20.26829608;;;;;;;;;844.7713309;1415.921751;;13.9873001;;1058.064567;;;0.576543202;0.587715078;90.75656843;0.865160661;0.324171858;11.86114847;0.049457976;0.389892152;4.505552381;0.308925754;0.386157192;3.278773272;0.542859615;0.077993493;27.60051064;-40.8723623;-34.11684448
Model_iteration_23;['mu_max', 'pH_UL'];[0.08, 5.5];[0.16, 21.0];;;;;;;;;;0.124844522;;9.136032115;;;;;;;;;;;;210.3601613;;1893.268455;;;0.482754384;0.492108882;69.62399639;1.003252064;0.375914094;18.31451419;0.028843046;0.227378438;2.351004049;0.254979416;0.31872427;2.92473737;0.571273341;0.082075737;23.303563;-40.79099821;-37.4132393
Model_iteration_3;['YX_C', 'YX_N', 'mu_max'];[0.35, 10.0, 0.08];[0.8, 15.0, 0.16];;;;;;;0.391743023;12.95842891;;0.138857816;;;;;;;;;;;252.2037783;769.2261565;;21903.53002;;;;;0.295333396;0.301056173;25.3449429;1.06967242;0.400801506;22.73873937;0.026808276;0.211337736;2.244138871;0.109712501;0.137140626;1.387101802;0.557713282;0.080127542;12.92873074;-40.71282246;-35.6461841
Model_iteration_13;['YX_C', 'YX_N', 'pH_UL'];[0.35, 10.0, 5.5];[0.8, 15.0, 21.0];;;;;;;0.579068751;12.45734303;;;;11.44649825;;;;;;;;;871.2457651;1142.130401;;;;2812.109194;;;0.576474595;0.587645141;90.7457279;0.90477158;0.339013894;12.71037278;0.029574322;0.233143312;2.616263527;0.308514265;0.385642831;3.271121937;0.558343591;0.0802181;27.33587153;-40.62246015;-35.55582179
Model_iteration_48;['YX_C', 'YX_N', 'Xmax', 'mu_max', 'pH_UL'];[0.35, 10.0, 1.15, 0.08, 5.5];[0.8, 15.0, 1.2, 0.16, 21.0];;;;;;;0.44396913;10.7299167;1.192821788;0.102285855;;19.38170471;;;;;;;;;900.0208753;1049.680041;59792.28202;3.817718576;;224.4931479;;;0.391032706;0.398609882;59.27590469;0.955953224;0.358191428;13.98386899;0.024615379;0.194050462;2.039633656;0.247441774;0.309302218;2.118856318;0.531174758;0.076314711;19.35456591;-40.61313613;-32.16873886
Model_iteration_45;['YX_C', 'mu_max'];[0.35, 0.08];[0.8, 0.16];;;;;;;0.377899501;;;0.117944439;;;;;;;;;;;226.86067;;;19241.9586;;;;;0.280789468;0.286230422;21.4992501;1.109012197;0.415541946;23.19354442;0.038270737;0.301699775;3.337660782;0.104324783;0.130405979;1.270801075;0.574695373;0.082567386;12.32531409;-40.31321314;-36.93545423
Model_iteration_14;['YX_C'];[0.35];[0.8];;;;;;;0.386145034;;;;;;;;;;;;;;269.1662055;;;;;;;;0.30330849;0.309185803;27.10640718;1.133322641;0.424650961;24.29779139;0.036069047;0.284343186;3.139524428;0.11378399;0.142229987;1.489250132;0.589632093;0.084713368;14.00824328;-40.26052063;-38.57164117
Model_iteration_39;['YX_C', 'mu_max'];[0.35, 0.08];[0.8, 0.16];;;;;;;0.366916532;;;0.09498666;;;;;;;;;;;175.1022728;;;16484.30532;;;;;0.272127475;0.277400583;22.30630315;1.117126084;0.418582183;22.43079853;0.040545418;0.31963177;3.558831516;0.108853986;0.136067483;1.442270755;0.57782289;0.083016721;12.43455099;-39.87903002;-36.50127112
Model_iteration_18;['YX_C', 'mu_max'];[0.35, 0.08];[0.8, 0.16];;;;;;;0.358465561;;;0.085246841;;;;;;;;;;;151.4032687;;;15041.40886;;;;;0.267072065;0.272247212;22.67211915;1.136275291;0.425757306;23.06521672;0.041642839;0.328283074;3.682527205;0.115172104;0.14396513;1.527562538;0.586823603;0.084309868;12.7368564;-38.64248084;-35.26472193
Model_iteration_29;['YX_C', 'YX_N', 'Xmax', 'pH_UL'];[0.35, 10.0, 1.15, 5.5];[0.8, 15.0, 1.2, 21.0];;;;;;;0.416498756;12.96154767;1.171824147;;;17.93924939;;;;;;;;;939.1995331;851.7262543;268290.4915;;;16.54747591;;;0.378442156;0.38577536;57.35254563;1.022932963;0.383288439;15.50619056;0.020499472;0.161603525;1.639896383;0.242716027;0.303395034;2.05316409;0.558780281;0.08028084;19.13794916;-38.55991522;-31.8043974
Model_iteration_16;['YX_C', 'YX_N'];[0.35, 10.0];[0.8, 15.0];;;;;;;0.386179178;12.79171986;;;;;;;;;;;;;268.9465304;860.5578816;;;;;;;0.303179123;0.309053929;27.08985419;1.132693588;0.424415258;24.28367271;0.026562195;0.209397802;2.265769533;0.113726319;0.142157899;1.488272665;0.589184091;0.084649003;13.78189227;-38.32132769;-34.94356878
Model_iteration_24;['YX_N', 'pH_UL'];[10.0, 5.5];[15.0, 21.0];;;;;;;;10.09069013;;;;9.032948083;;;;;;;;;;1403.82552;;;;2691920.918;;;0.498754392;0.508418927;73.96430664;1.038566801;0.389146369;18.71400063;0.043598624;0.343701117;3.986677057;0.267025359;0.333781699;3.005494387;0.591730582;0.085014861;24.91761968;-37.97630767;-34.59854876
Model_iteration_8;['YX_N', 'pH_UL'];[10.0, 5.5];[15.0, 21.0];;;;;;;;14.56222956;;;;9.034406566;;;;;;;;;;972.7740659;;;;2724831.228;;;0.499249236;0.50892336;74.09061616;1.039651197;0.389552687;18.72564716;0.017806832;0.140376633;1.435409742;0.267366355;0.334207944;3.007723377;0.592014836;0.0850557;24.31484911;-37.93788673;-34.56012782
Model_iteration_11;['YX_C', 'YX_N', 'pH_UL'];[0.35, 10.0, 5.5];[0.8, 15.0, 21.0];;;;;;;0.557708666;14.91871247;;;;10.14209812;;;;;;;;;895.1328258;952.2158582;;;;35932.63736;;;0.576379301;0.587548001;90.73060286;0.956149852;0.358265104;13.96773413;0.020911357;0.164850541;1.714675534;0.308112711;0.385140888;3.263680805;0.579181829;0.083211962;27.41917333;-37.69110483;-32.62446647
Model_iteration_9;['YX_C', 'Xmax', 'mu_max', 'pH_UL'];[0.35, 1.15, 0.08, 5.5];[0.8, 1.2, 0.16, 21.0];;;;;;;0.404448817;;1.154534168;0.122663521;;17.44023079;;;;;;;;;948.2991074;;69779.96693;4.206044119;;1415.110991;;;0.368555867;0.375697501;55.76809004;1.041635062;0.390296033;15.91544066;0.039226596;0.309235096;3.394385359;0.238891009;0.298613762;1.997831765;0.5655627;0.081255281;19.26893696;-37.59472915;-30.83921133
Model_iteration_12;['YX_C', 'YX_N', 'pH_UL'];[0.35, 10.0, 5.5];[0.8, 15.0, 21.0];;;;;;;0.558530872;13.57894502;;;;18.25663259;;;;;;;;;904.834776;1138.069451;;;;4541.802978;;;0.576542111;0.587713965;90.75639646;0.957934081;0.358933647;14.00739443;0.02435457;0.191994429;2.0002424;0.308913625;0.386142031;3.278547337;0.580098974;0.08334373;27.51064516;-37.56452355;-32.49788519
Model_iteration_25;['mu_max', 'pH_UL'];[0.08, 5.5];[0.16, 21.0];;;;;;;;;;0.120347732;;9.268868775;;;;;;;;;;;;18.04947796;;159.8013894;;;0.501552835;0.511271597;74.67447632;1.04469508;0.391442608;18.77903702;0.028617603;0.225601204;2.289080357;0.268936228;0.336170285;3.017909918;0.59499763;0.085484243;24.6901259;-37.53582856;-34.15806965
Model_iteration_49;['YX_C', 'Xmax', 'pH_UL'];[0.35, 1.15, 5.5];[0.8, 1.2, 21.0];;;;;;;0.400828776;;1.162504091;;;15.5061458;;;;;;;;;966.5127823;;167470.3986;;;41.57799535;;;0.373051945;0.380280701;56.49781923;1.072114647;0.401716598;16.56640454;0.038915481;0.306782485;3.35783179;0.240613171;0.300766464;2.02301424;0.58051845;0.083403997;19.61126745;-37.50669566;-32.4400573
Model_iteration_31;['YX_C', 'mu_max', 'pH_UL'];[0.35, 0.08, 5.5];[0.8, 0.16, 21.0];;;;;;;0.557500569;;;0.126446385;;13.5109222;;;;;;;;;903.9360401;;;8.412175338;;1556.498856;;;0.57651326;0.587684556;90.75183979;0.959779706;0.359625194;14.05131672;0.028581785;0.225318837;2.319177233;0.308727845;0.385909806;3.275090443;0.580877445;0.083455574;27.59935605;-37.45723862;-32.39060026
Model_iteration_34;['YX_C', 'YX_N', 'Xmax', 'mu_max', 'pH_UL'];[0.35, 10.0, 1.15, 0.08, 5.5];[0.8, 15.0, 1.2, 0.16, 21.0];;;;;;;0.406830558;10.36242406;1.150807386;0.146564559;;19.26029725;;;;;;;;;941.4525138;1103.509453;36463.78129;6.953446182;;110.8225836;;;0.366491222;0.373592849;55.4273866;1.025115293;0.384106149;15.55606575;0.024160692;0.190466028;1.978040577;0.238112898;0.297641123;1.986296632;0.557328151;0.08007221;18.73694739;-36.76808581;-28.32368854
Model_iteration_46;['YX_C', 'YX_N'];[0.35, 10.0];[0.8, 15.0];;;;;;;0.381332342;11.42926527;;;;;;;;;;;;;272.3821589;962.0525316;;;;;;;0.303131265;0.309005143;27.08393754;1.167078821;0.437299252;25.06613003;0.031231532;0.246207594;2.840639476;0.113705295;0.142131619;1.48792275;0.605777566;0.087033014;14.11965745;-36.099393;-32.72163409
Model_iteration_19;['pH_UL'];[5.5];[21.0];;;;;;;;;;;;5.935818219;;;;;;;;;;;;;;2984063.292;;;0.523779088;0.533928535;80.72868888;1.098119769;0.411460602;19.19281115;0.028681406;0.226104181;2.249005877;0.285229448;0.35653681;3.106053676;0.624978004;0.089791571;26.3191399;-35.60310589;-33.91422643
Model_iteration_14;['YX_C', 'YX_N', 'pH_UL'];[0.35, 10.0, 5.5];[0.8, 15.0, 21.0];;;;;;;0.541871215;11.1178198;;;;19.9528802;;;;;;;;;932.7134094;1281.497043;;;;123.8391816;;;0.576544598;0.587716501;90.75678925;1.005371493;0.376708234;15.09576001;0.039222778;0.309205;3.539290445;0.308933205;0.386166506;3.278912334;0.600032012;0.086207541;28.16768801;-34.86178171;-29.79514335
Model_iteration_26;['YX_C', 'YX_N', 'pH_UL'];[0.35, 10.0, 5.5];[0.8, 15.0, 21.0];;;;;;;0.53931744;14.89193049;;;;10.39615613;;;;;;;;;927.5329105;954.3063018;;;;33102.8648;;;0.576408374;0.587577637;90.73525266;1.009230378;0.378154142;15.18377987;0.020956083;0.165203128;1.716242581;0.308221409;0.385276761;3.265687645;0.601296966;0.086389279;27.72524069;-34.69330779;-29.62666942
Model_iteration_12;['YX_C', 'Xmax', 'mu_max', 'pH_UL'];[0.35, 1.15, 0.08, 5.5];[0.8, 1.2, 0.16, 21.0];;;;;;;0.401511373;;1.172317289;0.096718006;;11.18677765;;;;;;;;;966.7009352;;128300.2949;8.911748852;;63.84986686;;;0.378626875;0.385963658;57.38143998;1.084009674;0.406173612;16.81757423;0.038602199;0.304312791;3.32101231;0.242344962;0.302931203;2.048028708;0.58708102;0.084346851;19.89201381;-34.60739562;-27.85187781
Model_iteration_36;['YX_C', 'Xmax', 'pH_UL'];[0.35, 1.15, 5.5];[0.8, 1.2, 21.0];;;;;;;0.39760893;;1.180671459;;;18.6906341;;;;;;;;;994.3438017;;12272.40182;;;33.10915117;;;0.383673341;0.391107911;58.16323547;1.122506228;0.4205981;17.92156234;0.038193689;0.30109238;3.272579007;0.244704652;0.305880815;2.081139008;0.605921734;0.087053726;20.35962896;-34.0803563;-29.01371794
Model_iteration_15;['YX_C', 'YX_N', 'Xmax', 'pH_UL'];[0.35, 10.0, 1.15, 5.5];[0.8, 15.0, 1.2, 21.0];;;;;;;0.380623581;14.77139139;1.162035068;;;9.306220941;;;;;;;;;908.0364604;734.5529075;11277.42801;;;51211.97648;;;0.34946501;0.356236713;52.59632439;1.107273934;0.414890627;18.60121546;0.023789379;0.187538857;1.846881662;0.228000924;0.285001155;1.94734023;0.591762561;0.085019456;18.74794043;-33.97198432;-27.2164665
Model_iteration_28;['YX_C', 'YX_N'];[0.35, 10.0];[0.8, 15.0];;;;;;;0.376417544;10.65541127;;;;;;;;;;;;;275.9668561;1031.073159;;;;;;;0.303095084;0.308968262;27.07952626;1.202944503;0.450737964;25.88098122;0.03570319;0.281459024;3.232557242;0.113689556;0.142111945;1.487662134;0.623125617;0.089525435;14.42018172;-33.84057179;-30.46281288
Model_iteration_43;['pH_UL'];[5.5];[21.0];;;;;;;;;;;;9.202490823;;;;;;;;;;;;;;2845449.427;;;0.538124841;0.548552271;83.07015798;1.124077196;0.421186734;19.54992382;0.028516055;0.224800668;2.240708325;0.290235706;0.362794633;3.151184423;0.639956604;0.091943569;27.00299364;-33.70839295;-32.0195135
Model_iteration_6;['YX_C'];[0.35];[0.8];;;;;;;0.371426789;;;;;;;;;;;;;;280.051022;;;;;;;;0.303281656;0.309158448;27.10352894;1.241086148;0.465029469;26.74600896;0.03607026;0.284352747;3.139649471;0.113772939;0.142216174;1.489079166;0.641583965;0.092177375;14.61956663;-33.50521726;-31.8163378
Model_iteration_22;['YX_N', 'mu_max', 'pH_UL'];[10.0, 0.08, 5.5];[15.0, 0.16, 21.0];;;;;;;;13.48832834;;0.147016325;;9.119400789;;;;;;;;;;1050.477257;;8.323179327;;74.91902789;;;0.5141124;0.524074533;77.72261195;1.072091053;0.401707757;19.05881604;0.020825617;0.164174624;1.763496024;0.276944229;0.346180286;3.069061386;0.610496232;0.087710952;25.40349635;-33.47865257;-28.41201421
Model_iteration_14;['YX_C', 'YX_N', 'mu_max'];[0.35, 10.0, 0.08];[0.8, 15.0, 0.16];;;;;;;0.379442628;11.56300447;;0.150645996;;;;;;;;;;;273.8643811;955.3483199;;23660.45597;;;;;0.303556651;0.309438772;27.18003934;1.182109323;0.442931115;25.41351709;0.030582793;0.24109339;2.778315899;0.113947021;0.142433776;1.49333429;0.613075918;0.088081579;14.21630166;-33.14132037;-28.07468201
Model_iteration_50;['YX_C', 'YX_N', 'pH_UL'];[0.35, 10.0, 5.5];[0.8, 15.0, 21.0];;;;;;;0.530798449;11.88414614;;;;13.64329075;;;;;;;;;950.5416882;1196.130857;;;;58.80948223;;;0.576521038;0.587692484;90.75306876;1.038894573;0.389269184;15.83546168;0.033269725;0.262275289;2.987677599;0.308768587;0.385960734;3.275847356;0.61402837;0.088218419;28.21301385;-33.01713175;-27.95049339
Model_iteration_21;['YX_C', 'YX_N', 'pH_UL'];[0.35, 10.0, 5.5];[0.8, 15.0, 21.0];;;;;;;0.53026526;12.24074184;;;;19.82352321;;;;;;;;;953.9203241;1365.949929;;;;938.1800707;;;0.576544458;0.587716358;90.75676703;1.04154043;0.390260574;15.89258623;0.030972491;0.244165494;2.76050192;0.308932061;0.386165076;3.278890145;0.615143945;0.088378696;28.17218633;-32.87191854;-27.80528018
Model_iteration_42;['YX_C'];[0.35];[0.8];;;;;;;0.369903296;;;;;;;;;;;;;;281.2290029;;;;;;;;0.303278642;0.309155377;27.10320799;1.252757534;0.469402686;27.01053709;0.036070395;0.284353814;3.139663414;0.113771706;0.142214633;1.48906014;0.647229567;0.092988487;14.68561716;-32.80433842;-31.11545897
Model_iteration_10;['YX_C'];[0.35];[0.8];;;;;;;0.369334387;;;;;;;;;;;;;;281.6749484;;;;;;;;0.303277505;0.309154218;27.10308699;1.257141833;0.471045463;27.10987738;0.036070446;0.284354216;3.139668671;0.113771241;0.142214051;1.489052968;0.649351177;0.093293303;14.7104215;-32.54252826;-30.8536488
Model_iteration_24;['YX_C', 'YX_N', 'mu_max', 'pH_UL'];[0.35, 10.0, 0.08, 5.5];[0.8, 15.0, 0.16, 21.0];;;;;;;0.538983259;11.58498788;;0.11160277;;20.93482573;;;;;;;;;935.8203606;1234.22967;;3.298729283;;660.5123631;;;0.576542546;0.587714409;90.75646506;1.014068192;0.379966849;15.28970764;0.035471542;0.279632873;3.196710044;0.308923509;0.386154387;3.278731528;0.603619825;0.086723007;28.13040357;-32.38485671;-25.6293389
Model_iteration_24;['YX_C', 'Xmax', 'mu_max', 'pH_UL'];[0.35, 1.15, 0.08, 5.5];[0.8, 1.2, 0.16, 21.0];;;;;;;0.407123845;;1.199169475;0.085897621;;17.66088544;;;;;;;;;988.1924594;;123152.9541;6.635681272;;711.151204;;;0.394951788;0.402604905;59.95960752;1.113240686;0.417126342;17.64543582;0.037481245;0.29547597;3.196192474;0.248854876;0.311068595;2.138000774;0.603867811;0.086758636;20.73480915;-32.35199686;-25.59647904
Model_iteration_6;['YX_C', 'mu_max', 'pH_UL'];[0.35, 0.08, 5.5];[0.8, 0.16, 21.0];;;;;;;0.473422859;;;0.105707926;;9.429610572;;;;;;;;;760.8027113;;;15.51696052;;134.7987043;;;0.506391079;0.516203593;75.87429452;1.101051527;0.412559118;20.14949022;0.028582326;0.225323101;2.274394813;0.272126584;0.340158229;3.038445871;0.621211763;0.089250469;25.33415636;-32.08666018;-27.02002182
Model_iteration_49;['YX_C', 'YX_N', 'Xmax', 'mu_max', 'pH_UL'];[0.35, 10.0, 1.15, 0.08, 5.5];[0.8, 15.0, 1.2, 0.16, 21.0];;;;;;;0.412531418;10.0462355;1.197793343;0.101932424;;19.49788047;;;;;;;;;973.2242387;1127.332823;168825.0664;3.918286136;;723.4311318;;;0.394102774;0.401739439;59.8115728;1.08654041;0.407121867;16.86718168;0.028960621;0.228305321;2.553164323;0.248579273;0.310724092;2.134276814;0.591294646;0.08495223;20.3415489;-32.03526654;-23.59086927
Model_iteration_23;['YX_C', 'Xmax', 'pH_UL'];[0.35, 1.15, 5.5];[0.8, 1.2, 21.0];;;;;;;0.3847492;;1.168027899;;;14.48151745;;;;;;;;;1013.672803;;72195.08441;;;680.1990814;;;0.376222919;0.38351312;57.00315118;1.159969681;0.434635489;19.00830768;0.03870294;0.305106958;3.332800377;0.241802589;0.302253237;2.040156184;0.621900265;0.089349387;20.34610385;-31.99804363;-26.93140526
Model_iteration_21;['YX_C', 'pH_UL'];[0.35, 5.5];[0.8, 21.0];;;;;;;0.513235714;;;;;16.73453462;;;;;;;;;984.5987575;;;;;1635.870338;;;0.576538638;0.587710426;90.75584848;1.099403424;0.411941581;17.17961893;0.028561662;0.225160205;2.317526397;0.308887066;0.386108832;3.278052055;0.639787402;0.09191926;28.38276146;-31.72954742;-28.35178852
Model_iteration_27;['YX_C', 'YX_N', 'Xmax', 'mu_max', 'pH_UL'];[0.35, 10.0, 1.15, 0.08, 5.5];[0.8, 15.0, 1.2, 0.16, 21.0];;;;;;;0.40957397;14.54888867;1.194518807;0.157404555;;17.61681565;;;;;;;;;978.11714;776.8464064;72279.00545;4.733760869;;20.83876005;;;0.392078732;0.399676177;59.45697935;1.093642519;0.409782996;17.06787154;0.02248804;0.177280012;1.710188107;0.247835724;0.309794654;2.124211919;0.594076584;0.085351915;20.08981273;-31.65976315;-23.21536588
Model_iteration_11;['YX_C', 'YX_N', 'Xmax', 'pH_UL'];[0.35, 10.0, 1.15, 5.5];[0.8, 15.0, 1.2, 21.0];;;;;;;0.397861294;10.67094663;1.18507057;;;17.44129036;;;;;;;;;998.3298105;1050.102318;209545.285;;;769.5222093;;;0.386313462;0.393799191;58.56594828;1.129847586;0.423348874;18.13420273;0.024489522;0.193058296;2.022748804;0.245682734;0.307103418;2.094719037;0.609662489;0.087591166;20.20440471;-31.58798178;-24.83246396
Model_iteration_38;['YX_C', 'mu_max', 'pH_UL'];[0.35, 0.08, 5.5];[0.8, 0.16, 21.0];;;;;;;0.522900856;;;0.090460667;;16.13185432;;;;;;;;;963.700435;;;9.891854188;;16.37966197;;;0.576524824;0.587696343;90.75366693;1.065215983;0.399131699;16.40179972;0.028571269;0.225235938;2.318314517;0.308810987;0.386013734;3.276638219;0.625149283;0.089816178;28.18760485;-31.58118438;-26.51454602
Model_iteration_26;['YX_C', 'Xmax', 'pH_UL'];[0.35, 1.15, 5.5];[0.8, 1.2, 21.0];;;;;;;0.394717055;;1.192786596;;;20.22058321;;;;;;;;;1014.503993;;150603.2653;;;299.2668961;;;0.391015666;0.398592511;59.27337332;1.160951023;0.435003194;19.02842234;0.037718606;0.297347157;3.218716309;0.247462213;0.309327767;2.119129273;0.62517213;0.089819461;20.90991031;-31.57826072;-26.51162236
Model_iteration_7;['YX_C', 'mu_max', 'pH_UL'];[0.35, 0.08, 5.5];[0.8, 0.16, 21.0];;;;;;;0.521518231;;;0.086797022;;19.43187265;;;;;;;;;967.0061358;;;1.13218215;;2.995922806;;;0.576536231;0.587707972;90.75546799;1.070353294;0.401056627;16.51091918;0.028561882;0.225161935;2.317544151;0.308885184;0.386106479;3.278018418;0.627350786;0.090132472;28.21548744;-31.29995416;-26.2333158
Model_iteration_23;['YX_C', 'YX_N', 'Xmax', 'pH_UL'];[0.35, 10.0, 1.15, 5.5];[0.8, 15.0, 1.2, 21.0];;;;;;;0.389565399;10.86676638;1.170901639;;;20.82654305;;;;;;;;;1004.632243;1023.481273;178089.2778;;;514.7613208;;;0.377906394;0.385229217;57.26850691;1.142355784;0.42803564;18.50047868;0.022965265;0.181042117;1.844815205;0.24253434;0.303167926;2.050578921;0.613828211;0.088189662;19.91609493;-31.04321416;-24.28769634
Model_iteration_37;['YX_C', 'YX_N', 'mu_max', 'pH_UL'];[0.35, 10.0, 0.08, 5.5];[0.8, 15.0, 0.16, 21.0];;;;;;;0.530755873;13.08155534;;0.100554614;;18.80374823;;;;;;;;;949.9726687;1085.782754;;4.190769312;;1476.57978;;;0.576537372;0.587709135;90.7556488;1.039711967;0.389575458;15.85297973;0.026416659;0.208250499;2.263922863;0.30888891;0.386111137;3.278087342;0.61430988;0.088258864;28.03765968;-30.980463;-24.22494518
Model_iteration_1;['YX_C', 'Xmax', 'mu_max', 'pH_UL'];[0.35, 1.15, 0.08, 5.5];[0.8, 1.2, 0.16, 21.0];;;;;;;0.38232131;;1.1561948;0.103677849;;18.31124391;;;;;;;;;1005.036651;;15312.40252;0.129591973;;0.453433285;;;0.369484649;0.376644281;55.92017079;1.148313359;0.430267917;18.67702056;0.039160891;0.308717123;3.386673637;0.239252964;0.299066205;2.003161898;0.615206883;0.088387738;19.99675672;-30.86373388;-24.10821606
Model_iteration_43;['YX_N', 'mu_max', 'pH_UL'];[10.0, 0.08, 5.5];[15.0, 0.16, 21.0];;;;;;;;10.78218829;;0.153966765;;9.14593331;;;;;;;;;;1314.491173;;39.34511378;;352.8496547;;;0.531177411;0.541470218;81.57635751;1.109075889;0.415565811;19.41250495;0.038644018;0.304642456;3.542824962;0.286618057;0.358272572;3.129119145;0.631633209;0.090747734;26.91520164;-30.75571356;-25.6890752
Model_iteration_31;['YX_C', 'Xmax', 'pH_UL'];[0.35, 1.15, 5.5];[0.8, 1.2, 21.0];;;;;;;0.374789434;;1.156056889;;;10.7729353;;;;;;;;;1021.808152;;318378.8195;;;19636.97404;;;0.369329831;0.376486462;55.89500694;1.183916594;0.443608291;19.69622653;0.039232425;0.309281047;3.395157132;0.238834629;0.298543286;1.997127425;0.631791933;0.090770538;20.24587951;-30.7356127;-25.66897433
Model_iteration_39;['YX_C', 'pH_UL'];[0.35, 5.5];[0.8, 21.0];;;;;;;0.506709868;;;;;19.51308182;;;;;;;;;997.553714;;;;;5019.143109;;;0.576544099;0.587715992;90.75671061;1.123612144;0.421012481;17.89162364;0.028556347;0.225118303;2.317089915;0.308928871;0.386161089;3.278832091;0.650223012;0.09341856;28.56106406;-30.43519038;-27.05743147
Model_iteration_11;['YX_N', 'pH_UL'];[10.0, 5.5];[15.0, 21.0];;;;;;;;10.84843812;;;;9.24800335;;;;;;;;;;1306.813687;;;;1834516.264;;;0.546964536;0.557563255;84.91904171;1.143147136;0.428332156;19.72070122;0.039088667;0.30814776;3.572571571;0.29461682;0.368271025;3.177682958;0.65082305;0.093504769;27.84749936;-30.36139886;-26.98363995
Model_iteration_47;['YX_C', 'YX_N'];[0.35, 10.0];[0.8, 15.0];;;;;;;0.368651405;12.67168896;;;;;;;;;;;;;282.0032059;868.3261244;;;;;;;0.303143412;0.309017526;27.08596856;1.262008294;0.472868904;27.2202433;0.026825849;0.211476263;2.311249284;0.113711577;0.142139471;1.488042462;0.651577089;0.093613103;14.5263759;-30.26876516;-26.89100626
Model_iteration_9;['YX_C', 'YX_N'];[0.35, 10.0];[0.8, 15.0];;;;;;;0.368306867;11.66254293;;;;;;;;;;;;;282.0926735;942.7320213;;;;;;;0.303113912;0.308987454;27.08223097;1.264590056;0.473836279;27.27875054;0.030155365;0.237723842;2.732503818;0.113698506;0.142123132;1.487821883;0.652859623;0.093797366;14.6453268;-30.11145163;-26.73369272
Model_iteration_13;['pH_UL'];[5.5];[21.0];;;;;;;;;;;;9.359282637;;;;;;;;;;;;;;1317353.199;;;0.563604308;0.574525462;88.26494912;1.179069159;0.441791979;20.0342985;0.028619603;0.22561697;2.301371105;0.302291522;0.377864403;3.223789463;0.670830296;0.096379241;28.45610205;-29.9391269;-28.25024745
Model_iteration_4;['YX_C', 'YX_N', 'pH_UL'];[0.35, 10.0, 5.5];[0.8, 15.0, 21.0];;;;;;;0.511867889;12.28229647;;;;10.33195009;;;;;;;;;976.7057806;1156.956129;;;;34039.92682;;;0.576401545;0.587570676;90.73416877;1.100122812;0.412211133;17.20537871;0.030536448;0.240728039;2.716244847;0.308195548;0.385244435;3.265208495;0.640005061;0.091950531;28.48025021;-29.70233555;-24.63569719
Model_iteration_10;['YX_C', 'Xmax', 'pH_UL'];[0.35, 1.15, 5.5];[0.8, 1.2, 21.0];;;;;;;0.390367811;;1.199150083;;;11.56921499;;;;;;;;;1030.857154;;324369.0085;;;1184.697811;;;0.394895954;0.402547989;59.95007408;1.193500832;0.447199462;19.95299051;0.037521543;0.295793654;3.199990244;0.2486034;0.310754251;2.134660168;0.641014541;0.092095565;21.30942875;-29.57625101;-24.50961265
Model_iteration_12;['YX_C', 'YX_N', 'Xmax', 'mu_max', 'pH_UL'];[0.35, 10.0, 1.15, 0.08, 5.5];[0.8, 15.0, 1.2, 0.16, 21.0];;;;;;;0.389054598;10.00918991;1.167356295;0.084907392;;19.03437572;;;;;;;;;1000.283909;1095.361916;28776.92586;5.441134972;;64.88073111;;;0.375839823;0.383122601;56.94248763;1.13726919;0.426129716;18.35492473;0.027104439;0.213672472;2.347792897;0.24169975;0.302124687;2.038673079;0.611103552;0.087798206;19.92096958;-29.39910843;-20.95471116
Model_iteration_7;['YX_C', 'pH_UL'];[0.35, 5.5];[0.8, 21.0];;;;;;;0.500840709;;;;;11.65487522;;;;;;;;;1007.693992;;;;;2556.233251;;;0.57648255;0.587653251;90.7469866;1.143582974;0.428495463;18.47402113;0.028603852;0.2254928;2.320985462;0.308553085;0.385691357;3.271842224;0.658812822;0.094652672;28.70345885;-29.38526548;-26.00750658
Model_iteration_29;['YX_C', 'YX_N', 'mu_max'];[0.35, 10.0, 0.08];[0.8, 15.0, 0.16];;;;;;;0.369313004;11.80753579;;0.145587718;;;;;;;;;;;276.0489945;897.5760882;;22878.99387;;;;;0.300121039;0.305936587;26.41295184;1.247164425;0.467306973;26.84024344;0.029683708;0.234005634;2.664479389;0.112074173;0.140092716;1.449669581;0.643997959;0.092524197;14.34183606;-29.20477778;-24.13813942
Model_iteration_37;['YX_C', 'mu_max'];[0.35, 0.08];[0.8, 0.16];;;;;;;0.360015847;;;0.131834523;;;;;;;;;;;264.6468504;;;20927.10567;;;;;0.29013892;0.295761042;24.15012559;1.285023365;0.481492549;27.50970038;0.037170848;0.293029018;3.237914876;0.107438126;0.134297658;1.317058465;0.661133547;0.094986094;14.05369983;-29.10395379;-25.72619488
Model_iteration_4;['YX_C', 'mu_max', 'pH_UL'];[0.35, 0.08, 5.5];[0.8, 0.16, 21.0];;;;;;;0.507871193;;;0.124147318;;11.96998257;;;;;;;;;993.6427047;;;190.6777198;;2232.002292;;;0.576479218;0.587649854;90.74645933;1.116908642;0.418500709;17.69775077;0.028604574;0.225498489;2.321044189;0.308547155;0.385683944;3.271732904;0.647269799;0.092994268;28.5092468;-28.79936566;-23.7327273
Model_iteration_27;['pH_UL'];[5.5];[21.0];;;;;;;;;;;;9.470334307;;;;;;;;;;;;;;561765.8544;;;0.571642552;0.582719466;89.82740924;1.196639227;0.448375405;20.18861163;0.028670134;0.22601532;2.31909989;0.305797343;0.382246679;3.245168702;0.680634748;0.097787862;28.89507237;-28.7783571;-27.08947765
Model_iteration_12;['YX_C', 'Xmax', 'pH_UL'];[0.35, 1.15, 5.5];[0.8, 1.2, 21.0];;;;;;;0.383297137;;1.18857259;;;13.93726848;;;;;;;;;1039.615596;;82840.19334;;;624.8083281;;;0.388422642;0.395949241;58.88474827;1.210624481;0.453615618;20.43486273;0.037901701;0.298790552;3.237938169;0.246387702;0.307984628;2.104452743;0.647809235;0.093071769;21.16550048;-28.73272127;-23.66608291
Model_iteration_13;['YX_N', 'pH_UL'];[10.0, 5.5];[15.0, 21.0];;;;;;;;13.62400424;;;;9.316343441;;;;;;;;;;1040.81704;;;;1431634.726;;;0.558245581;0.569062897;87.20479137;1.167480207;0.43744965;19.93382367;0.022816248;0.179867367;1.884815212;0.299891926;0.374864907;3.209375282;0.664286066;0.095439021;28.05820138;-28.72339202;-25.34563311
Model_iteration_41;['YX_N', 'mu_max', 'pH_UL'];[10.0, 0.08, 5.5];[15.0, 0.16, 21.0];;;;;;;;13.43109212;;0.146045662;;9.265111942;;;;;;;;;;1055.483207;;10.83840821;;95.65321668;;;0.545021112;0.555582173;84.51720871;1.13895588;0.426761711;19.68349079;0.022690845;0.178878783;1.925869464;0.293673555;0.367091944;3.171994563;0.648272231;0.093138289;27.32464088;-28.67556495;-23.60892659
Model_iteration_13;['YX_C', 'YX_N', 'Xmax', 'mu_max', 'pH_UL'];[0.35, 10.0, 1.15, 0.08, 5.5];[0.8, 15.0, 1.2, 0.16, 21.0];;;;;;;0.394454783;13.65952099;1.190724621;0.11943671;;10.15222589;;;;;;;;;998.3569396;819.0614196;10370.80336;5.458347432;;44.18546213;;;0.389371754;0.396916744;59.02417635;1.151138055;0.431326318;18.76422964;0.021071373;0.166111992;1.616486579;0.246148631;0.307685788;2.102152869;0.620032728;0.089081075;20.37676136;-28.23864123;-19.79424396
Model_iteration_48;['pH_UL'];[5.5];[21.0];;;;;;;;;;;;5.762721223;;;;;;;;;;;;;;666451.7074;;;0.573275234;0.584383785;90.17406107;1.207196332;0.452331105;20.36916728;0.028597515;0.225442844;2.317352748;0.307615442;0.384519302;3.265187283;0.685822965;0.098533261;29.03144209;-28.1708603;-26.48198085
Model_iteration_30;['pH_UL'];[5.5];[21.0];;;;;;;;;;;;9.762165232;;;;;;;;;;;;;;40762.39335;;;0.576128468;0.587292308;90.6846473;1.207376934;0.452398776;20.30094283;0.028683148;0.226117918;2.32716112;0.30782857;0.384785712;3.25943077;0.686524622;0.09863407;29.14304551;-28.08905514;-26.40017568
Model_iteration_34;['YX_C', 'Xmax', 'pH_UL'];[0.35, 1.15, 5.5];[0.8, 1.2, 21.0];;;;;;;0.380928114;;1.188058121;;;17.25256028;;;;;;;;;1043.273049;;159241.3579;;;15.66866941;;;0.38812275;0.395643538;58.83959435;1.223239358;0.458342356;20.78616394;0.037907787;0.298838526;3.238643909;0.246356879;0.307946099;2.104011024;0.653659412;0.093912273;21.24210331;-28.01350718;-22.94686882
Model_iteration_8;['pH_UL'];[5.5];[21.0];;;;;;;;;;;;10.35312341;;;;;;;;;;;;;;33801.59951;;;0.576404237;0.58757342;90.73459553;1.209798522;0.453306134;20.35857074;0.028647722;0.225838639;2.32457212;0.308204605;0.385255756;3.265376259;0.687689079;0.098801369;29.17077866;-27.95347706;-26.2645976
Model_iteration_33;['pH_UL'];[5.5];[21.0];;;;;;;;;;;;10.875589;;;;;;;;;;;;;;19676.24107;;;0.576445978;0.58761597;90.74120141;1.210989267;0.453752301;20.39080372;0.028625654;0.225664674;2.322769166;0.308380027;0.385475034;3.268629478;0.68824099;0.098880663;29.18085094;-27.88929814;-26.20041869
Model_iteration_6;['YX_C', 'pH_UL'];[0.35, 5.5];[0.8, 21.0];;;;;;;0.493215428;;;;;10.80138636;;;;;;;;;1018.500765;;;;;22339.82747;;;0.576441195;0.587611095;90.7404471;1.172507369;0.439333305;19.30475835;0.028628336;0.225685813;2.322988496;0.308358762;0.385448452;3.268234908;0.671372231;0.096457102;28.90910721;-27.87452442;-24.49676551
Model_iteration_7;['pH_UL'];[5.5];[21.0];;;;;;;;;;;;11.10686411;;;;;;;;;;;;;;11373.24804;;;0.576459213;0.587629461;90.74329545;1.211398428;0.453905612;20.40188569;0.028618067;0.225604864;2.322148742;0.30844029;0.385550363;3.269747835;0.688430422;0.098907879;29.18426943;-27.86728188;-26.17840243
Model_iteration_21;['pH_UL'];[5.5];[21.0];;;;;;;;;;;;11.12078851;;;;;;;;;;;;;;11587.35591;;;0.57645997;0.587630233;90.74341718;1.211421272;0.453914172;20.40250442;0.028617644;0.225601526;2.32211389;0.308443648;0.38555456;3.26980977;0.688441001;0.098909399;29.18446131;-27.8660525;-26.17717305
Model_iteration_14;['YX_C', 'pH_UL'];[0.35, 5.5];[0.8, 21.0];;;;;;;0.494002467;;;;;16.34693618;;;;;;;;;1022.897085;;;;;1456.703394;;;0.576537447;0.587709211;90.75565971;1.172731419;0.439417256;19.30801968;0.028562788;0.22516908;2.317619061;0.308878083;0.386097604;3.277885017;0.671549684;0.096482597;28.91479587;-27.85338212;-24.47562322
Model_iteration_50;['pH_UL'];[5.5];[21.0];;;;;;;;;;;;11.30306662;;;;;;;;;;;;;;5871.268455;;;0.576468688;0.58763912;90.74479364;1.211702084;0.454019391;20.41011208;0.028612435;0.225560465;2.321687936;0.308484982;0.385606227;3.27057751;0.688570938;0.098928067;29.18679279;-27.85095471;-26.16207526
Model_iteration_47;['pH_UL'];[5.5];[21.0];;;;;;;;;;;;11.38681926;;;;;;;;;;;;;;3710.807689;;;0.576472316;0.587642818;90.74536775;1.211821073;0.454063975;20.41333568;0.028610228;0.225543068;2.321507358;0.30850251;0.385628137;3.270903009;0.688625985;0.098935976;29.18777845;-27.84455946;-26.15568
Model_iteration_2;['pH_UL'];[5.5];[21.0];;;;;;;;;;;;11.85645652;;;;;;;;;;;;;;1098.212377;;;0.576488961;0.587659786;90.74799927;1.212390384;0.454277294;20.42876411;0.028599666;0.225459802;2.320642636;0.308586229;0.385732786;3.272457664;0.688889209;0.098973794;29.19246592;-27.81398571;-26.12510626
Model_iteration_1;['pH_UL'];[5.5];[21.0];;;;;;;;;;;;12.22163623;;;;;;;;;;;;;;490.3977006;;;0.576498624;0.587669637;90.74952696;1.212740857;0.454408614;20.43826473;0.028593162;0.225408529;2.320109883;0.30863775;0.385797187;3.273415231;0.689051137;0.098997058;29.1953292;-27.7951833;-26.10630384
Model_iteration_17;['pH_UL'];[5.5];[21.0];;;;;;;;;;;;12.23259866;;;;;;;;;;;;;;706.1101744;;;0.576498912;0.58766993;90.74957189;1.212750408;0.454412193;20.43852237;0.028592986;0.225407142;2.320095454;0.308639205;0.385799006;3.27344207;0.689055561;0.098997694;29.19540794;-27.79466965;-26.1057902
Model_iteration_39;['pH_UL'];[5.5];[21.0];;;;;;;;;;;;12.27621923;;;;;;;;;;;;;;2857.923117;;;0.576499931;0.587670968;90.7497337;1.212787748;0.454426184;20.439534;0.028592294;0.225401687;2.320038791;0.308644676;0.385805845;3.27354343;0.68907281;0.099000172;29.19571248;-27.79266716;-26.1037877
Model_iteration_41;['pH_UL'];[5.5];[21.0];;;;;;;;;;;;12.2950675;;;;;;;;;;;;;;230.4426406;;;0.576500322;0.587671367;90.74979537;1.212803532;0.454432098;20.43996321;0.028592;0.225399366;2.320014659;0.308647008;0.38580876;3.27358755;0.689080094;0.099001218;29.1958402;-27.79182139;-26.10294194
Model_iteration_22;['pH_UL'];[5.5];[21.0];;;;;;;;;;;;12.59411784;;;;;;;;;;;;;;1817.718753;;;0.576506384;0.587677546;90.75075162;1.213035624;0.454519062;20.44625781;0.02858769;0.225365388;2.319661377;0.308681107;0.385851384;3.274221223;0.68918726;0.099016615;29.19772301;-27.77938075;-26.0905013
Model_iteration_44;['pH_UL'];[5.5];[21.0];;;;;;;;;;;;13.10519688;;;;;;;;;;;;;;118.7953341;;;0.576514619;0.587685941;90.75205339;1.213361605;0.454641206;20.45509698;0.028581639;0.22531769;2.319165408;0.308729031;0.385911289;3.275111988;0.689337728;0.099038233;29.20035694;-27.76191653;-26.07303707
Model_iteration_24;['pH_UL'];[5.5];[21.0];;;;;;;;;;;;13.41240446;;;;;;;;;;;;;;2931.711639;;;0.576518589;0.587689988;90.75268304;1.213523486;0.454701862;20.45948522;0.028578636;0.225294019;2.318919284;0.308752765;0.385940956;3.275552394;0.689412421;0.099048964;29.20165998;-27.75324868;-26.06436922
Model_iteration_37;['pH_UL'];[5.5];[21.0];;;;;;;;;;;;13.8016782;;;;;;;;;;;;;;75.92186994;;;0.576522712;0.587694191;90.75333279;1.213699407;0.454767779;20.46425811;0.028575369;0.225268258;2.31865121;0.308778689;0.385973361;3.276035321;0.689493567;0.099060623;29.20306936;-27.7438329;-26.05495345
Model_iteration_9;['pH_UL'];[5.5];[21.0];;;;;;;;;;;;14.11950318;;;;;;;;;;;;;;955.4612098;;;0.576525544;0.587697078;90.75378028;1.213823215;0.454814169;20.46761706;0.028573069;0.22525013;2.318462576;0.308796882;0.385996102;3.276373667;0.689550657;0.099068825;29.2040584;-27.73720923;-26.04832977
Model_iteration_42;['pH_UL'];[5.5];[21.0];;;;;;;;;;;;14.16373538;;;;;;;;;;;;;;66.7599156;;;0.57652592;0.587697461;90.75384;1.213839245;0.454820175;20.46805143;0.028572772;0.225247788;2.318438217;0.308799228;0.385999035;3.276417481;0.68955805;0.099069887;29.20418678;-27.73635155;-26.0474721
Model_iteration_34;['pH_UL'];[5.5];[21.0];;;;;;;;;;;;14.16814989;;;;;;;;;;;;;;66.63026775;;;0.576525957;0.587697499;90.75384567;1.213840831;0.45482077;20.4680945;0.028572743;0.225247555;2.318435782;0.308799494;0.385999368;3.276422661;0.689558785;0.099069993;29.20419965;-27.73626626;-26.0473868
Model_iteration_38;['pH_UL'];[5.5];[21.0];;;;;;;;;;;;14.44744853;;;;;;;;;;;;;;1091.137005;;;0.576528054;0.587699636;90.75417741;1.213935424;0.454856213;20.47066156;0.028570985;0.2252337;2.318291622;0.308813323;0.386016654;3.276679617;0.689602382;0.099076256;29.20495255;-27.73120845;-26.04232899
Model_iteration_12;['pH_UL'];[5.5];[21.0];;;;;;;;;;;;14.56884355;;;;;;;;;;;;;;2172.370092;;;0.576528919;0.587700518;90.75431375;1.213973502;0.454870481;20.47169393;0.028570279;0.225228132;2.318233646;0.308818977;0.386023721;3.2767848;0.689619946;0.09907878;29.20525653;-27.7291709;-26.04029144
Model_iteration_35;['pH_UL'];[5.5];[21.0];;;;;;;;;;;;15.32305461;;;;;;;;;;;;;;1118.739068;;;0.57653323;0.587704913;90.75499478;1.214174942;0.45494596;20.47716151;0.028566535;0.225198619;2.31792644;0.308848435;0.386060544;3.277332781;0.689712759;0.099092114;29.20685388;-27.7184048;-26.02952535
Model_iteration_23;['pH_UL'];[5.5];[21.0];;;;;;;;;;;;15.75033928;;;;;;;;;;;;;;673.9451314;;;0.576535182;0.587706903;90.75530248;1.214267449;0.454980622;20.47967109;0.028564818;0.22518508;2.317785418;0.308862028;0.386077535;3.277585437;0.689755383;0.099098238;29.20758611;-27.71346089;-26.02458144
Model_iteration_31;['pH_UL'];[5.5];[21.0];;;;;;;;;;;;15.96881188;;;;;;;;;;;;;;1269.239396;;;0.576535976;0.587707712;90.75542923;1.214309697;0.454996452;20.48082015;0.02856403;0.225178875;2.317720883;0.308868185;0.386085232;3.277701208;0.689774824;0.099101031;29.20791787;-27.71120616;-26.0223267
Model_iteration_20;['pH_UL'];[5.5];[21.0];;;;;;;;;;;;16.2587108;;;;;;;;;;;;;;40.60617536;;;0.576537091;0.587708848;90.75560533;1.214361649;0.455015918;20.48222854;0.028563066;0.225171274;2.317641655;0.308875905;0.386094882;3.277844783;0.689798776;0.099104473;29.20833008;-27.70842824;-26.01954879
Model_iteration_36;['pH_UL'];[5.5];[21.0];;;;;;;;;;;;16.64001292;;;;;;;;;;;;;;30.65736614;;;0.57653835;0.587710131;90.75580368;1.214423073;0.455038933;20.4838953;0.028561926;0.225162282;2.317548043;0.308884966;0.386106207;3.27801279;0.689827075;0.099108538;29.20881495;-27.70514629;-26.01626683
Model_iteration_10;['pH_UL'];[5.5];[21.0];;;;;;;;;;;;17.04852292;;;;;;;;;;;;;;23.13951631;;;0.576539447;0.58771125;90.75597575;1.214481309;0.455060754;20.48547798;0.028560842;0.225153737;2.317459021;0.308893432;0.38611679;3.278171587;0.689853872;0.099112388;29.20927109;-27.70203873;-26.01315927
Model_iteration_15;['pH_UL'];[5.5];[21.0];;;;;;;;;;;;17.31020672;;;;;;;;;;;;;;311.7318856;;;0.576540161;0.587711978;90.7560889;1.214515277;0.455073482;20.4863984;0.028560212;0.225148772;2.317407315;0.308898512;0.38612314;3.278264955;0.689869533;0.099114638;29.20953989;-27.7002225;-26.01134305
Model_iteration_46;['pH_UL'];[5.5];[21.0];;;;;;;;;;;;17.42406156;;;;;;;;;;;;;;4581.620481;;;0.576540441;0.587712264;90.75613429;1.214529271;0.455078725;20.48677812;0.028559952;0.225146723;2.317385991;0.308900505;0.386125631;3.278302328;0.689875971;0.099115563;29.20965018;-27.69947595;-26.0105965
Model_iteration_5;['pH_UL'];[5.5];[21.0];;;;;;;;;;;;17.88002843;;;;;;;;;;;;;;5058.983197;;;0.576541438;0.58771328;90.75629177;1.214580996;0.455098106;20.4881824;0.02855899;0.225139143;2.317307012;0.308908093;0.386135117;3.278443797;0.689899785;0.099118985;29.21005625;-27.69671452;-26.00783506
Model_iteration_49;['pH_UL'];[5.5];[21.0];;;;;;;;;;;;17.95914512;;;;;;;;;;;;;;21.2750526;;;0.576541582;0.587713427;90.75631461;1.214589302;0.455101219;20.488408;0.028558836;0.225137926;2.317294334;0.308909295;0.386136618;3.27846641;0.689903603;0.099119533;29.21012084;-27.69627172;-26.00739226
Model_iteration_4;['pH_UL'];[5.5];[21.0];;;;;;;;;;;;18.08670745;;;;;;;;;;;;;;4135.080641;;;0.5765418;0.587713649;90.75634733;1.214602339;0.455106103;20.48876352;0.028558592;0.225136005;2.317274355;0.308911159;0.386138948;3.278501676;0.689909593;0.099120394;29.21022172;-27.6955772;-26.00669774
Model_iteration_32;['pH_UL'];[5.5];[21.0];;;;;;;;;;;;18.57561136;;;;;;;;;;;;;;1762.779018;;;0.576542675;0.58771454;90.75648565;1.21464862;0.455123445;20.4900201;0.028557731;0.225129218;2.317203554;0.308918058;0.386147573;3.278629524;0.689930909;0.099123456;29.21058471;-27.69310547;-26.00422601
Model_iteration_28;['pH_UL'];[5.5];[21.0];;;;;;;;;;;;19.46647904;;;;;;;;;;;;;;617.6441984;;;0.576544029;0.587715921;90.75669961;1.214719794;0.455150113;20.49195242;0.028556409;0.225118794;2.31709504;0.308928374;0.386160468;3.278822784;0.689963659;0.099128162;29.21114246;-27.68930804;-26.00042859
Model_iteration_16;['pH_UL'];[5.5];[21.0];;;;;;;;;;;;19.63106515;;;;;;;;;;;;;;1068.602147;;;0.576544248;0.587716145;90.75673389;1.214731372;0.455154452;20.49226612;0.028556195;0.225117103;2.317077425;0.308930194;0.386162742;3.278855275;0.689969003;0.099128929;29.21123318;-27.6886885;-25.99980905
Model_iteration_29;['pH_UL'];[5.5];[21.0];;;;;;;;;;;;20.24048482;;;;;;;;;;;;;;1646.698507;;;0.576544965;0.587716875;90.75684733;1.214770591;0.455169147;20.49333132;0.028555465;0.225111354;2.317017539;0.308935848;0.386169811;3.278961679;0.68998704;0.099131521;29.21153947;-27.68659719;-25.99771774
Model_iteration_45;['pH_UL'];[5.5];[21.0];;;;;;;;;;;;20.75767044;;;;;;;;;;;;;;1118.281976;;;0.576545513;0.587717434;90.75693397;1.214800008;0.455180169;20.49413008;0.028554918;0.225107041;2.316972582;0.308940162;0.386175202;3.279042221;0.690000579;0.099133466;29.21176971;-27.68502741;-25.99614795
Model_iteration_11;['pH_UL'];[5.5];[21.0];;;;;;;;;;;;5.577996595;;;;;;;;;;;;;;2980.764343;;;0.576505765;0.587676915;90.75064947;1.215171307;0.455319293;20.50399398;0.028548165;0.225053801;2.316422996;0.308994611;0.386243263;3.280041812;0.690161733;0.099156619;29.21277706;-27.66634509;-25.97746564
Model_iteration_18;['YX_C', 'Xmax', 'pH_UL'];[0.35, 1.15, 5.5];[0.8, 1.2, 21.0];;;;;;;0.382960373;;1.196091569;;;13.30353652;;;;;;;;;1046.583232;;95116.38773;;;61.48132957;;;0.393030139;0.400646019;59.62404825;1.228233914;0.460213794;20.92372043;0.037614178;0.296523922;3.208801022;0.248067198;0.310083998;2.127374803;0.656883437;0.094375474;21.47098613;-27.61989547;-22.5532571
Model_iteration_4;['YX_C', 'Xmax', 'mu_max', 'pH_UL'];[0.35, 1.15, 0.08, 5.5];[0.8, 1.2, 0.16, 21.0];;;;;;;0.351143896;;1.19620224;0.144152347;;9.02851724;;;;;;;;;735.6428877;;11124.49144;12.15415523;;110.5709028;;;0.312229831;0.318280016;44.73156017;1.229935046;0.460851201;24.10742061;0.038198239;0.301128251;3.403678578;0.199456709;0.249320887;1.849748726;0.642547619;0.092315825;18.52310202;-27.38514803;-20.62963021
Model_iteration_35;['YX_C', 'YX_N', 'pH_UL'];[0.35, 10.0, 5.5];[0.8, 15.0, 21.0];;;;;;;0.499784434;14.44606168;;;;11.96937796;;;;;;;;;1009.990536;985.1858917;;;;450.2812955;;;0.576492039;0.587662924;90.74848561;1.148004676;0.430152255;18.60131693;0.021781669;0.171711472;1.751273589;0.308603108;0.385753885;3.272771761;0.660675436;0.094920277;28.59346197;-27.15940639;-22.09276802
Model_iteration_20;['mu_max', 'pH_UL'];[0.08, 5.5];[0.16, 21.0];;;;;;;;;;0.144863964;;9.475332634;;;;;;;;;;;;53.56688265;;456.2527892;;;0.569896275;0.580939351;89.49072597;1.192785228;0.446931329;20.1541548;0.028659119;0.225928491;2.315353963;0.305042211;0.381302764;3.240489415;0.678489215;0.09747961;28.80018104;-27.03093564;-23.65317673
Model_iteration_42;['YX_C', 'YX_N', 'mu_max', 'pH_UL'];[0.35, 10.0, 0.08, 5.5];[0.8, 15.0, 0.16, 21.0];;;;;;;0.50851493;12.55318521;;0.114167985;;15.88102969;;;;;;;;;993.0769584;1133.658141;;4.898483087;;23.32298766;;;0.576529656;0.587701269;90.7544301;1.116300414;0.418272808;17.67814532;0.029103118;0.229428666;2.566217201;0.308833777;0.386042221;3.277061204;0.647058411;0.092963897;28.56896345;-26.82549667;-20.06997885
Model_iteration_41;['YX_N', 'pH_UL'];[10.0, 5.5];[15.0, 21.0];;;;;;;;11.16540775;;;;5.787649496;;;;;;;;;;1273.400636;;;;1117545.88;;;0.570100586;0.581147621;89.57916839;1.200065408;0.44965918;20.28778936;0.038266912;0.301669621;3.463569402;0.306277323;0.382846653;3.255128779;0.681990069;0.097982583;29.14641398;-26.61921463;-23.24145572
Model_iteration_43;['YX_C', 'YX_N', 'mu_max', 'pH_UL'];[0.35, 10.0, 0.08, 5.5];[0.8, 15.0, 0.16, 21.0];;;;;;;0.507233841;13.41028771;;0.090023616;;20.15673618;;;;;;;;;993.3507367;1060.064796;;1.26521677;;2.879303753;;;0.57653835;0.587710131;90.75580317;1.121464178;0.420207648;17.82902053;0.025001922;0.197097698;2.087309876;0.308898654;0.386123317;3.278268814;0.649253773;0.093279308;28.4876006;-26.55452939;-19.79901158
Model_iteration_27;['YX_C', 'YX_N', 'mu_max', 'pH_UL'];[0.35, 10.0, 0.08, 5.5];[0.8, 15.0, 0.16, 21.0];;;;;;;0.506663874;12.25600529;;0.08661264;;19.36242051;;;;;;;;;996.5587906;1161.055365;;8.077501666;;1289.242486;;;0.576535942;0.587707677;90.75542318;1.123502288;0.420971319;17.88868497;0.030866007;0.243326055;2.749704243;0.308883782;0.386104728;3.277992544;0.650194776;0.093414504;28.66795123;-26.43866449;-19.68314668
Model_iteration_46;['YX_C', 'pH_UL'];[0.35, 5.5];[0.8, 21.0];;;;;;;0.487193907;;;;;17.27634949;;;;;;;;;1037.267323;;;;;4720.330386;;;0.576540073;0.587711888;90.75607654;1.200942035;0.449987648;20.10594883;0.028560292;0.225149401;2.317413946;0.308897752;0.38612219;3.278252185;0.683903089;0.09825743;29.11442287;-26.3951244;-23.01736549
Model_iteration_35;['YX_C', 'Xmax', 'pH_UL'];[0.35, 1.15, 5.5];[0.8, 1.2, 21.0];;;;;;;0.372770401;;1.181100446;;;17.57368426;;;;;;;;;1060.464338;;24218.04567;;;37.30433306;;;0.383928106;0.391367613;58.20227586;1.254020686;0.469875983;21.63930143;0.038178964;0.300976301;3.270836069;0.244788679;0.305985848;2.082312504;0.66733571;0.095877169;21.29868147;-26.35696365;-21.29032529
Model_iteration_32;['YX_N', 'mu_max', 'pH_UL'];[10.0, 0.08, 5.5];[15.0, 0.16, 21.0];;;;;;;;14.73912142;;0.08423597;;5.788784931;;;;;;;;;;962.9305848;;88.81825573;;6577.384885;;;0.558967168;0.569798467;87.48199543;1.175676314;0.440520695;20.01755941;0.02031492;0.160148651;1.671884766;0.301559713;0.376949641;3.22069692;0.668208434;0.096002554;28.09803413;-26.25241014;-21.18577178
Model_iteration_6;['YX_C', 'Xmax', 'mu_max', 'pH_UL'];[0.35, 1.15, 0.08, 5.5];[0.8, 1.2, 0.16, 21.0];;;;;;;0.381261262;;1.18706419;0.125795407;;20.00368344;;;;;;;;;1041.938104;;94876.56428;3.640736722;;904.9749699;;;0.387521595;0.395030734;58.74888252;1.219450949;0.456922856;20.68081874;0.037943417;0.299119408;3.242875275;0.246150762;0.307688452;2.101172771;0.651779009;0.093642113;21.19343733;-26.24397746;-19.48845965
Model_iteration_38;['mu_max', 'pH_UL'];[0.08, 5.5];[0.16, 21.0];;;;;;;;;;0.094979804;;10.38408188;;;;;;;;;;;;167.2136082;;1270.520486;;;0.57616909;0.587333717;90.69247684;1.207642179;0.452498162;20.30641528;0.02868027;0.226095223;2.326991922;0.307871704;0.38483963;3.260010391;0.686654571;0.09865274;29.14647361;-26.07391375;-22.69615484
Model_iteration_50;['mu_max', 'pH_UL'];[0.08, 5.5];[0.16, 21.0];;;;;;;;;;0.116590612;;10.11204504;;;;;;;;;;;;142.3709966;;1125.167901;;;0.576187667;0.587352654;90.69586747;1.207664017;0.452506345;20.30641959;0.028680567;0.226097569;2.327038254;0.30787642;0.384845525;3.260020708;0.686668601;0.098654755;29.14733651;-26.07227912;-22.69452021
Model_iteration_13;['mu_max', 'pH_UL'];[0.08, 5.5];[0.16, 21.0];;;;;;;;;;0.09421412;;10.45528188;;;;;;;;;;;;231.6528174;;1748.361965;;;0.576246676;0.587412806;90.70697493;1.20799769;0.452631371;20.31325809;0.028677004;0.226069479;2.326831544;0.307930877;0.384913596;3.260746446;0.686833758;0.098678484;29.15195275;-26.05303985;-22.67528094
Model_iteration_50;['YX_N', 'pH_UL'];[10.0, 5.5];[15.0, 21.0];;;;;;;;10.50115308;;;;9.788843753;;;;;;;;;;1351.962655;;;;45735.76112;;;0.576177848;0.587342644;90.69394893;1.207577534;0.45247394;20.30451634;0.044566172;0.351328586;4.007990619;0.307862533;0.384828167;3.259821128;0.686838754;0.098679202;29.56656925;-26.05245798;-22.67469907
Model_iteration_22;['mu_max', 'pH_UL'];[0.08, 5.5];[0.16, 21.0];;;;;;;;;;0.143139291;;9.973571074;;;;;;;;;;;;16.1597981;;133.5075531;;;0.576318353;0.587485871;90.72001983;1.208337992;0.45275888;20.32028873;0.028673305;0.226040316;2.326612456;0.307986285;0.384982856;3.261491069;0.687004595;0.098703028;29.15710302;-26.03314384;-22.65538493
Model_iteration_39;['YX_N', 'pH_UL'];[10.0, 5.5];[15.0, 21.0];;;;;;;;10.23015965;;;;9.894668376;;;;;;;;;;1388.03504;;;;29334.97387;;;0.576303765;0.587471001;90.71736895;1.208226232;0.452717004;20.31769751;0.047374575;0.373468078;4.275710516;0.30796875;0.384960938;3.261222009;0.687209167;0.098732419;29.64299974;-26.00932547;-22.63156656
Model_iteration_19;['YX_N', 'pH_UL'];[10.0, 5.5];[15.0, 21.0];;;;;;;;11.12665805;;;;10.12138086;;;;;;;;;;1276.688807;;;;33995.19763;;;0.576375169;0.587543789;90.72992948;1.209103965;0.453045887;20.33986203;0.038893948;0.306612735;3.509929178;0.308102003;0.385127504;3.263486143;0.687491876;0.098773037;29.46080171;-25.97642131;-22.5986624
Model_iteration_21;['mu_max', 'pH_UL'];[0.08, 5.5];[0.16, 21.0];;;;;;;;;;0.152260503;;10.42941007;;;;;;;;;;;;66.55557826;;512.9341143;;;0.576413819;0.587583188;90.73611379;1.210052643;0.453401352;20.36544417;0.028643018;0.22580156;2.324188214;0.308242062;0.385302577;3.26607026;0.687807;0.098818311;29.17295411;-25.93976024;-22.56200133
Model_iteration_10;['mu_max', 'pH_UL'];[0.08, 5.5];[0.16, 21.0];;;;;;;;;;0.113147095;;10.86163238;;;;;;;;;;;;418.5790774;;3053.401452;;;0.576409115;0.587578392;90.73537071;1.210065183;0.453406051;20.36580864;0.028642755;0.225799487;2.324166008;0.308243859;0.385304824;3.266106947;0.687811729;0.09881899;29.17286308;-25.93921026;-22.56145135
Model_iteration_28;['YX_N', 'pH_UL'];[10.0, 5.5];[15.0, 21.0];;;;;;;;12.68056458;;;;10.57023436;;;;;;;;;;1121.005072;;;;28982.80176;;;0.576423439;0.587592994;90.73763676;1.210341833;0.453509711;20.37327539;0.028283444;0.222966926;2.4775959;0.308284689;0.385355862;3.266861251;0.687937268;0.098837027;29.21384233;-25.9246101;-22.54685119
Model_iteration_26;['YX_N', 'pH_UL'];[10.0, 5.5];[15.0, 21.0];;;;;;;;12.53010949;;;;10.56367968;;;;;;;;;;1134.455213;;;;29162.48172;;;0.576422913;0.587592458;90.73755295;1.210326464;0.453503952;20.37285832;0.02910641;0.229454616;2.566725417;0.308282346;0.385352932;3.266816854;0.687938717;0.098837235;29.23598839;-25.92444154;-22.54668263
Model_iteration_31;['mu_max', 'pH_UL'];[0.08, 5.5];[0.16, 21.0];;;;;;;;;;0.088064271;;11.56504008;;;;;;;;;;;;9.977493723;;65.6669052;;;0.576425937;0.587595541;90.7380326;1.210658715;0.453628445;20.38189618;0.02863173;0.225712572;2.323264663;0.30833123;0.385414038;3.26772971;0.688085988;0.098858394;29.17773079;-25.9073173;-22.52955839
Model_iteration_43;['mu_max', 'pH_UL'];[0.08, 5.5];[0.16, 21.0];;;;;;;;;;0.126815226;;11.14690647;;;;;;;;;;;;59.75860693;;413.8563306;;;0.576444091;0.587614047;90.74090377;1.211006849;0.453758889;20.39129299;0.028625313;0.225661981;2.322740937;0.308382545;0.385478181;3.268677496;0.688248607;0.098881757;29.1809038;-25.88841267;-22.51065376
Model_iteration_10;['YX_N', 'pH_UL'];[10.0, 5.5];[15.0, 21.0];;;;;;;;13.30550807;;;;11.06571718;;;;;;;;;;1068.9883;;;;12908.68583;;;0.57645665;0.587626849;90.74288929;1.211327656;0.453879094;20.39997138;0.025346424;0.199813512;2.132041948;0.308429852;0.385537315;3.269554238;0.688365523;0.098898555;29.13611422;-25.87482388;-22.49706497
Model_iteration_47;['mu_max', 'pH_UL'];[0.08, 5.5];[0.16, 21.0];;;;;;;;;;0.135290335;;11.76419861;;;;;;;;;;;;2.879288664;;17.68122003;;;0.576478668;0.587649293;90.74637277;1.212072873;0.454158324;20.42016317;0.028605552;0.225506201;2.321124446;0.308539538;0.385674423;3.271591087;0.688742192;0.098952671;29.18981287;-25.83106041;-22.4533015
Model_iteration_34;['mu_max', 'pH_UL'];[0.08, 5.5];[0.16, 21.0];;;;;;;;;;0.093589777;;12.72146758;;;;;;;;;;;;110.5042529;;3347.63618;;;0.576480862;0.58765153;90.74671977;1.212296514;0.454242121;20.42624567;0.028601377;0.225473287;2.32078201;0.308572314;0.385715393;3.272202518;0.688844673;0.098967395;29.19148749;-25.81915772;-22.44139881
Model_iteration_22;['YX_N', 'pH_UL'];[10.0, 5.5];[15.0, 21.0];;;;;;;;12.9505748;;;;11.85711134;;;;;;;;;;1098.899517;;;;485.3641626;;;0.576488748;0.587659568;90.74796578;1.212389458;0.454276947;20.42873868;0.026974826;0.212650694;2.329785873;0.308586113;0.385732642;3.272455315;0.688872359;0.098971373;29.19473641;-25.81594251;-22.4381836
Model_iteration_1;['mu_max', 'pH_UL'];[0.08, 5.5];[0.16, 21.0];;;;;;;;;;0.086875751;;12.96997597;;;;;;;;;;;;13.80495365;;68.31337785;;;0.576482;0.58765269;90.74689793;1.212366268;0.454268258;20.42814172;0.028600076;0.225463035;2.320675384;0.308582541;0.385728176;3.272393127;0.688876733;0.098972001;29.19202704;-25.81543448;-22.43767557
Model_iteration_16;['mu_max', 'pH_UL'];[0.08, 5.5];[0.16, 21.0];;;;;;;;;;0.131101701;;12.11613058;;;;;;;;;;;;88.00206937;;371.7888881;;;0.576487609;0.587658407;90.74778555;1.212392438;0.454278063;20.42882655;0.02859962;0.225459436;2.320638634;0.30858653;0.385733163;3.272464685;0.688889862;0.098973888;29.19242886;-25.81390976;-22.43615086
Model_iteration_49;['mu_max', 'pH_UL'];[0.08, 5.5];[0.16, 21.0];;;;;;;;;;0.08018489;;13.21440073;;;;;;;;;;;;78.85179716;;1286.418983;;;0.576482329;0.587653025;90.74695124;1.212410111;0.454284685;20.42933349;0.028599258;0.225456587;2.320608283;0.308589032;0.38573629;3.272514725;0.68889681;0.098974886;29.19235193;-25.81310292;-22.43534402
Model_iteration_24;['mu_max', 'pH_UL'];[0.08, 5.5];[0.16, 21.0];;;;;;;;;;0.087146008;;13.1241264;;;;;;;;;;;;49.11293625;;303.7925093;;;0.576486137;0.587656907;90.74755359;1.212499919;0.454318336;20.43175976;0.028597601;0.225443522;2.320472729;0.308602285;0.385752856;3.272759341;0.688938588;0.098980888;29.19313636;-25.80825154;-22.43049263
Model_iteration_34;['YX_N', 'pH_UL'];[10.0, 5.5];[15.0, 21.0];;;;;;;;10.16605405;;;;11.54088904;;;;;;;;;;1399.622509;;;;1794.675904;;;0.576477884;0.587648495;90.74624844;1.212021802;0.454139188;20.41877716;0.048255666;0.380413987;4.373030349;0.308531842;0.385664803;3.271446539;0.688992762;0.098988671;29.70237562;-25.80196101;-22.42420211
Model_iteration_15;['mu_max', 'pH_UL'];[0.08, 5.5];[0.16, 21.0];;;;;;;;;;0.144780066;;12.22723785;;;;;;;;;;;;37.10598407;;742.3495389;;;0.57649675;0.587667725;90.74923084;1.2126834;0.454387086;20.43670804;0.028594227;0.225416926;2.320197121;0.308629306;0.385786632;3.273258243;0.68902453;0.098993235;29.19484856;-25.79827255;-22.42051364
Model_iteration_33;['YX_N', 'pH_UL'];[10.0, 5.5];[15.0, 21.0];;;;;;;;14.29580533;;;;12.32921184;;;;;;;;;;995.6889813;;;;1378.194843;;;0.576500898;0.587671954;90.74988645;1.212830798;0.454442315;20.44070315;0.022130233;0.174459306;1.778980587;0.308651017;0.385813771;3.273661693;0.689033204;0.098994482;29.06080797;-25.79726538;-22.41950647
Model_iteration_30;['YX_N', 'pH_UL'];[10.0, 5.5];[15.0, 21.0];;;;;;;;14.0853694;;;;12.33740091;;;;;;;;;;1010.071998;;;;153.9740152;;;0.576501069;0.587672129;90.7499134;1.212837476;0.454444817;20.44088474;0.022676645;0.178766839;1.818189016;0.308651951;0.385814939;3.273679055;0.689040725;0.098995562;29.07066655;-25.79639218;-22.41863327
Model_iteration_2;['YX_N', 'pH_UL'];[10.0, 5.5];[15.0, 21.0];;;;;;;;12.01439887;;;;12.22622599;;;;;;;;;;1184.61536;;;;1275.761156;;;0.576498493;0.587669502;90.74950641;1.212743196;0.454409491;20.43832764;0.032352893;0.255047622;2.898331419;0.308638123;0.385797654;3.273421694;0.689093748;0.09900318;29.33989679;-25.79023632;-22.41247741
Model_iteration_46;['YX_N', 'pH_UL'];[10.0, 5.5];[15.0, 21.0];;;;;;;;11.27472951;;;;12.19390846;;;;;;;;;;1262.435335;;;;871.2036127;;;0.576497694;0.587668689;90.74938059;1.212714677;0.454398805;20.43755455;0.037822247;0.298164189;3.413088177;0.308633866;0.385792333;3.273342386;0.689150177;0.099011287;29.46834142;-25.78368545;-22.40592655
Model_iteration_18;['YX_N', 'pH_UL'];[10.0, 5.5];[15.0, 21.0];;;;;;;;12.44587972;;;;12.95006966;;;;;;;;;;1144.157911;;;;239.0188871;;;0.576512228;0.587683503;90.75167694;1.213269775;0.454606798;20.45260519;0.029687805;0.23403793;2.628134474;0.308715554;0.385894442;3.274861326;0.689306999;0.099033818;29.27681948;-25.76548284;-22.38772393
Model_iteration_33;['mu_max', 'pH_UL'];[0.08, 5.5];[0.16, 21.0];;;;;;;;;;0.147575071;;13.35542914;;;;;;;;;;;;11.18741807;;30.85068192;;;0.576517276;0.587688649;90.75247287;1.213474552;0.454683527;20.45815997;0.028579542;0.225301161;2.318993432;0.308745597;0.385931996;3.27541952;0.689389819;0.099045717;29.20126145;-25.75587143;-22.37811252
Model_iteration_17;['mu_max', 'pH_UL'];[0.08, 5.5];[0.16, 21.0];;;;;;;;;;0.102545983;;14.40042303;;;;;;;;;;;;17.25133166;;1013.396265;;;0.576515232;0.587686566;90.75215131;1.213497978;0.454692304;20.45880599;0.028579095;0.22529763;2.318956436;0.308749054;0.385936318;3.275485696;0.689400083;0.099047192;29.20134986;-25.75468033;-22.37692143
Model_iteration_45;['YX_N', 'pH_UL'];[10.0, 5.5];[15.0, 21.0];;;;;;;;12.75407212;;;;13.4403155;;;;;;;;;;1114.511838;;;;57.90624629;;;0.576518756;0.587690158;90.75270767;1.213536137;0.454706602;20.45982949;0.027998404;0.220719873;2.445950925;0.308754701;0.385943376;3.275589303;0.689412287;0.099048945;29.23351935;-25.75326417;-22.37550526
Model_iteration_48;['YX_N', 'pH_UL'];[10.0, 5.5];[15.0, 21.0];;;;;;;;13.64316603;;;;13.78381499;;;;;;;;;;1043.052442;;;;78.18528769;;;0.576522436;0.58769391;90.75328951;1.213691286;0.454764736;20.46403788;0.024098799;0.189978104;1.964494431;0.308777512;0.38597189;3.276013695;0.689447054;0.09905394;29.11445888;-25.7492299;-22.37147099
Model_iteration_15;['YX_N', 'pH_UL'];[10.0, 5.5];[15.0, 21.0];;;;;;;;12.88890412;;;;13.76566362;;;;;;;;;;1104.850648;;;;3355.267945;;;0.576522254;0.587693724;90.75326128;1.213683584;0.45476185;20.46382845;0.027316439;0.215343739;2.369093432;0.308776309;0.385970387;3.275990503;0.689473486;0.099057738;29.21554342;-25.74616296;-22.36840405
Model_iteration_21;['YX_N', 'pH_UL'];[10.0, 5.5];[15.0, 21.0];;;;;;;;13.69104675;;;;14.07998381;;;;;;;;;;1040.171858;;;;445.0782925;;;0.576525127;0.587696653;90.75371431;1.213808077;0.454808497;20.46720633;0.023932383;0.188666203;1.946947791;0.30879468;0.38599335;3.276333163;0.689499489;0.099061474;29.1110504;-25.74314578;-22.36538687
Model_iteration_3;['mu_max', 'pH_UL'];[0.08, 5.5];[0.16, 21.0];;;;;;;;;;0.156103103;;13.84839994;;;;;;;;;;;;20.3873808;;29.85730565;;;0.576524407;0.587695919;90.75360088;1.213762206;0.454791309;20.46596018;0.028574204;0.225259079;2.318555741;0.308787943;0.385984929;3.276207458;0.689522582;0.099064791;29.20358107;-25.74046651;-22.3627076
Model_iteration_44;['YX_N', 'pH_UL'];[10.0, 5.5];[15.0, 21.0];;;;;;;;13.25062674;;;;14.14485145;;;;;;;;;;1074.71825;;;;286.8142277;;;0.576525644;0.58769718;90.75379613;1.213831746;0.454817366;20.46784885;0.02564635;0.202177923;2.169797373;0.308798133;0.385997667;3.276396967;0.689525806;0.099065254;29.16695983;-25.74009245;-22.36233354
Model_iteration_35;['mu_max', 'pH_UL'];[0.08, 5.5];[0.16, 21.0];;;;;;;;;;0.115664118;;14.78818299;;;;;;;;;;;;10.37099725;;77.4969511;;;0.57652306;0.587694545;90.75338832;1.213783185;0.45479917;20.46653785;0.028573804;0.225255927;2.31852271;0.308790975;0.385988719;3.276264928;0.689531868;0.099066125;29.20367845;-25.73938911;-22.36163021
Model_iteration_14;['mu_max', 'pH_UL'];[0.08, 5.5];[0.16, 21.0];;;;;;;;;;0.138433506;;14.96668237;;;;;;;;;;;;5.795830815;;182.1408063;;;0.576529428;0.587701037;90.75439411;1.214015403;0.454886181;20.47283271;0.028569498;0.225221979;2.318169548;0.308825127;0.386031408;3.276899451;0.689639173;0.099081542;29.20557395;-25.72694051;-22.3491816
Model_iteration_40;['mu_max', 'pH_UL'];[0.08, 5.5];[0.16, 21.0];;;;;;;;;;0.13484788;;15.11974402;;;;;;;;;;;;10.83565529;;219.7076295;;;0.57652968;0.587701294;90.75443378;1.214033416;0.45489293;20.47332253;0.028569162;0.225219331;2.318141952;0.308827772;0.386034715;3.276949187;0.689647446;0.099082731;29.20571186;-25.72598084;-22.34822193
Model_iteration_37;['YX_N', 'pH_UL'];[10.0, 5.5];[15.0, 21.0];;;;;;;;11.61839887;;;;14.49600143;;;;;;;;;;1224.387613;;;;55.71160471;;;0.57652827;0.587699857;90.75421091;1.213950028;0.454861685;20.47105798;0.035190821;0.277419862;3.170457191;0.308815504;0.38601938;3.276720209;0.689685603;0.099088213;29.41811157;-25.72155459;-22.34379569
Model_iteration_30;['mu_max', 'pH_UL'];[0.08, 5.5];[0.16, 21.0];;;;;;;;;;0.093539844;;16.93392215;;;;;;;;;;;;10.13420054;;681.5321867;;;0.576529815;0.587701431;90.75445484;1.214124774;0.454927162;20.47580995;0.028567455;0.225205872;2.318001597;0.308841149;0.386051437;3.277198699;0.68968916;0.099088724;29.20636627;-25.72114204;-22.34338314
Model_iteration_7;['mu_max', 'pH_UL'];[0.08, 5.5];[0.16, 21.0];;;;;;;;;;0.155694115;;15.11805141;;;;;;;;;;;;6.27936872;;1210.173901;;;0.576533025;0.587704704;90.75496233;1.214156349;0.454938993;20.47665523;0.028566883;0.225201359;2.317954955;0.308845819;0.386057273;3.2772841;0.689704244;0.099090891;29.20671415;-25.71939243;-22.34163353
Model_iteration_36;['mu_max', 'pH_UL'];[0.08, 5.5];[0.16, 21.0];;;;;;;;;;0.128533523;;15.80323641;;;;;;;;;;;;10.93177086;;893.8768229;;;0.576532169;0.587703831;90.7548268;1.214157984;0.454939606;20.47670397;0.028566847;0.225201076;2.317951909;0.308845987;0.386057483;3.277287098;0.689704803;0.099090971;29.20669244;-25.7193276;-22.34156869
Model_iteration_37;['mu_max', 'pH_UL'];[0.08, 5.5];[0.16, 21.0];;;;;;;;;;0.131607743;;15.80565974;;;;;;;;;;;;1.336317682;;7.034503069;;;0.576532691;0.587704363;90.75490992;1.214177684;0.454946987;20.47723832;0.028566482;0.225198199;2.317922035;0.30884885;0.386061062;3.277341675;0.689713899;0.099092278;29.20685299;-25.71827254;-22.34051364
Model_iteration_8;['mu_max', 'pH_UL'];[0.08, 5.5];[0.16, 21.0];;;;;;;;;;0.129022734;;16.51483013;;;;;;;;;;;;7.051548347;;1594.167072;;;0.576535214;0.587706935;90.75530745;1.214300107;0.454992859;20.48056112;0.028564206;0.225180262;2.317735178;0.308866913;0.386083641;3.2776772;0.689770304;0.099100382;29.20782024;-25.71173041;-22.33397151
Model_iteration_6;['mu_max', 'pH_UL'];[0.08, 5.5];[0.16, 21.0];;;;;;;;;;0.140834929;;16.20721339;;;;;;;;;;;;12.64929708;;28.28603563;;;0.576535739;0.58770747;90.75539016;1.214308532;0.454996015;20.48078866;0.028564051;0.22517904;2.31772251;0.308868151;0.386085189;3.277700165;0.689774258;0.09910095;29.20790037;-25.71127176;-22.33351285
Model_iteration_44;['mu_max', 'pH_UL'];[0.08, 5.5];[0.16, 21.0];;;;;;;;;;0.125185701;;16.75924755;;;;;;;;;;;;8.904454788;;12.84053447;;;0.576535523;0.58770725;90.75535664;1.214319995;0.45500031;20.48110074;0.028563837;0.22517735;2.317704856;0.308869852;0.386087315;3.277732389;0.689779446;0.099101695;29.20797365;-25.71067008;-22.33291117
Model_iteration_43;['YX_N', 'pH_UL'];[10.0, 5.5];[15.0, 21.0];;;;;;;;14.84362967;;;;16.9650622;;;;;;;;;;959.0138134;;;;28.18901186;;;0.576539228;0.587711027;90.75594274;1.214469796;0.45505644;20.48516379;0.021076789;0.166154689;1.720277108;0.308891746;0.386114683;3.278138848;0.689781253;0.099101955;29.05988062;-25.71046051;-22.3327016
Model_iteration_45;['mu_max', 'pH_UL'];[0.08, 5.5];[0.16, 21.0];;;;;;;;;;0.145177451;;16.23849454;;;;;;;;;;;;11.30736408;;646.9170338;;;0.576536447;0.587708192;90.75550223;1.21433564;0.455006173;20.48152291;0.028563549;0.225175082;2.317681297;0.308872165;0.386090206;3.277775066;0.689786781;0.099102749;29.20812037;-25.70981939;-22.33206048
Model_iteration_3;['YX_N', 'pH_UL'];[10.0, 5.5];[15.0, 21.0];;;;;;;;14.01873628;;;;16.82910802;;;;;;;;;;1018.196956;;;;3108.41195;;;0.576538783;0.587710573;90.75587268;1.214450531;0.455049222;20.48463916;0.022897592;0.180508634;1.836959369;0.30888893;0.386111162;3.27808668;0.689786875;0.099102763;29.08888947;-25.70980848;-22.33204958
Model_iteration_25;['YX_N', 'pH_UL'];[10.0, 5.5];[15.0, 21.0];;;;;;;;12.05654371;;;;15.68805893;;;;;;;;;;1181.855322;;;;1512.709537;;;0.576534816;0.587706529;90.75524552;1.214254203;0.454975658;20.47931261;0.032131717;0.253304026;2.876485805;0.308860113;0.386075142;3.277550484;0.689788497;0.099102996;29.3471486;-25.70962041;-22.33186151
Model_iteration_16;['YX_N', 'pH_UL'];[10.0, 5.5];[15.0, 21.0];;;;;;;;13.57889972;;;;17.05893167;;;;;;;;;;1049.110818;;;;1664.578177;;;0.576539444;0.587711247;90.75597505;1.214482444;0.455061179;20.4855085;0.024351433;0.191969701;1.999817083;0.308893661;0.386117076;3.27817521;0.689814037;0.099106665;29.12986896;-25.70665834;-22.32889943
Model_iteration_42;['mu_max', 'pH_UL'];[0.08, 5.5];[0.16, 21.0];;;;;;;;;;0.134800331;;16.9862042;;;;;;;;;;;;5.534525455;;278.5864862;;;0.576537551;0.587709317;90.75567611;1.214405705;0.455032426;20.4834276;0.028562244;0.225164794;2.317574032;0.308881879;0.386102349;3.277949079;0.689818922;0.099107367;29.2086567;-25.7060918;-22.32833289
Model_iteration_23;['YX_N', 'pH_UL'];[10.0, 5.5];[15.0, 21.0];;;;;;;;13.62066924;;;;17.71186112;;;;;;;;;;1045.938325;;;;4943.181862;;;0.576540985;0.587712818;90.75621893;1.214562289;0.455091097;20.48767646;0.024200396;0.190779027;1.978766744;0.30890525;0.386131562;3.278392208;0.689849471;0.099111756;29.12526359;-25.702549;-22.32479009
Model_iteration_18;['mu_max', 'pH_UL'];[0.08, 5.5];[0.16, 21.0];;;;;;;;;;0.130855218;;17.73490182;;;;;;;;;;;;21.33225696;;2317.716495;;;0.576539146;0.587710944;90.75592867;1.21448744;0.455063051;20.48564472;0.028560727;0.225152831;2.317449538;0.308894422;0.386118027;3.278189229;0.689856617;0.099112783;29.20930304;-25.70172037;-22.32396146
Model_iteration_28;['mu_max', 'pH_UL'];[0.08, 5.5];[0.16, 21.0];;;;;;;;;;0.118032314;;18.32783459;;;;;;;;;;;;11.80738959;;17.304383;;;0.576538974;0.587710768;90.75590115;1.214495251;0.455065978;20.48585853;0.02856058;0.225151672;2.317437655;0.308895487;0.386119359;3.278209487;0.689860137;0.099113288;29.20935171;-25.70131219;-22.32355328
Model_iteration_19;['mu_max', 'pH_UL'];[0.08, 5.5];[0.16, 21.0];;;;;;;;;;0.133266017;;17.74131043;;;;;;;;;;;;46.16084298;;2197.445568;;;0.576539448;0.587711251;90.75597651;1.214499054;0.455067403;20.48595954;0.028560512;0.225151135;2.317431881;0.308896134;0.386120167;3.278221131;0.689861981;0.099113553;29.20939727;-25.70109831;-22.3233394
Model_iteration_20;['YX_N', 'pH_UL'];[10.0, 5.5];[15.0, 21.0];;;;;;;;10.06547034;;;;14.23723428;;;;;;;;;;1414.89129;;;;2829.770664;;;0.576526301;0.587697849;90.75390011;1.213863987;0.454829446;20.46872352;0.049452669;0.389850321;4.505000614;0.308802867;0.386003584;3.276485225;0.689864684;0.099113942;29.75102737;-25.70078482;-22.32302591
Model_iteration_9;['mu_max', 'pH_UL'];[0.08, 5.5];[0.16, 21.0];;;;;;;;;;0.088173425;;20.65812329;;;;;;;;;;;;6.163103275;;9.772855311;;;0.576538951;0.587710745;90.75589794;1.21454643;0.455085154;20.48725199;0.028559623;0.225144132;2.317358765;0.308903068;0.386128835;3.278351089;0.689883496;0.099116644;29.20971495;-25.69860342;-22.32084451
Model_iteration_29;['YX_N', 'pH_UL'];[10.0, 5.5];[15.0, 21.0];;;;;;;;14.02853885;;;;19.32636953;;;;;;;;;;1015.601654;;;;4522.122411;;;0.576543852;0.587715741;90.75667267;1.214709491;0.455146253;20.49167062;0.02287423;0.180324458;1.834286287;0.308927018;0.386158773;3.278795778;0.689905989;0.099119876;29.09035634;-25.69599512;-22.31823621
Model_iteration_1;['YX_N', 'pH_UL'];[10.0, 5.5];[15.0, 21.0];;;;;;;;11.2589566;;;;16.18057852;;;;;;;;;;1265.206003;;;;1135.416354;;;0.576536716;0.587708466;90.75554459;1.214347561;0.455010639;20.48184695;0.03802312;0.299747734;3.431271023;0.308873871;0.386092338;3.277806777;0.689906408;0.099119936;29.48661733;-25.69594646;-22.31818755
Model_iteration_7;['YX_N', 'pH_UL'];[10.0, 5.5];[15.0, 21.0];;;;;;;;13.45179636;;;;18.92031857;;;;;;;;;;1176.181903;;;;2112.078519;;;0.576543239;0.587715115;90.75657597;1.214677853;0.455134398;20.49081188;0.024841288;0.195831375;2.066130421;0.308922328;0.38615291;3.278708899;0.689908416;0.099120225;29.14805679;-25.6957137;-22.31795479
Model_iteration_32;['mu_max', 'pH_UL'];[0.08, 5.5];[0.16, 21.0];;;;;;;;;;0.145853832;;18.41227685;;;;;;;;;;;;5.564874615;;399.296718;;;0.576542112;0.587713967;90.75639782;1.214619891;0.45511268;20.48923835;0.028558268;0.225133447;2.317247725;0.308913864;0.38614233;3.278550866;0.689917683;0.099121556;29.21035869;-25.69463912;-22.31688021
Model_iteration_6;['YX_N', 'pH_UL'];[10.0, 5.5];[15.0, 21.0];;;;;;;;13.3760658;;;;20.09365296;;;;;;;;;;1065.167719;;;;1837.259388;;;0.576544763;0.587716669;90.75681492;1.214761417;0.455165709;20.49308268;0.025146537;0.198237744;2.106130972;0.308934536;0.38616817;3.278937479;0.689949647;0.099126148;29.15874151;-25.6909328;-22.3131739
Model_iteration_12;['mu_max', 'pH_UL'];[0.08, 5.5];[0.16, 21.0];;;;;;;;;;0.124178506;;20.31873246;;;;;;;;;;;;8.899235945;;866.2179331;;;0.576543036;0.587714909;90.75654277;1.21469481;0.455140752;20.49127639;0.02855687;0.225122431;2.317132826;0.308924754;0.386155942;3.278755179;0.689952055;0.099126494;29.21092679;-25.69065356;-22.31289466
Model_iteration_39;['mu_max', 'pH_UL'];[0.08, 5.5];[0.16, 21.0];;;;;;;;;;0.125562464;;20.42133248;;;;;;;;;;;;8.830041109;;1924.039099;;;0.576543314;0.587715192;90.75658696;1.21470666;0.455145192;20.49159739;0.028556651;0.225120704;2.317114916;0.30892646;0.386158075;3.278787054;0.689957517;0.099127279;29.21102158;-25.69002018;-22.31226127
Model_iteration_48;['mu_max', 'pH_UL'];[0.08, 5.5];[0.16, 21.0];;;;;;;;;;0.119532371;;20.83273847;;;;;;;;;;;;4.149536438;;603.4375869;;;0.576543251;0.587715128;90.75657687;1.214710924;0.45514679;20.49171406;0.02855657;0.225120066;2.317108139;0.308927192;0.38615899;3.27879992;0.689959462;0.099127559;29.21104975;-25.68979472;-22.31203581
Model_iteration_49;['YX_N', 'pH_UL'];[10.0, 5.5];[15.0, 21.0];;;;;;;;11.70414999;;;;18.0956966;;;;;;;;;;1217.232915;;;;4366.655313;;;0.576541791;0.58771364;90.75634753;1.214602934;0.455106326;20.48877807;0.034585671;0.272649286;3.113451849;0.308911322;0.386139153;3.278504023;0.689978822;0.09913034;29.40927037;-25.68755;-22.30979109
Model_iteration_5;['YX_N', 'pH_UL'];[10.0, 5.5];[15.0, 21.0];;;;;;;;12.30680283;;;;20.84145441;;;;;;;;;;1157.741879;;;;1627.84449;;;0.576545559;0.587717481;90.75694136;1.214804265;0.455181764;20.49424566;0.030568422;0.240980102;2.719332238;0.308940785;0.386175981;3.279053614;0.690024098;0.099136845;29.31239322;-25.68230065;-22.30454174
Model_iteration_38;['YX_N', 'pH_UL'];[10.0, 5.5];[15.0, 21.0];;;;;;;;11.83192675;;;;20.5053278;;;;;;;;;;1204.604893;;;;1060.153786;;;0.576545218;0.587717133;90.75688702;1.214785834;0.455174858;20.49374475;0.033678981;0.265501575;3.027064016;0.308938214;0.386172767;3.279004405;0.690051829;0.099140829;29.38917505;-25.67908563;-22.30132673
Model_iteration_42;['YX_N', 'pH_UL'];[10.0, 5.5];[15.0, 21.0];;;;;;;;11.43554058;;;;19.48771798;;;;;;;;;;1466.90679;;;;2184.673161;;;0.576543997;0.587715889;90.75669453;1.214720993;0.455150562;20.49198467;0.036621522;0.288698516;3.303310037;0.308928637;0.386160796;3.278826465;0.690059438;0.099141922;29.45770392;-25.6782035;-22.30044459
Model_iteration_14;['YX_N', 'pH_UL'];[10.0, 5.5];[15.0, 21.0];;;;;;;;11.54540606;;;;20.83267784;;;;;;;;;;1232.656973;;;;13.61533046;;;0.576545533;0.587717454;90.75693648;1.214803743;0.455181569;20.49423179;0.035776096;0.282033762;3.225093768;0.308940778;0.386175973;3.27905346;0.690086447;0.099145803;29.43882888;-25.67507228;-22.29731337
Model_iteration_47;['YX_N', 'pH_UL'];[10.0, 5.5];[15.0, 21.0];;;;;;;;10.6858799;;;;19.73713163;;;;;;;;;;1333.31201;;;;2981.612773;;;0.576544327;0.587716224;90.75674684;1.214738258;0.455157032;20.49245329;0.043117058;0.339904785;3.882372759;0.308931144;0.38616393;3.278872914;0.6901612;0.099156543;29.60261145;-25.66640686;-22.28864795
Model_iteration_31;['YX_N', 'pH_UL'];[10.0, 5.5];[15.0, 21.0];;;;;;;;10.28641708;;;;20.30157401;;;;;;;;;;1540.807346;;;;2150.755817;;;0.576544969;0.587716879;90.75684737;1.214773885;0.455170381;20.4934212;0.047115619;0.37142665;4.246495578;0.3089364;0.3861705;3.278971894;0.690242941;0.099168286;29.69393401;-25.65693236;-22.27917345
Model_iteration_27;['YX_N', 'mu_max', 'pH_UL'];[10.0, 0.08, 5.5];[15.0, 0.16, 21.0];;;;;;;;10.95022761;;0.101043999;;9.866058151;;;;;;;;;;1295.347188;;90.79571084;;729.5003486;;;0.567929624;0.578934592;89.11005177;1.188521536;0.445333742;20.11709768;0.03968109;0.312818014;3.596214722;0.304196218;0.380245273;3.235363862;0.676246521;0.097157399;29.01468201;-25.29580751;-20.22916914
Model_iteration_40;['YX_C', 'YX_N', 'pH_UL'];[0.35, 10.0, 5.5];[0.8, 15.0, 21.0];;;;;;;0.491091112;12.21467263;;;;14.53940138;;;;;;;;;1027.93877;1164.8923;;;;58.2007282;;;0.576528607;0.5877002;90.75426441;1.184196397;0.443713132;19.6339269;0.031106674;0.245223303;2.774107662;0.308817537;0.386021921;3.276758374;0.676580047;0.097205317;29.10976434;-25.2563611;-20.18972274
Model_iteration_5;['YX_C', 'mu_max', 'pH_UL'];[0.35, 0.08, 5.5];[0.8, 0.16, 21.0];;;;;;;0.490837611;;;0.116533348;;13.20293056;;;;;;;;;1027.879248;;;18.98899129;;1329.306499;;;0.576504807;0.587675939;90.7505037;1.184355175;0.443772625;19.6392066;0.028587284;0.225362191;2.319627904;0.308684247;0.385855309;3.274280878;0.676601465;0.097208394;28.99590477;-25.25382859;-20.18719023
Model_iteration_33;['YX_N', 'mu_max', 'pH_UL'];[10.0, 0.08, 5.5];[15.0, 0.16, 21.0];;;;;;;;12.6399804;;0.143864726;;9.462496672;;;;;;;;;;1122.162246;;47.62087903;;406.767455;;;0.568465162;0.579480506;89.21370746;1.189652691;0.445757581;20.12657849;0.027824179;0.219346402;2.45590889;0.304422436;0.380528045;3.236698343;0.676733583;0.097227376;28.7582233;-25.23820876;-20.1715704
Model_iteration_43;['YX_C'];[0.35];[0.8];;;;;;;0.353318069;;;;;;;;;;;;;;294.7962626;;;;;;;;0.303242278;0.309118308;27.09937576;1.386631327;0.519564601;30.0376451;0.036072003;0.284366486;3.139828219;0.113756748;0.142195935;1.488831574;0.712205045;0.102323616;15.44142016;-25.151154;-23.46227454
Model_iteration_23;['YX_N', 'mu_max', 'pH_UL'];[10.0, 0.08, 5.5];[15.0, 0.16, 21.0];;;;;;;;10.44764872;;0.092940235;;5.753960786;;;;;;;;;;1360.716869;;57.78018201;;4573.239926;;;0.569436991;0.580471167;89.45803565;1.198725133;0.449156985;20.2699878;0.044818021;0.353313994;4.037799605;0.306028303;0.382535379;3.253024409;0.681333694;0.097888281;29.25471187;-24.69624702;-19.62960866
Model_iteration_11;['YX_N', 'mu_max', 'pH_UL'];[10.0, 0.08, 5.5];[15.0, 0.16, 21.0];;;;;;;;12.46953093;;0.137861288;;5.776173951;;;;;;;;;;1140.458266;;60.52565135;;4449.187066;;;0.570800238;0.58186083;89.71138119;1.201651837;0.450253608;20.30498022;0.029160591;0.229881744;2.587051726;0.306578373;0.383222967;3.257298991;0.682755572;0.098092564;28.96517803;-24.52946856;-19.4628302
Model_iteration_48;['YX_C', 'YX_N', 'mu_max', 'pH_UL'];[0.35, 10.0, 0.08, 5.5];[0.8, 15.0, 0.16, 21.0];;;;;;;0.416927022;13.98880528;;0.145310927;;8.468037378;;;;;;;;;398.8775896;1009.474089;;17.60840054;;160.8638086;;;0.440919451;0.449463299;52.37462777;1.247743165;0.467523824;25.36991511;0.020219279;0.159394678;1.662598955;0.204501574;0.255626967;2.480990664;0.669608595;0.096203718;20.47203313;-24.08495394;-17.32943613
Model_iteration_3;['YX_N', 'mu_max', 'pH_UL'];[10.0, 0.08, 5.5];[15.0, 0.16, 21.0];;;;;;;;14.6425016;;0.126810696;;10.31579236;;;;;;;;;;970.1038554;;238.2317709;;1886.618586;;;0.576368324;0.587536811;90.72880866;1.20902592;0.453016644;20.33780971;0.021344179;0.168262604;1.728098638;0.308090356;0.385112945;3.263278103;0.68726257;0.098740092;29.01449878;-24.00310892;-18.93647055
Model_iteration_2;['YX_N', 'mu_max', 'pH_UL'];[10.0, 0.08, 5.5];[15.0, 0.16, 21.0];;;;;;;;10.62562931;;0.123408465;;10.30424167;;;;;;;;;;1336.723587;;23.32555689;;184.2885797;;;0.576357829;0.587526113;90.72704368;1.20886451;0.452956165;20.33357953;0.043409468;0.342209945;3.907845852;0.30806621;0.385082762;3.262848246;0.687446529;0.098766522;29.55782933;-23.98169824;-18.91505988
Model_iteration_31;['YX_N', 'mu_max', 'pH_UL'];[10.0, 0.08, 5.5];[15.0, 0.16, 21.0];;;;;;;;13.26563305;;0.135056389;;10.35113974;;;;;;;;;;1070.961227;;11.65438764;;91.20284078;;;0.576386009;0.587554839;90.73169164;1.209391046;0.453153455;20.34757895;0.025461669;0.200722023;2.146828151;0.308144463;0.385180579;3.26426613;0.68746797;0.098769602;29.12259122;-23.97920316;-18.9125648
Model_iteration_8;['YX_N', 'mu_max', 'pH_UL'];[10.0, 0.08, 5.5];[15.0, 0.16, 21.0];;;;;;;;13.7213378;;0.116864536;;10.76657614;;;;;;;;;;1035.74465;;16.24966532;;119.7736612;;;0.576405152;0.587574353;90.73474138;1.209952206;0.453363719;20.36275104;0.023739953;0.187149216;1.927577602;0.308227148;0.385283935;3.26579662;0.687712658;0.098804757;29.07271666;-23.95073414;-18.88409577
Model_iteration_48;['YX_C', 'mu_max', 'pH_UL'];[0.35, 0.08, 5.5];[0.8, 0.16, 21.0];;;;;;;0.485090256;;;0.136824817;;16.9332952;;;;;;;;;1041.852163;;;21.36120074;;373.6226992;;;0.576537691;0.58770946;90.7556987;1.209747426;0.453286989;20.35309396;0.028562209;0.225164518;2.317571255;0.308882731;0.386103413;3.277971609;0.687769744;0.098812958;29.17608388;-23.94409368;-18.87745532
Model_iteration_37;['YX_N', 'mu_max', 'pH_UL'];[10.0, 0.08, 5.5];[15.0, 0.16, 21.0];;;;;;;;13.8024198;;0.083800124;;11.38627855;;;;;;;;;;1029.779267;;346.1545993;;2352.754075;;;0.576406215;0.587575436;90.73491242;1.210155881;0.453440035;20.36829308;0.023474874;0.185059521;1.900152905;0.308257155;0.385321444;3.266357472;0.687803556;0.098817816;29.06742897;-23.94016091;-18.87352255
Model_iteration_38;['YX_N', 'mu_max', 'pH_UL'];[10.0, 0.08, 5.5];[15.0, 0.16, 21.0];;;;;;;;14.61811305;;0.085341952;;11.48064158;;;;;;;;;;972.5648997;;35.54240873;;237.1170175;;;0.576415784;0.587585191;90.73642631;1.210402147;0.45353231;20.3749553;0.021406967;0.168757583;1.729847701;0.308293436;0.385366795;3.267029446;0.687901085;0.098831828;29.02706469;-23.92881781;-18.86217944
Model_iteration_12;['YX_N', 'mu_max', 'pH_UL'];[10.0, 0.08, 5.5];[15.0, 0.16, 21.0];;;;;;;;10.55313117;;0.12174824;;11.14260901;;;;;;;;;;1347.417797;;359.6825568;;2470.132279;;;0.576438486;0.587608333;90.74001794;1.210875804;0.453709787;20.38774678;0.044211755;0.34853461;3.977158021;0.308363286;0.385454108;3.268320714;0.688393808;0.098902619;29.59331086;-23.87153682;-18.80489845
Model_iteration_49;['YX_N', 'mu_max', 'pH_UL'];[10.0, 0.08, 5.5];[15.0, 0.16, 21.0];;;;;;;;13.70502249;;0.080374974;;12.36358956;;;;;;;;;;1037.953432;;6.380312959;;36.95962661;;;0.576455472;0.587625648;90.74270536;1.211569661;0.453969773;20.40656646;0.023832523;0.187878973;1.936946159;0.308465401;0.385581751;3.270219585;0.688462208;0.098912446;29.08910939;-23.86358818;-18.79694982
Model_iteration_48;['YX_N', 'mu_max', 'pH_UL'];[10.0, 0.08, 5.5];[15.0, 0.16, 21.0];;;;;;;;10.59738052;;0.148312748;;11.13081146;;;;;;;;;;1342.22547;;640.7942293;;4798.566201;;;0.57645875;0.587628989;90.74322147;1.211404343;0.453907829;20.40204989;0.04380589;0.345335052;3.942104798;0.308441102;0.385551378;3.26976279;0.688632711;0.098936942;29.58928474;-23.84377805;-18.77713969
Model_iteration_8;['YX_C', 'pH_UL'];[0.35, 5.5];[0.8, 21.0];;;;;;;0.474829579;;;;;11.09886806;;;;;;;;;1060.850359;;;;;11663.16282;;;0.576458765;0.587629005;90.74322499;1.251687979;0.469001928;21.5203487;0.028618314;0.225606811;2.32216896;0.308438333;0.385547916;3.269711352;0.706218932;0.101463582;29.4638635;-23.82639903;-20.44864012
Model_iteration_7;['YX_N', 'mu_max', 'pH_UL'];[10.0, 0.08, 5.5];[15.0, 0.16, 21.0];;;;;;;;11.06858888;;0.082816823;;13.29408677;;;;;;;;;;1285.206655;;19.0908691;;76.17838445;;;0.576486118;0.587656888;90.74755086;1.21253282;0.454330664;20.43265674;0.039544675;0.311742612;3.568108614;0.308607081;0.385758851;3.272849494;0.689088927;0.099002487;29.50529143;-23.79079601;-18.72415765
Model_iteration_26;['YX_N', 'mu_max', 'pH_UL'];[10.0, 0.08, 5.5];[15.0, 0.16, 21.0];;;;;;;;12.23968304;;0.103093291;;13.21002893;;;;;;;;;;1160.198209;;1.786805757;;8.790431727;;;0.576498133;0.587669136;90.74944958;1.212862916;0.454454349;20.44159074;0.030910888;0.243679864;2.754316048;0.308655673;0.385819591;3.273750222;0.689131765;0.099008642;29.30477665;-23.78582284;-18.71918448
Model_iteration_34;['YX_N', 'mu_max', 'pH_UL'];[10.0, 0.08, 5.5];[15.0, 0.16, 21.0];;;;;;;;10.03078781;;0.115349513;;12.34907112;;;;;;;;;;1417.6838;;79.2578061;;449.5216408;;;0.57648499;0.587655738;90.74737117;1.212364851;0.454267727;20.42808744;0.049759092;0.392265945;4.538760928;0.308582464;0.38572808;3.27239026;0.689177513;0.099015215;29.74665245;-23.78051217;-18.71387381
Model_iteration_45;['YX_N', 'mu_max', 'pH_UL'];[10.0, 0.08, 5.5];[15.0, 0.16, 21.0];;;;;;;;10.80751454;;0.139536827;;12.38482119;;;;;;;;;;1316.783055;;41.71473806;;966.0774516;;;0.576498003;0.587669003;90.74942901;1.21275228;0.454412894;20.43857763;0.04188286;0.330175228;3.77477568;0.308639449;0.385799312;3.273447152;0.68922611;0.099022197;29.55905737;-23.77487124;-18.70823287
Model_iteration_50;['YX_N', 'mu_max', 'pH_UL'];[10.0, 0.08, 5.5];[15.0, 0.16, 21.0];;;;;;;;12.52987064;;0.114513634;;13.4172322;;;;;;;;;;1135.31094;;12.13090094;;56.44846901;;;0.576507174;0.587678352;90.7508786;1.213159847;0.454565608;20.4496358;0.029203395;0.230219183;2.576947496;0.308699368;0.38587421;3.274562269;0.689250585;0.099025713;29.26300604;-23.77203048;-18.70539211
Model_iteration_44;['YX_N', 'mu_max', 'pH_UL'];[10.0, 0.08, 5.5];[15.0, 0.16, 21.0];;;;;;;;14.95636871;;0.15376013;;13.01107399;;;;;;;;;;949.4716817;;8.627516118;;739.8493168;;;0.576514218;0.587685532;90.75199167;1.213340491;0.454633295;20.4545224;0.020903051;0.164785059;1.714430449;0.308725872;0.38590734;3.275052302;0.689259094;0.099026936;29.04899921;-23.77104287;-18.7044045
Model_iteration_29;['YX_N', 'mu_max', 'pH_UL'];[10.0, 0.08, 5.5];[15.0, 0.16, 21.0];;;;;;;;12.72401106;;0.101137349;;13.94892082;;;;;;;;;;1117.946666;;8.762923301;;54.08161411;;;0.576509064;0.587680279;90.75117693;1.213270243;0.454606973;20.45263301;0.028147594;0.22189598;2.462493231;0.30871557;0.385894462;3.274863285;0.689290391;0.099031432;29.23529161;-23.76741034;-18.70077198
Model_iteration_4;['YX_N', 'mu_max', 'pH_UL'];[10.0, 0.08, 5.5];[15.0, 0.16, 21.0];;;;;;;;11.66935222;;0.156750111;;13.57396158;;;;;;;;;;1216.182011;;8.012094707;;1393.130749;;;0.576521719;0.587693179;90.75317661;1.213650387;0.454749411;20.46292744;0.034801463;0.274350443;3.133855584;0.308771482;0.385964353;3.27590083;0.689542516;0.099067655;29.40646512;-23.73815377;-18.67151541
Model_iteration_17;['YX_N', 'mu_max', 'pH_UL'];[10.0, 0.08, 5.5];[15.0, 0.16, 21.0];;;;;;;;14.72484887;;0.11340013;;15.57155571;;;;;;;;;;965.8569728;;5.112072639;;100.0325689;;;0.576527783;0.58769936;90.7541344;1.213993092;0.454877821;20.47223276;0.021263537;0.167626881;1.725911281;0.308821811;0.386027264;3.276838431;0.689562644;0.099070547;29.05727922;-23.7358185;-18.66918014
Model_iteration_39;['YX_N', 'mu_max', 'pH_UL'];[10.0, 0.08, 5.5];[15.0, 0.16, 21.0];;;;;;;;14.76585978;;0.156185826;;14.99774391;;;;;;;;;;963.3337447;;6.411179299;;309.9480125;;;0.576532397;0.587704063;90.75486292;1.214128619;0.454928603;20.47590299;0.021196299;0.167096821;1.723945396;0.30884174;0.386052175;3.277208346;0.689624973;0.099079502;29.05797991;-23.72858776;-18.66194939
Model_iteration_10;['YX_N', 'mu_max', 'pH_UL'];[10.0, 0.08, 5.5];[15.0, 0.16, 21.0];;;;;;;;12.01992034;;0.096317895;;15.83364326;;;;;;;;;;1173.884459;;2.311820101;;10.23489361;;;0.576524684;0.587696202;90.75364489;1.213904006;0.454844441;20.46982037;0.032360384;0.255106676;2.89903324;0.308808729;0.386010911;3.276596014;0.689629189;0.099080108;29.34977363;-23.72809865;-18.66146029
Model_iteration_46;['YX_N', 'mu_max', 'pH_UL'];[10.0, 0.08, 5.5];[15.0, 0.16, 21.0];;;;;;;;13.71481092;;0.121439167;;16.17239896;;;;;;;;;;1036.491458;;0.590293726;;2.226424381;;;0.576532519;0.587704188;90.75488241;1.214189309;0.454951343;20.47755505;0.023858665;0.18808506;1.939562859;0.308850648;0.38606331;3.277374714;0.689674449;0.09908661;29.11234376;-23.72284847;-18.65621011
Model_iteration_16;['YX_N', 'mu_max', 'pH_UL'];[10.0, 0.08, 5.5];[15.0, 0.16, 21.0];;;;;;;;10.82345434;;0.131245993;;14.54805198;;;;;;;;;;1311.699436;;6.661915103;;260.6619452;;;0.57652491;0.587696431;90.75368093;1.213834298;0.454818322;20.46792097;0.041787282;0.329421761;3.766384247;0.308798418;0.385998022;3.276402165;0.689724096;0.099093743;29.56609708;-23.71708976;-18.6504514
Model_iteration_30;['YX_N', 'mu_max', 'pH_UL'];[10.0, 0.08, 5.5];[15.0, 0.16, 21.0];;;;;;;;11.69136652;;0.11192956;;16.08780079;;;;;;;;;;1214.268215;;3.468701154;;23.19778715;;;0.576530163;0.587701786;90.7545107;1.214103734;0.454919279;20.47523583;0.034658652;0.273224619;3.120364436;0.308838015;0.386047518;3.277139636;0.68974942;0.099097381;29.40681265;-23.71415258;-18.64751422
Model_iteration_18;['YX_N', 'mu_max', 'pH_UL'];[10.0, 0.08, 5.5];[15.0, 0.16, 21.0];;;;;;;;13.41956726;;0.113522337;;17.79187682;;;;;;;;;;1061.074653;;12.26965869;;310.6779719;;;0.576536837;0.587708589;90.75556458;1.214405415;0.455032317;20.48342237;0.024961965;0.196782704;2.082075121;0.308882197;0.386102746;3.277962373;0.689783761;0.099102315;29.14975611;-23.71016963;-18.64353126
Model_iteration_36;['YX_N', 'mu_max', 'pH_UL'];[10.0, 0.08, 5.5];[15.0, 0.16, 21.0];;;;;;;;12.90398815;;0.106728347;;18.33806225;;;;;;;;;;1101.27879;;4.834544384;;8.588192701;;;0.576537156;0.587708915;90.75561617;1.214434016;0.455043033;20.48419627;0.027264661;0.214935551;2.36313212;0.308886479;0.386108099;3.27804189;0.689818688;0.099107333;29.22024661;-23.70611895;-18.63948059
Model_iteration_47;['YX_N', 'mu_max', 'pH_UL'];[10.0, 0.08, 5.5];[15.0, 0.16, 21.0];;;;;;;;11.99686196;;0.123461871;;16.94664664;;;;;;;;;;1186.274233;;7.537728786;;1202.637434;;;0.57653579;0.587707522;90.75539944;1.21433996;0.455007791;20.48164364;0.032530703;0.256449355;2.915739014;0.30887271;0.386090888;3.277785778;0.689832526;0.099109321;29.35764197;-23.7045142;-18.63787584
Model_iteration_40;['YX_N', 'mu_max', 'pH_UL'];[10.0, 0.08, 5.5];[15.0, 0.16, 21.0];;;;;;;;11.19683375;;0.156341928;;15.31532258;;;;;;;;;;1422.86168;;7.673519366;;773.2202928;;;0.576533963;0.58770566;90.7551103;1.214205392;0.454957369;20.47798672;0.038531458;0.303755117;3.477204763;0.308853007;0.386066259;3.277417731;0.68984799;0.099111543;29.49692988;-23.70272081;-18.63608245
Model_iteration_9;['YX_N', 'mu_max', 'pH_UL'];[10.0, 0.08, 5.5];[15.0, 0.16, 21.0];;;;;;;;13.75734608;;0.149609685;;18.2859839;;;;;;;;;;1033.382901;;3.956717802;;1770.11619;;;0.576542105;0.58771396;90.75639586;1.214620373;0.455112861;20.48925305;0.023723183;0.18701701;1.92583297;0.308913802;0.386142252;3.278551095;0.689872085;0.099115005;29.11250824;-23.69992657;-18.63328821
Model_iteration_20;['YX_N', 'mu_max', 'pH_UL'];[10.0, 0.08, 5.5];[15.0, 0.16, 21.0];;;;;;;;12.11475348;;0.088817371;;20.29726109;;;;;;;;;;1173.554227;;5.454558803;;285.6467224;;;0.576538353;0.587710134;90.75580451;1.214520435;0.455075414;20.48654666;0.031762486;0.250393267;2.839862577;0.308899203;0.386124004;3.2782791;0.689906503;0.09911995;29.34012321;-23.69593548;-18.62929712
Model_iteration_19;['YX_N', 'mu_max', 'pH_UL'];[10.0, 0.08, 5.5];[15.0, 0.16, 21.0];;;;;;;;12.56750419;;0.123183537;;19.5774978;;;;;;;;;;1146.96531;;7.540595051;;788.0923852;;;0.57654182;0.58771367;90.75635107;1.214636235;0.455118804;20.4896864;0.029041873;0.228945849;2.559647052;0.308916197;0.386145246;3.278595483;0.689930124;0.099123343;29.27107;-23.69319655;-18.62655819
Model_iteration_13;['YX_N', 'mu_max', 'pH_UL'];[10.0, 0.08, 5.5];[15.0, 0.16, 21.0];;;;;;;;14.31775589;;0.141481399;;20.81157615;;;;;;;;;;1700.553192;;1.760858441;;366.0928677;;;0.576544987;0.587716897;90.7568506;1.214780159;0.455172732;20.49359148;0.022110198;0.174301368;1.777471082;0.308937327;0.386171659;3.27898838;0.689932259;0.09912365;29.07672539;-23.69294892;-18.62631056
Model_iteration_5;['YX_N', 'mu_max', 'pH_UL'];[10.0, 0.08, 5.5];[15.0, 0.16, 21.0];;;;;;;;11.8223321;;0.121069154;;18.75673094;;;;;;;;;;1203.666647;;7.101721148;;2446.923111;;;0.576540165;0.587711982;90.75608949;1.214554267;0.455088091;20.48746008;0.033737295;0.265961279;3.032664216;0.308904229;0.386130286;3.278371869;0.689945769;0.099125591;29.38864641;-23.69138242;-18.62474406
Model_iteration_14;['YX_N', 'mu_max', 'pH_UL'];[10.0, 0.08, 5.5];[15.0, 0.16, 21.0];;;;;;;;12.45465329;;0.155300294;;18.91062626;;;;;;;;;;1235.392695;;16.06164506;;2264.403839;;;0.576543556;0.587715439;90.75662487;1.214692898;0.455140036;20.49122201;0.029685989;0.234023614;2.627892359;0.30892453;0.386155663;3.278750218;0.689963211;0.099128097;29.28862236;-23.68935999;-18.62272163
Model_iteration_1;['YX_N', 'mu_max', 'pH_UL'];[10.0, 0.08, 5.5];[15.0, 0.16, 21.0];;;;;;;;10.82623496;;0.138721688;;17.62590579;;;;;;;;;;1315.092064;;8.016452097;;453.049495;;;0.576539644;0.587711451;90.7560068;1.214508099;0.455070792;20.48620615;0.041793528;0.329470997;3.766921332;0.308897424;0.386121781;3.278244768;0.690034818;0.099138385;29.57184476;-23.68105772;-18.61441936
Model_iteration_24;['YX_N', 'mu_max', 'pH_UL'];[10.0, 0.08, 5.5];[15.0, 0.16, 21.0];;;;;;;;11.02975349;;0.157825585;;17.58382532;;;;;;;;;;1291.512216;;20.42655482;;282.5253958;;;0.576541404;0.587713245;90.75628641;1.214575362;0.455095995;20.48802895;0.039974392;0.315130199;3.606354241;0.30890726;0.386134075;3.278428304;0.690038939;0.099138977;29.53227448;-23.68058002;-18.61394166
Model_iteration_42;['YX_N', 'mu_max', 'pH_UL'];[10.0, 0.08, 5.5];[15.0, 0.16, 21.0];;;;;;;;10.87729674;;0.131672735;;20.84573208;;;;;;;;;;1307.348891;;4.110756156;;364.2284351;;;0.576544271;0.587716167;90.75673803;1.21475288;0.45516251;20.49285175;0.041338908;0.325887092;3.727005997;0.30893324;0.38616655;3.278913298;0.690140657;0.099153591;29.56387727;-23.66878808;-18.60214972
Model_iteration_25;['YX_N', 'mu_max', 'pH_UL'];[10.0, 0.08, 5.5];[15.0, 0.16, 21.0];;;;;;;;11.21278742;;0.135997025;;5.613115539;;;;;;;;;;1270.81535;;0.697102072;;116.3266808;;;0.576430047;0.58759973;90.73868343;1.214966381;0.455242508;20.49822876;0.038431692;0.302968631;3.468199869;0.308964228;0.386205285;3.279467937;0.690172224;0.099158126;29.496145;-23.66512904;-18.59849068
Model_iteration_47;['YX_C', 'YX_N', 'mu_max', 'pH_UL'];[0.35, 10.0, 0.08, 5.5];[0.8, 15.0, 0.16, 21.0];;;;;;;0.491097348;10.23304371;;0.157230163;;11.77853514;;;;;;;;;1027.598645;1390.315851;;45.39412724;;275.11534;;;0.576489292;0.587660123;90.74805142;1.182645407;0.443131983;19.59133607;0.047557474;0.374909925;4.295671343;0.308587259;0.385734073;3.272476738;0.676106107;0.097137225;29.47688389;-23.3124202;-16.55690238
Model_iteration_27;['YX_C', 'Xmax', 'pH_UL'];[0.35, 1.15, 5.5];[0.8, 1.2, 21.0];;;;;;;0.365066444;;1.18663428;;;17.60837399;;;;;;;;;1089.796491;;241180.7071;;;815.9895777;;;0.387259412;0.394763471;58.70925137;1.312600059;0.491825414;23.23253605;0.037962571;0.299270411;3.245154191;0.246038951;0.307548689;2.099636031;0.69549714;0.099923165;21.82164441;-23.05027035;-17.98363198
Model_iteration_50;['YX_C', 'pH_UL'];[0.35, 5.5];[0.8, 21.0];;;;;;;0.470852171;;;;;17.90867956;;;;;;;;;1073.303209;;;;;5442.775165;;;0.576541497;0.58771334;90.75630089;1.273211168;0.477066571;22.10831803;0.028558935;0.225138703;2.317302484;0.30890854;0.386135674;3.278451269;0.715839869;0.102845837;29.61509317;-22.74390266;-19.36614375
Model_iteration_49;['YX_C', 'YX_N', 'mu_max', 'pH_UL'];[0.35, 10.0, 0.08, 5.5];[0.8, 15.0, 0.16, 21.0];;;;;;;0.472280539;11.84772126;;0.15915681;;9.24566714;;;;;;;;;978.8039666;1196.815479;;12.52799468;;110.6928782;;;0.557015492;0.567808972;86.95918548;1.216203532;0.455706063;21.33608585;0.031862208;0.251179405;2.899633873;0.29933164;0.374164549;3.206013369;0.68557128;0.098497102;28.60022964;-22.20022424;-15.44470642
Model_iteration_43;['YX_C', 'mu_max', 'pH_UL'];[0.35, 0.08, 5.5];[0.8, 0.16, 21.0];;;;;;;0.47250996;;;0.084379321;;12.48846983;;;;;;;;;1067.496364;;;144.1947931;;851.2267952;;;0.576465015;0.587635376;90.74421198;1.262699916;0.473128052;21.82273421;0.028609939;0.225540784;2.321482636;0.308504257;0.385630322;3.270939892;0.711111172;0.102166458;29.53984218;-21.27412009;-16.20748173
Model_iteration_34;['YX_C', 'YX_N', 'pH_UL'];[0.35, 10.0, 5.5];[0.8, 15.0, 21.0];;;;;;;0.46600193;11.92621662;;;;14.8702564;;;;;;;;;1084.17024;1194.25168;;;;578.1643979;;;0.576530687;0.587702321;90.75459309;1.295443761;0.485397025;22.71426524;0.032997448;0.260128846;2.961283173;0.308831672;0.38603959;3.277021106;0.72578027;0.10427399;29.92679065;-19.64063744;-14.57399907
Model_iteration_28;['YX_C', 'YX_N', 'pH_UL'];[0.35, 10.0, 5.5];[0.8, 15.0, 21.0];;;;;;;0.465007129;10.29339278;;;;11.65030926;;;;;;;;;1085.292023;1382.404066;;;;1636.642488;;;0.576481781;0.587652466;90.7468641;1.298156818;0.486413596;22.78940867;0.046908568;0.369794402;4.223573732;0.30855173;0.385689662;3.271817489;0.727142859;0.104469756;30.257916;-19.49058527;-14.42394691
Model_iteration_12;['YX_C', 'YX_N', 'Xmax', 'pH_UL'];[0.35, 10.0, 1.15, 5.5];[0.8, 15.0, 1.2, 21.0];;;;;;;0.362688435;10.04034204;1.192428183;;;16.70741176;;;;;;;;;1103.487548;1124.502262;273771.9794;;;742.0562077;;;0.390790448;0.398362928;59.23975322;1.340872633;0.502419022;23.99041516;0.02861832;0.225606856;2.516351293;0.247342084;0.309177605;2.117498433;0.709340135;0.10191201;21.96600453;-19.47361032;-12.71809251
Model_iteration_5;['YX_C', 'YX_N', 'Xmax', 'pH_UL'];[0.35, 10.0, 1.15, 5.5];[0.8, 15.0, 1.2, 21.0];;;;;;;0.36268075;14.71730959;1.192634437;;;15.45391978;;;;;;;;;1103.51981;767.0840347;32068.94496;;;107.2600194;;;0.390913338;0.3984882;59.25808613;1.341143133;0.502520377;23.99778734;0.022899649;0.180524849;1.763501314;0.247362958;0.309203698;2.117788443;0.709434804;0.101925612;21.78429081;-19.46293408;-12.70741627
Model_iteration_16;['YX_C', 'YX_N', 'Xmax', 'mu_max', 'pH_UL'];[0.35, 10.0, 1.15, 0.08, 5.5];[0.8, 15.0, 1.2, 0.16, 21.0];;;;;;;0.352806596;12.96800715;1.157691194;0.145896409;;11.19635989;;;;;;;;;1087.845215;836.5333793;45179.80564;0.550713399;;3.73340875;;;0.370265521;0.377440283;56.04757363;1.317942622;0.493827249;23.38719903;0.02072977;0.163419032;1.628968663;0.239262761;0.299078452;2.003403967;0.694936275;0.099842585;20.76678632;-19.1148103;-10.67041303
Model_iteration_2;['YX_C', 'YX_N', 'pH_UL'];[0.35, 10.0, 5.5];[0.8, 15.0, 21.0];;;;;;;0.46235851;12.00488952;;;;11.04848023;;;;;;;;;1089.020098;1184.783098;;;;13555.89442;;;0.576455552;0.587625729;90.74271593;1.309998456;0.490850605;23.1105957;0.032361046;0.255111892;2.899180571;0.308425416;0.38553177;3.269472051;0.732217596;0.105198851;30.00549106;-18.93420373;-13.86756536
Model_iteration_23;['YX_C', 'pH_UL'];[0.35, 5.5];[0.8, 21.0];;;;;;;0.454362463;;;;;14.40794846;;;;;;;;;1111.820666;;;;;265.3774453;;;0.576527755;0.587699331;90.75412969;1.352657815;0.506834877;24.25356278;0.028571225;0.225235591;2.318311261;0.308811474;0.386014342;3.276645056;0.751373452;0.107951003;30.1506622;-18.86819824;-15.49043933
Model_iteration_48;['YX_C', 'YX_N', 'pH_UL'];[0.35, 10.0, 5.5];[0.8, 15.0, 21.0];;;;;;;0.460177201;13.64159831;;;;20.4534145;;;;;;;;;1099.270016;1048.390265;;;;2984.923783;;;0.576545164;0.587717078;90.75687909;1.324455239;0.496267497;23.49744453;0.02413014;0.19022518;1.968858243;0.308937716;0.386172146;3.278995737;0.738683082;0.106127758;29.8755444;-18.23090377;-13.1642654
Model_iteration_23;['YX_C', 'mu_max', 'pH_UL'];[0.35, 0.08, 5.5];[0.8, 0.16, 21.0];;;;;;;0.453850092;;;0.150204871;;16.28101804;;;;;;;;;1112.360658;;;8.649967278;;513.8455457;;;0.57653717;0.587708929;90.75561681;1.355767318;0.507999994;24.33615567;0.02856298;0.225170591;2.317634561;0.308876517;0.386095647;3.277856343;0.752781621;0.108153317;30.17181584;-16.71840841;-11.65177005
Model_iteration_13;['YX_C', 'YX_N', 'mu_max', 'pH_UL'];[0.35, 10.0, 0.08, 5.5];[0.8, 15.0, 0.16, 21.0];;;;;;;0.461406748;12.02563186;;0.080669838;;18.65299553;;;;;;;;;1092.294886;1180.785087;;3.194935397;;7.010216178;;;0.576532536;0.587704205;90.75488524;1.317869747;0.493799943;23.32054292;0.032336811;0.25492084;2.896703777;0.308863985;0.386079981;3.277623756;0.735801105;0.105713699;30.06243892;-16.54363475;-9.788116936
Model_iteration_41;['YX_C', 'YX_N', 'mu_max', 'pH_UL'];[0.35, 10.0, 0.08, 5.5];[0.8, 15.0, 0.16, 21.0];;;;;;;0.459291944;13.96258308;;0.137392955;;10.54086339;;;;;;;;;1089.379632;1017.8559;;193.6273138;;1474.92217;;;0.576408635;0.587577904;90.73529284;1.323570914;0.495936145;23.47762108;0.022973026;0.181103299;1.845587688;0.308229917;0.385287397;3.265846218;0.738176862;0.106055028;29.83108696;-16.28574658;-9.530228768
Model_iteration_18;['YX_C', 'YX_N', 'mu_max', 'pH_UL'];[0.35, 10.0, 0.08, 5.5];[0.8, 15.0, 0.16, 21.0];;;;;;;0.454339712;11.4759168;;0.133255764;;17.88681067;;;;;;;;;1109.194038;1236.816913;;4.07872722;;2004.510965;;;0.576539658;0.587711465;90.75600869;1.35343336;0.507125471;24.27380479;0.036297915;0.286147423;3.273474356;0.308898533;0.386123166;3.278265949;0.751817079;0.108014739;30.39538845;-14.82097846;-8.065460643
Model_iteration_49;['YX_C', 'pH_UL'];[0.35, 5.5];[0.8, 21.0];;;;;;;0.432894222;;;;;17.83124496;;;;;;;;;1167.412741;;;;;1376.915801;;;0.576541255;0.587713093;90.75626162;1.469931787;0.550776914;27.33733994;0.02855909;0.225139929;2.317315179;0.308907267;0.386134083;3.278428993;0.804571096;0.115593992;30.92233643;-13.39567544;-10.01791654
Model_iteration_47;['YX_C', 'pH_UL'];[0.35, 5.5];[0.8, 21.0];;;;;;;0.406000529;;;;;9.157789079;;;;;;;;;1000.088011;;;;;1672719.089;;;0.527999545;0.538230774;80.87976776;1.51817348;0.568852862;30.27564415;0.028509742;0.2247509;2.214972707;0.284905891;0.356132364;3.118604673;0.816336084;0.117284286;29.12224732;-12.23433132;-8.856572408
Model_iteration_27;['YX_C', 'pH_UL'];[0.35, 5.5];[0.8, 21.0];;;;;;;0.427082165;;;;;11.66346864;;;;;;;;;1181.609842;;;;;964.352163;;;0.576482581;0.587653283;90.74699058;1.501121181;0.562463441;28.14627645;0.028603681;0.225491453;2.320971378;0.30855438;0.385692975;3.271866253;0.818798043;0.117638;31.12152617;-11.99342521;-8.615666305
Model_iteration_35;['YX_C', 'mu_max', 'pH_UL'];[0.35, 0.08, 5.5];[0.8, 0.16, 21.0];;;;;;;0.431844634;;;0.140157416;;9.678760937;;;;;;;;;1147.789709;;;303.900801;;2956.655938;;;0.575050763;0.586193719;90.4801333;1.464280778;0.548659506;27.24355504;0.028687196;0.226149823;2.325871578;0.307293889;0.384117361;3.254996757;0.801569408;0.115162735;30.82613917;-11.69469703;-6.628058664
Model_iteration_14;['YX_C', 'mu_max', 'pH_UL'];[0.35, 0.08, 5.5];[0.8, 0.16, 21.0];;;;;;;0.432173232;;;0.112530659;;12.57746327;;;;;;;;;1167.536265;;;19.25155041;;156.3811075;;;0.576489728;0.587660568;90.74812145;1.471646997;0.551419596;27.38340039;0.028597078;0.225439396;2.320430271;0.308606619;0.385758274;3.2728384;0.805316883;0.11570114;30.93119763;-11.32155483;-6.254916471
Model_iteration_13;['YX_C', 'mu_max', 'pH_UL'];[0.35, 0.08, 5.5];[0.8, 0.16, 21.0];;;;;;;0.427947281;;;0.141779299;;13.06172518;;;;;;;;;1177.009511;;;20.40872355;;82.68407269;;;0.576511583;0.587682847;90.75157493;1.497297943;0.561030891;28.0467664;0.028583551;0.225332763;2.319322161;0.308713857;0.385892321;3.274829186;0.817066093;0.117389168;31.09812317;-10.16282324;-5.096184876
Model_iteration_10;['YX_C', 'YX_N', 'mu_max', 'pH_UL'];[0.35, 10.0, 0.08, 5.5];[0.8, 15.0, 0.16, 21.0];;;;;;;0.357165717;11.45075457;;0.136702176;;6.177410264;;;;;;;;;646.7535399;1084.125098;;1117.584789;;46950.55161;;;0.385671163;0.393144446;54.45609698;1.54405872;0.578551946;34.01189289;0.02605863;0.20542805;2.1505245;0.207094117;0.258867646;2.478058718;0.802562552;0.115305421;23.27414327;-9.595638432;-2.840120615
Model_iteration_9;['YX_C', 'YX_N', 'mu_max', 'pH_UL'];[0.35, 10.0, 0.08, 5.5];[0.8, 15.0, 0.16, 21.0];;;;;;;0.43297909;12.55748483;;0.08366957;;20.04441548;;;;;;;;;1165.236958;1132.640963;;6.102853166;;2143.658397;;;0.576536785;0.587708536;90.75555681;1.469305991;0.550542431;27.32118431;0.029092043;0.229341356;2.565019628;0.308890568;0.38611321;3.278119139;0.804287649;0.115553269;30.97996997;-9.423864098;-2.668346282
Model_iteration_24;['YX_C', 'pH_UL'];[0.35, 5.5];[0.8, 21.0];;;;;;;0.417091299;;;;;20.83866557;;;;;;;;;1211.821412;;;;;2183.264523;;;0.576545559;0.587717481;90.75694146;1.565747177;0.586678515;29.80223944;0.028554841;0.225106429;2.316966228;0.308940779;0.386175973;3.279053484;0.84856184;0.121914211;31.53880015;-9.136985216;-5.759226308
Model_iteration_29;['YX_C', 'YX_N', 'pH_UL'];[0.35, 10.0, 5.5];[0.8, 15.0, 21.0];;;;;;;0.424108468;14.19682183;;;;16.46694013;;;;;;;;;1191.487992;1003.41038;;;;1481.326654;;;0.576537679;0.587709448;90.75569741;1.521737276;0.570188201;28.67552963;0.022405712;0.176630993;1.799309026;0.308880799;0.386100998;3.277935748;0.828249569;0.118995915;31.12711796;-9.075260627;-4.008622265
Model_iteration_35;['YX_C', 'pH_UL'];[0.35, 5.5];[0.8, 21.0];;;;;;;0.415914787;;;;;10.75041791;;;;;;;;;1207.813277;;;;;23799.60493;;;0.576437273;0.587607096;90.7398253;1.568066615;0.587547598;29.86445002;0.028630291;0.225701223;2.323148285;0.308343232;0.38542904;3.267946688;0.849559898;0.122057604;31.54884257;-9.04294647;-5.665187562
Model_iteration_31;['YX_C', 'YX_N', 'mu_max', 'pH_UL'];[0.35, 10.0, 0.08, 5.5];[0.8, 15.0, 0.16, 21.0];;;;;;;0.371745692;10.52395201;;0.09893718;;8.568755751;;;;;;;;;395.6270926;1338.988806;;22.19055248;;201.6512775;;;0.434126272;0.442538486;48.63339476;1.544960334;0.578889777;32.42660506;0.038472368;0.303289291;3.494469637;0.195158209;0.243947761;2.343627637;0.808538018;0.116163926;21.72452427;-9.002206298;-2.246688481
Model_iteration_37;['YX_C', 'YX_N', 'pH_UL'];[0.35, 10.0, 5.5];[0.8, 15.0, 21.0];;;;;;;0.417888938;14.81308462;;;;14.58030106;;;;;;;;;1208.964641;961.4699286;;;;3485.582118;;;0.576528817;0.587700414;90.75429706;1.559669781;0.584401342;29.64768892;0.02111848;0.166483354;1.721579867;0.308819342;0.386024177;3.276791585;0.845690647;0.121501702;31.35008936;-7.40813218;-2.341493818
Model_iteration_41;['YX_C', 'mu_max', 'pH_UL'];[0.35, 0.08, 5.5];[0.8, 0.16, 21.0];;;;;;;0.417607914;;;0.10267926;;14.38921169;;;;;;;;;1209.122598;;;26.72657946;;786.0299944;;;0.576514995;0.587686325;90.75211426;1.560833112;0.584837237;29.67775672;0.028579163;0.225298171;2.318962088;0.308748497;0.385935622;3.275474976;0.846272998;0.12158537;31.50607701;-7.353062333;-2.28642397
Model_iteration_32;['YX_C', 'pH_UL'];[0.35, 5.5];[0.8, 21.0];;;;;;;0.408977663;;;;;16.91949679;;;;;;;;;1235.613289;;;;;558.3161783;;;0.576539048;0.587710843;90.75591241;1.617872756;0.606209738;31.1270694;0.028561174;0.225156354;2.317486308;0.308890409;0.386113011;3.278107978;0.872659521;0.125376363;31.86964402;-6.896784811;-3.519025903
Model_iteration_19;['YX_C', 'mu_max', 'pH_UL'];[0.35, 0.08, 5.5];[0.8, 0.16, 21.0];;;;;;;0.353276206;;;0.096415186;;8.410467372;;;;;;;;;388.7997881;;;157.1533592;;1405.755524;;;0.413190784;0.421197324;45.16821063;1.65034695;0.618377674;35.29093661;0.031609585;0.249187902;2.692141857;0.184152708;0.230190885;2.226390275;0.855757423;0.122948012;21.34441984;-6.461466237;-1.394827875
Model_iteration_19;['YX_C', 'YX_N', 'pH_UL'];[0.35, 10.0, 5.5];[0.8, 15.0, 21.0];;;;;;;0.410889126;14.00543896;;;;14.18603512;;;;;;;;;1228.181723;1016.166079;;;;67.35302536;;;0.5765259;0.587697441;90.7538366;1.604471371;0.601188299;30.78794684;0.022924433;0.180720227;1.840022734;0.308800258;0.386000323;3.276436526;0.86639968;0.124477002;31.66456067;-5.47271621;-0.406077847
Model_iteration_49;['YX_C', 'YX_N', 'pH_UL'];[0.35, 10.0, 5.5];[0.8, 15.0, 21.0];;;;;;;0.410861719;11.69861035;;;;20.97394915;;;;;;;;;1230.156261;1217.940125;;;;5645.687516;;;0.576545642;0.587717565;90.75695424;1.605894248;0.601721444;30.82335437;0.034634493;0.273034161;3.118063637;0.308941819;0.386177273;3.279071332;0.867171524;0.124587894;31.9943609;-5.401478852;-0.334840489
Model_iteration_6;['YX_C', 'YX_N', 'pH_UL'];[0.35, 10.0, 5.5];[0.8, 15.0, 21.0];;;;;;;0.408730791;13.36465564;;;;14.00305293;;;;;;;;;1236.005944;1182.565823;;;;1249.356027;;;0.576524349;0.587695859;90.7535919;1.618622512;0.606490669;31.14652951;0.025167303;0.198401448;2.108874757;0.308790331;0.385987914;3.27625193;0.872969648;0.125420919;31.82131202;-4.86835932;0.198279043
Model_iteration_12;['YX_C', 'YX_N', 'mu_max', 'pH_UL'];[0.35, 10.0, 0.08, 5.5];[0.8, 15.0, 0.16, 21.0];;;;;;;0.414905246;13.44155368;;0.151354253;;13.12978933;;;;;;;;;1216.723539;1058.708343;;23.04481842;;1078.787999;;;0.576515084;0.587686415;90.75212912;1.577863784;0.591218554;30.11209791;0.024848695;0.195889766;2.067190094;0.308732568;0.38591571;3.275176989;0.854101431;0.122710093;31.55164853;-4.616425651;2.139092165
Model_iteration_20;['YX_C', 'YX_N', 'mu_max', 'pH_UL'];[0.35, 10.0, 0.08, 5.5];[0.8, 15.0, 0.16, 21.0];;;;;;;0.408103063;12.43729646;;0.106487823;;20.07596223;;;;;;;;;1237.830332;1144.853947;;9.99441427;;2685.423637;;;0.576540662;0.587712488;90.75616809;1.62386779;0.608456051;31.27866411;0.029783776;0.234794498;2.638140715;0.308911213;0.386139016;3.278502482;0.875451162;0.125777442;31.98786885;-2.641272976;4.11424484
Model_iteration_13;['YX_C', 'pH_UL'];[0.35, 5.5];[0.8, 21.0];;;;;;;0.386939902;;;;;15.99612757;;;;;;;;;1305.883681;;;;;2690.144631;;;0.576536018;0.587707755;90.7554345;1.773703356;0.664598772;35.0322682;0.028563942;0.225178181;2.317713606;0.308869003;0.386086254;3.277715681;0.945335038;0.135817768;32.845783;-0.497270173;2.880488735
Model_iteration_3;['YX_C', 'mu_max', 'pH_UL'];[0.35, 0.08, 5.5];[0.8, 0.16, 21.0];;;;;;;0.3912905;;;0.082793747;;12.7816488;;;;;;;;;1289.561778;;;248.6557267;;2909.637031;;;0.57647264;0.587643148;90.74541946;1.738218494;0.651302752;34.15099136;0.028605152;0.225503049;2.321090858;0.308542342;0.385677927;3.271647079;0.928673902;0.133424037;32.62228719;0.080190258;5.146828621
Model_iteration_28;['YX_C', 'YX_N', 'mu_max', 'pH_UL'];[0.35, 10.0, 0.08, 5.5];[0.8, 15.0, 0.16, 21.0];;;;;;;0.394057154;10.28693418;;0.112371962;;18.13593645;;;;;;;;;1281.616108;1383.923314;;4.748856949;;13.23116107;;;0.576537428;0.587709193;90.75565775;1.721252736;0.644945758;33.72594838;0.047093188;0.37124982;4.244014999;0.308887634;0.386109542;3.278063924;0.920969018;0.132317064;33.00092126;1.413689348;8.169207165
Model_iteration_25;['YX_C', 'mu_max', 'pH_UL'];[0.35, 0.08, 5.5];[0.8, 0.16, 21.0];;;;;;;0.38590255;;;0.149918323;;15.62843706;;;;;;;;;1304.605951;;;5.909569806;;277.9945733;;;0.576534538;0.587706246;90.75520114;1.781459012;0.667504782;35.22483811;0.028565299;0.225188875;2.317824953;0.308858341;0.386072926;3.277517567;0.948972831;0.136340416;32.89384544;1.809991215;6.876629577
Model_iteration_33;['YX_C', 'YX_N', 'pH_UL'];[0.35, 10.0, 5.5];[0.8, 15.0, 21.0];;;;;;;0.385253044;10.10454456;;;;16.3000987;;;;;;;;;1311.749812;1410.481589;;;;2487.096828;;;0.576537013;0.587708769;90.75559153;1.78658021;0.669423672;35.35179418;0.049048166;0.386661496;4.460432514;0.308876819;0.386096024;3.277861316;0.951587409;0.136716056;33.46141989;2.030101425;7.096739787
Model_iteration_15;['YX_C', 'mu_max', 'pH_UL'];[0.35, 0.08, 5.5];[0.8, 0.16, 21.0];;;;;;;0.381223379;;;0.123097537;;11.67202838;;;;;;;;;1322.856854;;;8.742169806;;55.09136196;;;0.57646683;0.587637226;90.74450096;1.813956676;0.679681512;36.03167358;0.028611748;0.225555046;2.321631384;0.308490292;0.385612865;3.270677442;0.964201447;0.138528335;33.09212084;3.0835971;8.150235462
Model_iteration_36;['YX_C', 'YX_N', 'mu_max', 'pH_UL'];[0.35, 10.0, 0.08, 5.5];[0.8, 15.0, 0.16, 21.0];;;;;;;0.386926444;12.92639603;;0.11424282;;13.97341;;;;;;;;;1301.602266;1098.69739;;10.70564195;;1761.179442;;;0.576514342;0.587685659;90.75201059;1.772593435;0.664182889;35.00531243;0.027124359;0.213829507;2.347045277;0.308741258;0.385926573;3.275339952;0.944790078;0.135739473;32.84492706;3.456598733;10.21211655
Model_iteration_3;['YX_C', 'YX_N', 'pH_UL'];[0.35, 10.0, 5.5];[0.8, 15.0, 21.0];;;;;;;0.373641279;13.50405516;;;;16.65215453;;;;;;;;;1352.426921;1076.668178;;;;1095.502179;;;0.576538192;0.587709971;90.75577776;1.878395738;0.703826543;37.61873131;0.02463194;0.194181019;2.038141571;0.308885118;0.386106398;3.278015771;0.994583278;0.14289334;33.4226666;5.565484314;10.63212268
Model_iteration_46;['YX_C', 'mu_max', 'pH_UL'];[0.35, 0.08, 5.5];[0.8, 0.16, 21.0];;;;;;;0.371295197;;;0.119752932;;11.57140817;;;;;;;;;1357.371662;;;18.7996804;;120.8966486;;;0.576459726;0.587629985;90.74337585;1.893475923;0.709477021;37.99130856;0.028615599;0.225585403;2.321946296;0.308459654;0.385574567;3.270108941;1.001688961;0.143914225;33.58168491;6.135002901;11.20164126
Model_iteration_29;['YX_C', 'YX_N', 'mu_max', 'pH_UL'];[0.35, 10.0, 0.08, 5.5];[0.8, 15.0, 0.16, 21.0];;;;;;;0.375237859;13.23916705;;0.133176069;;10.01089435;;;;;;;;;1328.10629;1072.478599;;273.7486623;;2179.163329;;;0.576271925;0.587438545;90.71155939;1.856228113;0.695520432;37.08003805;0.025537127;0.201316884;2.156755504;0.307941905;0.384927382;3.26085117;0.984016324;0.141375169;33.30230103;6.710976572;13.46649439
Model_iteration_34;['YX_C', 'pH_UL'];[0.35, 5.5];[0.8, 21.0];;;;;;;0.363106435;;;;;18.86436677;;;;;;;;;1388.365885;;;;;14.05703754;;;0.576543098;0.587714971;90.75655296;1.967772275;0.737315534;39.80802203;0.028557278;0.225125643;2.317166399;0.308921697;0.386152121;3.278697116;1.036915836;0.148975325;34.04010963;6.900061189;10.2778201
Model_iteration_20;['YX_C', 'mu_max', 'pH_UL'];[0.35, 0.08, 5.5];[0.8, 0.16, 21.0];;;;;;;0.365393259;;;0.107652835;;13.75989491;;;;;;;;;1376.906444;;;10.81163152;;32.62522341;;;0.576509152;0.587680368;90.75119182;1.945844417;0.729099263;39.27324507;0.028583504;0.225332389;2.319317887;0.308714142;0.385892677;3.274836356;1.026498263;0.147478616;33.90464778;8.092261209;13.15889957
Model_iteration_45;['YX_C', 'YX_N', 'mu_max', 'pH_UL'];[0.35, 10.0, 0.08, 5.5];[0.8, 15.0, 0.16, 21.0];;;;;;;0.370892121;10.12000356;;0.094388922;;10.75565679;;;;;;;;;1345.808552;1403.641309;;6.715794506;;49.99654142;;;0.576362152;0.587530519;90.7278153;1.893233135;0.70938605;37.98735473;0.048602355;0.383147034;4.411499137;0.308099387;0.385124233;3.263452842;1.001725069;0.143919413;34.0975305;8.137886616;14.89340443
Model_iteration_32;['YX_C', 'YX_N', 'pH_UL'];[0.35, 10.0, 5.5];[0.8, 15.0, 21.0];;;;;;;0.355956345;14.03526676;;;;10.35376239;;;;;;;;;1404.749616;1012.485511;;;;33742.99801;;;0.576402369;0.587571515;90.73429951;2.02401268;0.758388564;41.18161953;0.022758654;0.179413338;1.823681541;0.308203618;0.385254523;3.265358606;1.063528848;0.152798858;34.2512398;10.92739849;15.99403685
Model_iteration_30;['YX_C', 'mu_max', 'pH_UL'];[0.35, 0.08, 5.5];[0.8, 0.16, 21.0];;;;;;;0.354052044;;;0.083235841;;12.45525288;;;;;;;;;1424.377776;;;367.397839;;2276.590278;;;0.576461748;0.587632045;90.74369762;2.044497473;0.766064125;41.67792579;0.028611288;0.225551422;2.321592953;0.308493615;0.385617019;3.270742583;1.073343489;0.154208943;34.50348974;11.6622826;16.72892096
Model_iteration_42;['YX_C', 'YX_N', 'pH_UL'];[0.35, 10.0, 5.5];[0.8, 15.0, 21.0];;;;;;;0.350142713;11.38149239;;;;19.72582293;;;;;;;;;1443.429155;1251.819436;;;;1568.820938;;;0.576544215;0.587716111;90.75672964;2.085649042;0.781483435;42.67377402;0.037049167;0.292069766;3.34256554;0.308930938;0.386163673;3.278870189;1.093062912;0.157042064;35.01298485;13.11870135;18.18533972
Original;;;;0.08;0.1;0.001;0.001;0.35;1.352;0.484;21.575;1.4462;0.15;4.6;7.4;3;7;;;;;;;;;;;;;;;0.303424712;0.309304277;27.11921024;0.598594888;0.224290847;11.80348949;0.036063668;0.284300781;3.138972153;0.11383228;0.14229035;1.490007944;0.340822818;0.048966549;10.88791996; ; 
